<?xml version="1.0" encoding="utf-8" ?>
<kml xmlns="http://www.opengis.net/kml/2.2">
<Document id="root_doc">
<Schema name="Region_Huanuco" id="Region_Huanuco">
	<SimpleField name="id" type="int"></SimpleField>
	<SimpleField name="objectid" type="float"></SimpleField>
	<SimpleField name="ccdd" type="string"></SimpleField>
	<SimpleField name="nombdep" type="string"></SimpleField>
	<SimpleField name="fuente" type="string"></SimpleField>
	<SimpleField name="fuente_1" type="string"></SimpleField>
	<SimpleField name="pob_proyec" type="float"></SimpleField>
	<SimpleField name="pobtotal" type="float"></SimpleField>
	<SimpleField name="pob_edad_t" type="float"></SimpleField>
	<SimpleField name="pob_edad_1" type="float"></SimpleField>
	<SimpleField name="pob_edad_e" type="float"></SimpleField>
	<SimpleField name="pob_edad_2" type="float"></SimpleField>
	<SimpleField name="densidad" type="float"></SimpleField>
	<SimpleField name="pobmascu" type="float"></SimpleField>
	<SimpleField name="pobfemen" type="float"></SimpleField>
	<SimpleField name="pobmascu_p" type="float"></SimpleField>
	<SimpleField name="pobfemen_p" type="float"></SimpleField>
	<SimpleField name="r_masculin" type="float"></SimpleField>
	<SimpleField name="poburbana" type="float"></SimpleField>
	<SimpleField name="pobrural" type="float"></SimpleField>
	<SimpleField name="poburbana_" type="float"></SimpleField>
	<SimpleField name="pobrural_p" type="float"></SimpleField>
	<SimpleField name="edad_prome" type="float"></SimpleField>
	<SimpleField name="edad_media" type="float"></SimpleField>
	<SimpleField name="pob_0_14" type="float"></SimpleField>
	<SimpleField name="pob_0_14_p" type="float"></SimpleField>
	<SimpleField name="pob_15_29" type="float"></SimpleField>
	<SimpleField name="pob_15_29_" type="float"></SimpleField>
	<SimpleField name="pob_30_59" type="float"></SimpleField>
	<SimpleField name="pob_30_59_" type="float"></SimpleField>
	<SimpleField name="pob_60_mas" type="float"></SimpleField>
	<SimpleField name="pob_60_m_1" type="float"></SimpleField>
	<SimpleField name="pob_analfa" type="float"></SimpleField>
	<SimpleField name="pob_anal_1" type="float"></SimpleField>
	<SimpleField name="hombres_an" type="float"></SimpleField>
	<SimpleField name="hombres__1" type="float"></SimpleField>
	<SimpleField name="mujeres_an" type="float"></SimpleField>
	<SimpleField name="mujeres__1" type="float"></SimpleField>
	<SimpleField name="mujeres_ed" type="float"></SimpleField>
	<SimpleField name="mujeres__2" type="float"></SimpleField>
	<SimpleField name="total_madr" type="float"></SimpleField>
	<SimpleField name="madres_sol" type="float"></SimpleField>
	<SimpleField name="madres_s_1" type="float"></SimpleField>
	<SimpleField name="mujeres_ad" type="float"></SimpleField>
	<SimpleField name="madres_ado" type="float"></SimpleField>
	<SimpleField name="madres_a_1" type="float"></SimpleField>
	<SimpleField name="al_menos_1" type="float"></SimpleField>
	<SimpleField name="al_menos_2" type="float"></SimpleField>
	<SimpleField name="sin_discap" type="float"></SimpleField>
	<SimpleField name="sin_disc_1" type="float"></SimpleField>
	<SimpleField name="alguna_nbi" type="float"></SimpleField>
	<SimpleField name="nbi_porc" type="float"></SimpleField>
	<SimpleField name="viv_partic" type="float"></SimpleField>
	<SimpleField name="viv_part_1" type="float"></SimpleField>
	<SimpleField name="viv_part_2" type="float"></SimpleField>
	<SimpleField name="hogares" type="float"></SimpleField>
	<SimpleField name="shape_leng" type="float"></SimpleField>
	<SimpleField name="shape_area" type="float"></SimpleField>
	<SimpleField name="ic_inf" type="float"></SimpleField>
	<SimpleField name="ic_sup" type="float"></SimpleField>
	<SimpleField name="ubic_pobmo" type="float"></SimpleField>
	<SimpleField name="total_defu" type="float"></SimpleField>
	<SimpleField name="total_de_1" type="float"></SimpleField>
	<SimpleField name="total_de_2" type="float"></SimpleField>
	<SimpleField name="nac_bajope" type="float"></SimpleField>
	<SimpleField name="nac_bajo_1" type="float"></SimpleField>
	<SimpleField name="mujeres_na" type="float"></SimpleField>
	<SimpleField name="mujeres__3" type="float"></SimpleField>
	<SimpleField name="hombres_na" type="float"></SimpleField>
	<SimpleField name="hombres__2" type="float"></SimpleField>
	<SimpleField name="total_naci" type="float"></SimpleField>
	<SimpleField name="ind_121951" type="float"></SimpleField>
	<SimpleField name="ind_122042" type="float"></SimpleField>
	<SimpleField name="ind_122047" type="float"></SimpleField>
	<SimpleField name="ind_516462" type="float"></SimpleField>
	<SimpleField name="ind_516484" type="float"></SimpleField>
	<SimpleField name="shape_le_1" type="float"></SimpleField>
	<SimpleField name="shape_ar_1" type="float"></SimpleField>
	<SimpleField name="shape_le_2" type="float"></SimpleField>
	<SimpleField name="shape_ar_2" type="float"></SimpleField>
</Schema>
<Folder><name>Region_Huanuco</name>
  <Placemark id="Region_Huanuco.1">
	<Style><LineStyle><color>ff0000ff</color></LineStyle><PolyStyle><fill>0</fill></PolyStyle></Style>
	<ExtendedData><SchemaData schemaUrl="#Region_Huanuco">
		<SimpleData name="id">1</SimpleData>
		<SimpleData name="objectid">10</SimpleData>
		<SimpleData name="ccdd">10</SimpleData>
		<SimpleData name="nombdep">HUANUCO</SimpleData>
		<SimpleData name="fuente">INEI - CPV RESULTADOS</SimpleData>
		<SimpleData name="pob_proyec">760267</SimpleData>
		<SimpleData name="pobtotal">759962</SimpleData>
		<SimpleData name="pob_edad_t">545990</SimpleData>
		<SimpleData name="pob_edad_1">71.8</SimpleData>
		<SimpleData name="pob_edad_e">452246</SimpleData>
		<SimpleData name="pob_edad_2">59.5</SimpleData>
		<SimpleData name="densidad">4404.030966</SimpleData>
		<SimpleData name="pobmascu">378771</SimpleData>
		<SimpleData name="pobfemen">381191</SimpleData>
		<SimpleData name="pobmascu_p">49.8</SimpleData>
		<SimpleData name="pobfemen_p">50.2</SimpleData>
		<SimpleData name="r_masculin">99.4</SimpleData>
		<SimpleData name="poburbana">447619</SimpleData>
		<SimpleData name="pobrural">312343</SimpleData>
		<SimpleData name="poburbana_">58.9</SimpleData>
		<SimpleData name="pobrural_p">41.1</SimpleData>
		<SimpleData name="edad_prome">30.10750644</SimpleData>
		<SimpleData name="edad_media">0</SimpleData>
		<SimpleData name="pob_0_14">229682</SimpleData>
		<SimpleData name="pob_0_14_p">30.2</SimpleData>
		<SimpleData name="pob_15_29">193722</SimpleData>
		<SimpleData name="pob_15_29_">25.5</SimpleData>
		<SimpleData name="pob_30_59">256138</SimpleData>
		<SimpleData name="pob_30_59_">25.5</SimpleData>
		<SimpleData name="pob_60_mas">80418</SimpleData>
		<SimpleData name="pob_60_m_1">10.6</SimpleData>
		<SimpleData name="pob_analfa">67633.67907</SimpleData>
		<SimpleData name="pob_anal_1">12.8</SimpleData>
		<SimpleData name="hombres_an">18572.21433</SimpleData>
		<SimpleData name="hombres__1">0</SimpleData>
		<SimpleData name="mujeres_an">49061.46474</SimpleData>
		<SimpleData name="mujeres__1">0</SimpleData>
		<SimpleData name="mujeres_ed">193632.4157</SimpleData>
		<SimpleData name="mujeres__2">50.8</SimpleData>
		<SimpleData name="total_madr">196871</SimpleData>
		<SimpleData name="madres_sol">20417</SimpleData>
		<SimpleData name="madres_s_1">10.4</SimpleData>
		<SimpleData name="mujeres_ad">59624</SimpleData>
		<SimpleData name="madres_ado">5278</SimpleData>
		<SimpleData name="madres_a_1">8.9</SimpleData>
		<SimpleData name="al_menos_1">70903</SimpleData>
		<SimpleData name="al_menos_2">9.3</SimpleData>
		<SimpleData name="sin_discap">689059</SimpleData>
		<SimpleData name="sin_disc_1">90.7</SimpleData>
		<SimpleData name="alguna_nbi">0</SimpleData>
		<SimpleData name="nbi_porc">0</SimpleData>
		<SimpleData name="viv_partic">263565</SimpleData>
		<SimpleData name="viv_part_1">189813</SimpleData>
		<SimpleData name="viv_part_2">72</SimpleData>
		<SimpleData name="hogares">203451</SimpleData>
		<SimpleData name="shape_leng">0</SimpleData>
		<SimpleData name="shape_area">0</SimpleData>
		<SimpleData name="ic_inf">0</SimpleData>
		<SimpleData name="ic_sup">0</SimpleData>
		<SimpleData name="ubic_pobmo">0</SimpleData>
		<SimpleData name="total_defu">1585</SimpleData>
		<SimpleData name="total_de_1">1787</SimpleData>
		<SimpleData name="total_de_2">3372</SimpleData>
		<SimpleData name="nac_bajope">6.7</SimpleData>
		<SimpleData name="nac_bajo_1">1024</SimpleData>
		<SimpleData name="mujeres_na">48</SimpleData>
		<SimpleData name="mujeres__3">7381</SimpleData>
		<SimpleData name="hombres_na">52</SimpleData>
		<SimpleData name="hombres__2">8008</SimpleData>
		<SimpleData name="total_naci">15389</SimpleData>
		<SimpleData name="ind_121951">5066</SimpleData>
		<SimpleData name="ind_122042">710886.99421</SimpleData>
		<SimpleData name="ind_122047">684953.76957</SimpleData>
		<SimpleData name="ind_516462">16248120.68</SimpleData>
		<SimpleData name="ind_516484">87912</SimpleData>
		<SimpleData name="shape_le_1">0</SimpleData>
		<SimpleData name="shape_ar_1">0</SimpleData>
		<SimpleData name="shape_le_2">14.5967416495578</SimpleData>
		<SimpleData name="shape_ar_2">3.08957719197524</SimpleData>
	</SchemaData></ExtendedData>
      <MultiGeometry><Polygon><outerBoundaryIs><LinearRing><coordinates>-76.004855907,-8.30516971199995 -76.00300606,-8.30532180899996 -76.001673151,-8.30503029799996 -76.000489755,-8.30532813899993 -75.9990835839999,-8.30533166999993 -75.997824313,-8.30489252799993 -75.996345993,-8.30563339599996 -75.995538767,-8.30836292999993 -75.995324915,-8.31160699599997 -75.99496081,-8.31396683899993 -75.99481632,-8.31536781599993 -75.994452211,-8.31772765899996 -75.994124986,-8.31923435199997 -75.9925683609999,-8.32073047599994 -75.9919961099999,-8.32107810099996 -75.99015036,-8.32171485099997 -75.9899746099999,-8.32165622599996 -75.988540985,-8.32200585099997 -75.98658011,-8.32224022599996 -75.986425735,-8.32229497699996 -75.9856523609999,-8.32222260199995 -75.9849628599999,-8.32215035199994 -75.9845877349999,-8.32239310199998 -75.984136986,-8.32283935099997 -75.984036735,-8.32314447599992 -75.984118735,-8.32345410099998 -75.984369235,-8.32388210099998 -75.984611735,-8.32419047599996 -75.98461911,-8.32419722599997 -75.985146486,-8.32511522599998 -75.9852069849999,-8.32752935199994 -75.9855507349999,-8.32821685199997 -75.9855566109999,-8.32959572599998 -75.98539061,-8.33045897699998 -75.98492386,-8.33166597699994 -75.9841836099999,-8.33287497599997 -75.984106712,-8.33296383999993 -75.982689485,-8.33460160099997 -75.98153711,-8.33529497599994 -75.980613235,-8.33558397699994 -75.9800644859999,-8.33601560099993 -75.9799198599999,-8.33598822599993 -75.97848436,-8.33748435099994 -75.977271485,-8.33932622599997 -75.977103485,-8.33972847699994 -75.97451761,-8.34324022599998 -75.974060486,-8.34404297599997 -75.9729687349999,-8.34669135199994 -75.972474485,-8.34939647599998 -75.9719994019999,-8.35129962999997 -75.97169536,-8.35251760099993 -75.971460985,-8.35357222599993 -75.97103111,-8.35485935099996 -75.9702128599999,-8.35606835199997 -75.969314485,-8.35712310199995 -75.9685742359999,-8.35778510199998 -75.96775386,-8.35829297599997 -75.9668183599999,-8.35930660199995 -75.9659979849999,-8.36067385099994 -75.96510161,-8.36199985099995 -75.9638124849999,-8.36375585199994 -75.9634628599999,-8.36512110099994 -75.96283786,-8.36625197699993 -75.962564485,-8.36718947599996 -75.96217386,-8.36847660199993 -75.9617807779999,-8.36963056599996 -75.96177736,-8.36964060099996 -75.961706985,-8.37019335199994 -75.9610038599999,-8.37159760099996 -75.959599611,-8.37354885199994 -75.95667186,-8.37694335099997 -75.954644485,-8.38068947599993 -75.953589861,-8.38322660099993 -75.951079917,-8.38796249199993 -75.950845735,-8.38840435199995 -75.949591735,-8.39133010199993 -75.9495996109999,-8.39156060099998 -75.948622985,-8.39472460099995 -75.948509735,-8.39552735199993 -75.9481132349999,-8.39696485199994 -75.9473652349999,-8.39857422599994 -75.9465019849999,-8.39961135099998 -75.9461601099999,-8.40030072699994 -75.94598436,-8.40087497599995 -75.946052736,-8.40380660199997 -75.946167985,-8.40391997599994 -75.9462284849999,-8.40569922699996 -75.946221904,-8.40628021399993 -75.9461816099999,-8.40983785099996 -75.945900361,-8.41265435199995 -75.94578511,-8.41305660099994 -75.945845735,-8.41633010099997 -75.946021485,-8.41765235199995 -75.946029235,-8.42035160199993 -75.94545686,-8.42196285099993 -75.944136735,-8.42374610199994 -75.9436700859999,-8.42459237599996 -75.94293161,-8.42593160199993 -75.94281836,-8.42656435199996 -75.9422988599999,-8.42765822599995 -75.94235936,-8.42863472599993 -75.942537111,-8.42897847599994 -75.943054735,-8.42966597699996 -75.943572235,-8.43018160199995 -75.94409761,-8.43052535099997 -75.947554736,-8.43137885099998 -75.947845735,-8.43160747599995 -75.950218736,-8.43275197599996 -75.95131636,-8.43378322699994 -75.95333786,-8.43647847599993 -75.954175735,-8.43749997599997 -75.9548007349999,-8.43855472699994 -75.955384736,-8.43941210099996 -75.955931735,-8.44034960099998 -75.957023486,-8.44163660199996 -75.957687485,-8.44233985199998 -75.95788286,-8.44280660099997 -75.957898131,-8.44286387299996 -75.95803911,-8.44339260099997 -75.9581953599999,-8.44460172599997 -75.9587011099999,-8.44589060099997 -75.9598729849999,-8.44717772599995 -75.960613235,-8.44799622699998 -75.961738235,-8.44886722599995 -75.962290985,-8.44971285099996 -75.962876985,-8.45025972699995 -75.96424211,-8.45092385099997 -75.9649062349999,-8.45174222699995 -75.96510161,-8.45256247699996 -75.965218735,-8.45334172699995 -75.9649062359999,-8.45431835199997 -75.96478911,-8.45568360199997 -75.965023485,-8.45673622699996 -75.9654511099999,-8.45794722699998 -75.966154236,-8.45888285099994 -75.9667792349999,-8.45939060099994 -75.967324236,-8.45962497599993 -75.967554735,-8.45992572699993 -75.967333985,-8.46022847599994 -75.966451111,-8.46075197699997 -75.96576361,-8.46105472699998 -75.9656141579999,-8.46115082599994 -75.964992235,-8.46155072599993 -75.96447261,-8.46229885199995 -75.964540985,-8.46298635099993 -75.964677735,-8.46377935199996 -75.96447261,-8.46467385099993 -75.9640937349999,-8.46581060099993 -75.963955111,-8.46677535199996 -75.96369136,-8.46902735099997 -75.963408235,-8.47063672599995 -75.96272261,-8.47316797599996 -75.9623788609999,-8.47397260199995 -75.96190236,-8.47565035099996 -75.9609882359999,-8.47683397599997 -75.9595898599999,-8.47769535199996 -75.95829886,-8.47812497599995 -75.957490235,-8.47871685099994 -75.95724928,-8.47947730499993 -75.9571152349999,-8.47990035099997 -75.95695311,-8.48124610199994 -75.95695311,-8.48183785099997 -75.95668361,-8.48269922599997 -75.9560391099999,-8.48345122699993 -75.955447235,-8.48447460099993 -75.9557148599999,-8.48528122599993 -75.956306485,-8.48592772699993 -75.9567909849999,-8.48635747599997 -75.956953111,-8.48700385199993 -75.956630861,-8.48764847599995 -75.9559843599999,-8.48829497599996 -75.9553749849999,-8.48881247699995 -75.95501561,-8.49023047699995 -75.95496286,-8.49173822699993 -75.9553926099999,-8.49329885099996 -75.95533786,-8.49485935199993 -75.9549082359999,-8.49636522599997 -75.954538628,-8.49778985699993 -75.9545312349999,-8.49781835099998 -75.9545312349999,-8.49948635099997 -75.95469336,-8.50104685199994 -75.9549082349999,-8.50201560199997 -75.95560736,-8.50276760099996 -75.956253735,-8.50341410199997 -75.957023485,-8.50394535199996 -75.95835161,-8.50454297699997 -75.961365235,-8.50443560099995 -75.963085985,-8.50459760199993 -75.9649159849999,-8.50518947699993 -75.966095735,-8.50593360199997 -75.967822235,-8.50744922699994 -75.9690586099999,-8.50895497699997 -75.970134736,-8.51067772599993 -75.970404235,-8.51143160099997 -75.97072661,-8.51240035199993 -75.970833985,-8.51331447599995 -75.9707812349999,-8.51482035099997 -75.970833985,-8.51595122699996 -75.970844066,-8.51605535999994 -75.970939485,-8.51704097599998 -75.9701894849999,-8.51837110199995 -75.9696503599999,-8.51923247699995 -75.96913086,-8.52046485099993 -75.96873436,-8.52190435199998 -75.96844536,-8.52276560199994 -75.968359235,-8.52488285099997 -75.96862886,-8.52708785099998 -75.96868161,-8.52875585099997 -75.96841411,-8.53074810199996 -75.96830661,-8.53160747699997 -75.967874985,-8.53300785099998 -75.967874986,-8.53386722699997 -75.967846615,-8.53436864699995 -75.9676738599999,-8.53742185099998 -75.967560485,-8.53805472599993 -75.966415985,-8.54069922699995 -75.965085985,-8.54271485199996 -75.964804735,-8.54351947699996 -75.964867235,-8.54466997699996 -75.965095736,-8.54547260199996 -75.965384735,-8.54604885199996 -75.9665448599999,-8.54702147699993 -75.96966786,-8.54925385099995 -75.9704198599999,-8.54994535099996 -75.97082611,-8.55051560099997 -75.970886736,-8.55195310199997 -75.970658235,-8.55247072699996 -75.970435864,-8.55266795599994 -75.9701386099999,-8.55293160099995 -75.9698553599999,-8.55408197699995 -75.9698553599999,-8.55477147699997 -75.9699179849999,-8.55609185099996 -75.970031235,-8.55655272699994 -75.97090236,-8.55798635099995 -75.970902361,-8.55913472699996 -75.97033011,-8.56057422599997 -75.96785736,-8.56414260099996 -75.96745311,-8.56500585099997 -75.96679686,-8.56722072599996 -75.966314486,-8.56878322699993 -75.96642186,-8.57023635199994 -75.966680171,-8.57098313799997 -75.966960985,-8.57179497699997 -75.9671229849999,-8.57346485199997 -75.96674611,-8.57599222699997 -75.965562485,-8.57868360099997 -75.965023485,-8.57997460199994 -75.965292985,-8.58126560199997 -75.965615235,-8.58201935199997 -75.965992236,-8.58417185199994 -75.965884735,-8.58626947699997 -75.9657773599999,-8.58901372599996 -75.965797857,-8.58929111499998 -75.965884735,-8.59046685199996 -75.9663144849999,-8.59202735099996 -75.9671229849999,-8.59342572699995 -75.968843735,-8.59487885099998 -75.9702422349999,-8.59686910099998 -75.971318361,-8.59810747599994 -75.972234235,-8.59950585099995 -75.9727187349999,-8.60122847699995 -75.972611361,-8.60391797699998 -75.972556611,-8.60542385199994 -75.9720888539999,-8.60758101999994 -75.97201961,-8.60790035199994 -75.972286986,-8.61053710199997 -75.97282611,-8.61290435099994 -75.97370111,-8.61533010199997 -75.9752734849999,-8.61762497599995 -75.975966735,-8.61906060199993 -75.976257861,-8.61946097599997 -75.97625786,-8.61963472699995 -75.9766641099999,-8.62043747599995 -75.97695111,-8.62129885199994 -75.9772422359999,-8.62175785099993 -75.9772422349999,-8.62198822599993 -75.97788286,-8.62348047599994 -75.9782323599999,-8.62520310199994 -75.9783170919999,-8.62587089899995 -75.9785312349999,-8.62755860199997 -75.9791718609999,-8.62991210099995 -75.979523485,-8.63186522699993 -75.9796972349999,-8.63226760099997 -75.979759735,-8.63600197699998 -75.97953711,-8.63755472699995 -75.97896486,-8.63968160099995 -75.978499985,-8.64089060199996 -75.9778144859999,-8.64227147599996 -75.9775136109999,-8.64347847699997 -75.977550214,-8.64417851099995 -75.977591735,-8.64497260199994 -75.977706986,-8.64549022599994 -75.978152361,-8.64723247699993 -75.97874411,-8.64852347699997 -75.97901361,-8.64970697699994 -75.979228485,-8.65142972699994 -75.979335985,-8.65288085199995 -75.9791738599999,-8.65401172699995 -75.978851611,-8.65481835199995 -75.977130861,-8.65621685199994 -75.976214985,-8.65810147699995 -75.9755156099999,-8.66073635099997 -75.97412984,-8.66249288499995 -75.97390236,-8.66278122599994 -75.972072235,-8.66428910199994 -75.9713183599999,-8.66536522699994 -75.97034961,-8.66644122699995 -75.9691093609999,-8.66907222599997 -75.9682461099999,-8.67085547699998 -75.967790986,-8.67240822699995 -75.967849611,-8.67545510199994 -75.9676288599999,-8.67706447699993 -75.9676288599999,-8.67844335199993 -75.967199453,-8.68081616199993 -75.96705661,-8.68160547699995 -75.9668281099999,-8.68229497599998 -75.966835985,-8.68263872699993 -75.96631636,-8.68482610199993 -75.96603311,-8.68793160199994 -75.965865235,-8.68844722699993 -75.965865236,-8.68942385199995 -75.965636735,-8.69022847699995 -75.965531235,-8.69200972599998 -75.965355485,-8.69298822699994 -75.965271485,-8.69307422599996 -75.965300736,-8.69361897699997 -75.965126986,-8.69413672699994 -75.965126985,-8.69448247699995 -75.964980485,-8.69474222699995 -75.965019485,-8.69528710199995 -75.9648964849999,-8.69574810199992 -75.9640957349999,-8.69735747599998 -75.96328711,-8.69850797699996 -75.9627084049999,-8.69913320699993 -75.96248636,-8.69937310199998 -75.962310485,-8.69937497699993 -75.96064061,-8.70081447599995 -75.9596016099999,-8.70122072699996 -75.9591367359999,-8.70150785099997 -75.9582128599999,-8.70174022599997 -75.9574121109999,-8.70208785099993 -75.957175735,-8.70208785199998 -75.9560234849999,-8.70260747699996 -75.9555058609999,-8.70272460099994 -75.9545819859999,-8.70330072699994 -75.953574235,-8.70430847599994 -75.952970735,-8.70531635099996 -75.949142735,-8.70920510199994 -75.947958985,-8.71073047599998 -75.9469823599999,-8.71251560199994 -75.9467538599999,-8.71320510199996 -75.946464861,-8.71355072699993 -75.9464180379999,-8.71372026599994 -75.946007202,-8.71519138399998 -75.946011137,-8.71519642499993 -75.9462521889999,-8.71550520299996 -75.946156242,-8.71668370699996 -75.946604437,-8.71785894699997 -75.9470110839999,-8.71889166899996 -75.947823662,-8.72066996499996 -75.947886018,-8.72250756099993 -75.947081682,-8.72400274199993 -75.94598902,-8.72561349899996 -75.9449523389999,-8.72653495799995 -75.944608606,-8.72756954999994 -75.9442759839999,-8.72843182499997 -75.944279305,-8.72975270099994 -75.9438785679999,-8.73107458299995 -75.9429000219999,-8.73216818299994 -75.9424974039999,-8.73274348099994 -75.942385417,-8.73412207499996 -75.941868503,-8.73515709499998 -75.940660056,-8.73665327099997 -75.940027829,-8.73774600499996 -75.940089582,-8.73935388699994 -75.939688104,-8.74038861999998 -75.938998721,-8.74171121499995 -75.939060903,-8.74349138499997 -75.939063636,-8.74458254399997 -75.938838203,-8.74676543599998 -75.938150532,-8.74877718399995 -75.937518569,-8.74998477599996 -75.937521875,-8.75130565399996 -75.937006076,-8.75280010599994 -75.9366065899999,-8.75463884999994 -75.935859304,-8.75590415499994 -75.934420008,-8.75745831999996 -75.933614553,-8.75855147599998 -75.9325206,-8.75970277299996 -75.9314855109999,-8.76131335999997 -75.931200733,-8.76286466899995 -75.931260891,-8.76384082899995 -75.930859797,-8.76504784399998 -75.930399401,-8.76562327699997 -75.930171773,-8.76694472499997 -75.929654216,-8.76775001699997 -75.928618668,-8.76918831199993 -75.9276398439999,-8.77022445499995 -75.926602288,-8.77085873099998 -75.925911673,-8.77172187399998 -75.925395238,-8.77298659899998 -75.924762914,-8.77407931699997 -75.923899669,-8.77517259999996 -75.923036418,-8.77626588099997 -75.922692592,-8.77730046099998 -75.922753869,-8.77873606199995 -75.9225247919999,-8.77948321099996 -75.921643962,-8.78081227999996 -75.9223598299999,-8.78281455299998 -75.922409237,-8.78343357899996 -75.922419406,-8.78356099599995 -75.9223072089999,-8.78488215999994 -75.922079547,-8.78620360499997 -75.9226631129999,-8.78872909599994 -75.923071216,-8.79033613399997 -75.9232468289999,-8.79131201299998 -75.9239427479999,-8.79257376499993 -75.924408311,-8.79406580099993 -75.925045793,-8.79504054499995 -75.925336311,-8.79578641899997 -75.9254540589999,-8.79670500799995 -75.925225692,-8.79773930699997 -75.925458766,-8.79860018299996 -75.926038954,-8.79974735299993 -75.926561842,-8.80106695299997 -75.9272002019999,-8.80238626699997 -75.927608632,-8.80410815599993 -75.92796019,-8.80617476099997 -75.928482092,-8.80709235099994 -75.928773059,-8.80801050899993 -75.928371351,-8.80898780799993 -75.927968925,-8.80967795799995 -75.9275669259999,-8.81054039699995 -75.9276268099999,-8.81140169599996 -75.92768698,-8.81237785399998 -75.927285409,-8.81341258099997 -75.927633398,-8.81404345099997 -75.927808181,-8.81467474699997 -75.927925229,-8.81530618599993 -75.928389698,-8.81633877499996 -75.929200731,-8.81742793499996 -75.92914443,-8.81800237199997 -75.9288590479999,-8.81932396199994 -75.929151895,-8.82098869999993 -75.92921351,-8.82253915199993 -75.92910177,-8.82403260099994 -75.928818109,-8.82604334299998 -75.9288211259999,-8.82724936099993 -75.928072113,-8.82788293999994 -75.92749746,-8.82897552599997 -75.927731283,-8.83012354299996 -75.9279090909999,-8.83196085499998 -75.9278549429999,-8.83339673299997 -75.927396334,-8.83471874999998 -75.926938009,-8.83615562699993 -75.926884145,-8.83770636299994 -75.927176431,-8.83914138299997 -75.9276440949999,-8.84143741399993 -75.9279935549999,-8.84264257299998 -75.9278828189999,-8.84453802699994 -75.927597997,-8.84608933499993 -75.9269087009999,-8.84752678399997 -75.9262193979999,-8.84896423199996 -75.9252422449999,-8.85074696899994 -75.9244940419999,-8.85172512199995 -75.923514725,-8.85264641599997 -75.92240544,-8.85321712099994 -75.921962418,-8.85534944099993 -75.922023451,-8.85667017499998 -75.921992974,-8.85689664899996 -75.9218533709999,-8.85793404899994 -75.921797774,-8.85879563199995 -75.922261148,-8.85936878699994 -75.922667783,-8.86034408999996 -75.922266302,-8.86143624499994 -75.9222684499999,-8.86229768499993 -75.922329202,-8.86350355999997 -75.92192872,-8.86499771999996 -75.921872122,-8.86545729799997 -75.9217023259999,-8.86683602999994 -75.921243808,-8.86821547499994 -75.920956948,-8.86896276799996 -75.920554597,-8.86971034599998 -75.919922265,-8.87086049799996 -75.919635687,-8.87172264999998 -75.919119125,-8.87298737599997 -75.9184875,-8.87442467399995 -75.91837358,-8.87505668199998 -75.917682347,-8.87574753799993 -75.9166442109999,-8.87626695599994 -75.916125925,-8.87684252699995 -75.915320047,-8.87787823899993 -75.9146297999999,-8.87897109699998 -75.914343203,-8.87983324599998 -75.913594066,-8.88046680999997 -75.913018307,-8.88115737599998 -75.912443399,-8.88219251899994 -75.912042153,-8.88339952699994 -75.911639344,-8.88397480899994 -75.911179638,-8.88489480999993 -75.91141318,-8.88592797699994 -75.911819683,-8.88684585999994 -75.9116482869999,-8.88759286599998 -75.9118808379999,-8.88822402599993 -75.912056354,-8.88914247399993 -75.911885099,-8.88994690999994 -75.9115410269999,-8.89092405799994 -75.910794133,-8.89247648899993 -75.910853585,-8.89316550199993 -75.911087276,-8.89425609599994 -75.9107437659999,-8.89546296199995 -75.910514899,-8.89632496899998 -75.909880797,-8.89678595699996 -75.9085528539999,-8.89690405799996 -75.907570838,-8.89679159199994 -75.906878132,-8.89690813899995 -75.9063600869999,-8.89759855699998 -75.906014864,-8.89811626699998 -75.904859879,-8.89811907499995 -75.903935609,-8.89800645899993 -75.902722733,-8.89795196999995 -75.901273486,-8.89815111799993 -75.901998282,-8.89934582099994 -75.902723964,-8.90089945599993 -75.902607465,-8.90245513199994 -75.9024921389999,-8.90448938699996 -75.9030966409999,-8.90568437699994 -75.902621843,-8.90831773299993 -75.9015416519999,-8.90939716199995 -75.900943303,-8.91071471399994 -75.900344655,-8.91191262099994 -75.900948872,-8.91298796799998 -75.902155847,-8.91454043399995 -75.90312073,-8.91549525599993 -75.902522377,-8.91681281099994 -75.901201236,-8.91777318099997 -75.899999232,-8.91825467599995 -75.899038155,-8.91885523099995 -75.89843949,-8.92005313499993 -75.898321805,-8.92113022999996 -75.897362763,-8.92256829599995 -75.8971247549999,-8.92364568299996 -75.895802407,-8.92412745799993 -75.894961627,-8.92472771299998 -75.8955649769999,-8.92544413299993 -75.8964104309999,-8.92675819599998 -75.8965339659999,-8.92807399999998 -75.896056772,-8.92975019099993 -75.8956990189999,-8.93106715799996 -75.894981172,-8.93274392999996 -75.8943830599999,-8.93418111999995 -75.89390585,-8.93585730999996 -75.8933080199999,-8.93741414499993 -75.892588696,-8.93849268799994 -75.892713391,-8.94028707399997 -75.892476819,-8.94196268299993 -75.891999593,-8.94363887199995 -75.891401746,-8.94519570499995 -75.891284039,-8.94627279999997 -75.891045713,-8.94723053899997 -75.890086582,-8.94866859299998 -75.889366939,-8.94962748899997 -75.8894910449999,-8.95118258499997 -75.889857558,-8.95345497399995 -75.8898630849999,-8.95572822899993 -75.889023099,-8.95668741399993 -75.888063648,-8.95800581999993 -75.8878258889999,-8.95920284799996 -75.8884307439999,-8.96051749999998 -75.888436267,-8.96279075499996 -75.887837799,-8.96410829499996 -75.886636789,-8.96506834299993 -75.885799095,-8.96698468299996 -75.885319497,-8.96770370699994 -75.88544302,-8.96901951399997 -75.885205829,-8.97045583099998 -75.884727675,-8.97177307999993 -75.883767306,-8.97273254499993 -75.884492509,-8.97404691299994 -75.884737241,-8.97572136699995 -75.8847413,-8.97739639699995 -75.885104924,-8.97847233699997 -75.8848683099999,-8.98014794399995 -75.885713003,-8.98110308499997 -75.888000603,-8.98157617099997 -75.890167286,-8.98181024199994 -75.8926970369999,-8.98288094199995 -75.894504178,-8.98371408399993 -75.8946271579999,-8.98479059499994 -75.8942714199999,-8.98694507299996 -75.893792698,-8.98802304299994 -75.89343754,-8.99041680999994 -75.8938020849999,-8.99185167199994 -75.8933248229999,-8.99352786399993 -75.892846678,-8.99484512099997 -75.8927292669999,-8.99604185899994 -75.892011817,-8.99765234099993 -75.892080279,-8.99967267299996 -75.891521814,-9.00095821999997 -75.89186138,-9.00201825299996 -75.891470713,-9.00302421999993 -75.8907449879999,-9.00481267999993 -75.890702359,-9.00486947399997 -75.889737354,-9.00615514499998 -75.889346267,-9.00699360799996 -75.888844083,-9.00833484999993 -75.888284234,-9.00906204999995 -75.8875567109999,-9.01012466199995 -75.886601812,-9.01007112899993 -75.8855345869999,-9.01001786499995 -75.884243662,-9.01035597599997 -75.883572559,-9.01153011499997 -75.883070349,-9.01287135099994 -75.881949796,-9.01399073199997 -75.8811658119999,-9.01494179899993 -75.88049388,-9.01578092699998 -75.879878515,-9.01678742299993 -75.8789819209999,-9.01762708799993 -75.878536255,-9.01913568799995 -75.8778099,-9.02070079399994 -75.877027644,-9.02237770099993 -75.87647004,-9.02405407099997 -75.876137902,-9.02606490999995 -75.8758057599999,-9.02807574999997 -75.875752963,-9.02947174299993 -75.8753064649999,-9.03064533399993 -75.874747095,-9.03159585699996 -75.873625386,-9.03226854399998 -75.8732339709999,-9.03299532599993 -75.87261735,-9.03349930399997 -75.871775526,-9.03378047899997 -75.870876728,-9.03372677699997 -75.870091469,-9.03417531699995 -75.869306743,-9.03484719399995 -75.868015578,-9.03512942299994 -75.866573428,-9.03569117999996 -75.866463095,-9.03652896099993 -75.8661284949999,-9.03753477699996 -75.8660186939999,-9.03859589699994 -75.8653465529999,-9.03937916899997 -75.86456194,-9.04010687199997 -75.8636081559999,-9.04055579699997 -75.863103844,-9.04105949699994 -75.863217643,-9.04167341199997 -75.863220037,-9.04267843299994 -75.863166529,-9.04379525499996 -75.862887284,-9.04446592899995 -75.8621597549999,-9.04558433699998 -75.8612645119999,-9.04703814599998 -75.860706276,-9.04849116199995 -75.8604278189999,-9.04949684199994 -75.860035962,-9.05005611099995 -75.8590821459999,-9.05050502699993 -75.8585228379999,-9.05151136499995 -75.857736334,-9.05145737299995 -75.8554898209999,-9.05157429499997 -75.85442247,-9.05152095099993 -75.853412341,-9.05191414999996 -75.852007051,-9.05147074199994 -75.8496471459999,-9.05114121199995 -75.848582418,-9.05192924999994 -75.848134494,-9.05281976599997 -75.847014759,-9.05438573699996 -75.845783325,-9.05623113799993 -75.844663308,-9.05768543299996 -75.843823094,-9.05869240099997 -75.8431504769999,-9.05930813599997 -75.8419160179999,-9.05986932799993 -75.840456092,-9.06009602299997 -75.839277927,-9.06071291199993 -75.838380484,-9.06127331999994 -75.837876496,-9.06194449499998 -75.838497229,-9.06317144499997 -75.838444684,-9.06473494699998 -75.838673128,-9.06635363999993 -75.838901575,-9.06797233299994 -75.838848384,-9.06925666099994 -75.8385702429999,-9.07042983499997 -75.839528033,-9.07165600699994 -75.8402607469999,-9.07271518999994 -75.8408253379999,-9.07394226199995 -75.8401555469999,-9.07578635799996 -75.839619236,-9.07654095199996 -75.8396168789999,-9.07654426799996 -75.8393171,-9.07757500499997 -75.838871604,-9.07925107799997 -75.838595405,-9.08126177399993 -75.838149253,-9.08265867399996 -75.837871234,-9.08388768199995 -75.837873569,-9.08489270699994 -75.836919762,-9.08539740999993 -75.836416,-9.08618025499993 -75.835517328,-9.08623814899994 -75.834945885,-9.08626415299995 -75.834225429,-9.08629693799998 -75.83321647,-9.08724843899995 -75.8326006039999,-9.08814320599993 -75.8319281729999,-9.08887059599994 -75.831198405,-9.08909559899996 -75.830862768,-9.08971054899996 -75.829739895,-9.08999227999993 -75.8285604599999,-9.09010663099997 -75.8272677749999,-9.08983038899993 -75.826171963,-9.08966536599996 -75.825017223,-9.09005084799998 -75.8244872829999,-9.09191037599993 -75.824444012,-9.09206221099993 -75.824285824,-9.09232561199997 -75.8235805749999,-9.09349992299997 -75.822429316,-9.09541687099994 -75.8218549919999,-9.09694964499994 -75.822003529,-9.09880244099998 -75.8210908949999,-9.09972717399995 -75.820129815,-9.10059079499996 -75.8201887669999,-9.10116361599995 -75.8202282999999,-9.10154774899996 -75.820231136,-9.10279206999996 -75.819463092,-9.10384668999995 -75.819562014,-9.10499507699996 -75.819275712,-9.10614433199993 -75.819568555,-9.10786658699993 -75.820437496,-9.10882180499993 -75.821307753,-9.11035132199993 -75.8215988599999,-9.11130783899995 -75.821121478,-9.11312754699998 -75.820932577,-9.11475516899998 -75.821129131,-9.11647763899998 -75.821517867,-9.11800823899995 -75.821520055,-9.11896540799995 -75.821232658,-9.11963607899997 -75.8197895449999,-9.12030935599995 -75.8188292839999,-9.12155584599998 -75.8180603289999,-9.12222759799994 -75.8170033119999,-9.12328286699994 -75.816138692,-9.12424198399998 -75.815467994,-9.12577496799997 -75.814989263,-9.12702036899998 -75.814414216,-9.12826598599997 -75.813838081,-9.12903301699993 -75.8127801639999,-9.12970540799995 -75.811723109,-9.13076066399998 -75.810761929,-9.13162426799994 -75.8099931529999,-9.13239172299996 -75.8092239439999,-9.13296774299994 -75.809020102,-9.13364854899993 -75.8089371619999,-9.13392555799993 -75.8084571049999,-9.13459665099998 -75.807785279,-9.13565103899998 -75.807883965,-9.13670371299997 -75.8077900229999,-9.13775681599998 -75.8066363999999,-9.13871655699995 -75.806157839,-9.14005766699995 -75.8060799689999,-9.14070196299997 -75.8060463899999,-9.14087931199998 -75.8059411099999,-9.14143535599993 -75.805934768,-9.14173519199994 -75.8059093589999,-9.14293650399998 -75.805807119,-9.14433308099996 -75.805354232,-9.14600970799995 -75.8051456649999,-9.14698761699998 -75.804832263,-9.14821011899994 -75.804588017,-9.14894374599993 -75.804097563,-9.14953828299997 -75.8037771579999,-9.14987410699996 -75.803396654,-9.15027292099995 -75.803144233,-9.15073142199998 -75.803011813,-9.15097194899994 -75.8024515669999,-9.15177609199998 -75.802242913,-9.15271909099994 -75.802034491,-9.15376681599997 -75.802001788,-9.15484905999995 -75.801898906,-9.15596636899994 -75.801795633,-9.15690913499998 -75.8012712079999,-9.15802737599995 -75.800799067,-9.15893918999996 -75.800560924,-9.15932835899997 -75.8001164949999,-9.16005463799996 -75.799837182,-9.16082324799993 -75.799628438,-9.16173133799998 -75.7998754349999,-9.16221951599994 -75.800263416,-9.16291683399993 -75.8003949819999,-9.16311200199993 -75.800756865,-9.16364882699997 -75.801111051,-9.16493966799993 -75.8011134769999,-9.16602183399993 -75.80118757,-9.16773219999993 -75.801084843,-9.16891932499993 -75.800947376,-9.17028107199997 -75.8005280089999,-9.17125944499998 -75.799667007,-9.17211883899995 -75.799511508,-9.17227404699997 -75.7994418929999,-9.17256748399996 -75.799163489,-9.17374098499994 -75.7990964319999,-9.17517239299997 -75.7990301569999,-9.17695288599998 -75.799031876,-9.17772087499998 -75.798682836,-9.17873400099995 -75.7982281669999,-9.17964263299996 -75.7976324269999,-9.18030721499997 -75.796934671,-9.18070214499994 -75.7965798289999,-9.18090298599998 -75.795809285,-9.18195194699996 -75.795810842,-9.18265011899996 -75.795777191,-9.18331345999997 -75.795579529,-9.18386314599996 -75.795364552,-9.18465328999997 -75.795221982,-9.18551506199998 -75.795262999,-9.18555563899997 -75.7959460439999,-9.18623134899997 -75.79609326,-9.18745142399996 -75.795951012,-9.18845677199994 -75.796096787,-9.18903075599997 -75.796604598,-9.18996288199997 -75.796751017,-9.19082401699995 -75.796537165,-9.19211667599996 -75.796106889,-9.19355338899993 -75.795675488,-9.19448758599998 -75.7958228699999,-9.19577944799994 -75.7956811,-9.19700015999996 -75.795826674,-9.19834654699997 -75.795761209,-9.20051760299998 -75.79617945,-9.20154987499996 -75.796197111,-9.20159346299994 -75.7961272699999,-9.20267043899997 -75.7956952179999,-9.20331748599995 -75.794756776,-9.20367849699994 -75.7933129049999,-9.20418419499993 -75.792446867,-9.20461682899997 -75.791364876,-9.20540887599998 -75.7905722,-9.20634386199993 -75.790068521,-9.20727821399993 -75.78949211,-9.20799735799994 -75.787830189,-9.20792920799994 -75.786746588,-9.20800336299993 -75.7855904199999,-9.20793409799995 -75.784290068,-9.20800871799997 -75.783136111,-9.20894447599994 -75.782415498,-9.20980750199993 -75.781406507,-9.21095830599995 -75.7803981389999,-9.21239625899995 -75.779534111,-9.21376210899996 -75.7785249419999,-9.21484111699993 -75.7774436729999,-9.21599206799993 -75.7759295079999,-9.21743110199998 -75.775569967,-9.21822154999995 -75.775572004,-9.21915479499995 -75.775067486,-9.21973018799997 -75.773550325,-9.21980524099996 -75.7725387789999,-9.21980741399994 -75.771745709,-9.22059878799996 -75.771157936,-9.22042047799994 -75.770805791,-9.22031364899993 -75.769937351,-9.21966941199997 -75.7688518429999,-9.21888205799996 -75.767839059,-9.21830991199994 -75.767043965,-9.21816803099995 -75.765815045,-9.21788349299993 -75.765091588,-9.21745429999993 -75.763790264,-9.21709811999995 -75.763358906,-9.21810407499993 -75.763432856,-9.21889359299996 -75.763507886,-9.22018562899996 -75.763003962,-9.22104816099994 -75.761922005,-9.22191191699994 -75.7618532929999,-9.22356320099993 -75.761855603,-9.22464002499993 -75.760918604,-9.22571883699993 -75.760054622,-9.22715643599997 -75.7600566199999,-9.22808968499993 -75.760059387,-9.22938187299997 -75.760207588,-9.23110448699993 -75.759198005,-9.23203987199997 -75.760791484,-9.23383121799998 -75.762022617,-9.23512080399996 -75.763252678,-9.23590786699998 -75.7640731229999,-9.23678713799995 -75.7641217679999,-9.23683926999996 -75.763962767,-9.23784821699996 -75.763650567,-9.23788655099997 -75.76101765,-9.23820984199995 -75.75957389,-9.23885899499993 -75.7583475119999,-9.23979483799997 -75.75654429,-9.24130620299997 -75.754812852,-9.24260204199993 -75.752863254,-9.24325223299996 -75.74975827,-9.24426377299994 -75.74932654,-9.24512613899998 -75.748606076,-9.24613268499996 -75.7475243119999,-9.24713998199996 -75.7457917519999,-9.24793326299994 -75.7445668129999,-9.24958694899993 -75.744063408,-9.25073661399995 -75.743488344,-9.25217358199995 -75.743491058,-9.25346577499994 -75.743782514,-9.25461378999995 -75.743784777,-9.25569061699997 -75.743208045,-9.25633791199994 -75.742922016,-9.25777427999998 -75.742707341,-9.25877976799995 -75.7429263879999,-9.25985614599995 -75.742133917,-9.26100640799996 -75.741268125,-9.26165429899993 -75.7409089189999,-9.26266008499994 -75.7407363679999,-9.26294138199995 -75.740188749,-9.26383412399997 -75.739582642,-9.26426610799996 -75.738499449,-9.26462728699994 -75.7376336419999,-9.26527516999994 -75.737333473,-9.26537478299997 -75.736110116,-9.26578075899994 -75.735540402,-9.26642809699996 -75.734746848,-9.26707582499995 -75.733519262,-9.26750907499996 -75.7318571979999,-9.26751247499993 -75.730412815,-9.26794615799997 -75.7301978039999,-9.26880806399993 -75.7296947739999,-9.27017307899996 -75.729986797,-9.27160826199997 -75.730350197,-9.27261256499997 -75.729702188,-9.27376250999993 -75.72905121,-9.27347667999993 -75.72832945,-9.27390888399998 -75.727247544,-9.27491612899996 -75.7258040099999,-9.27578052699994 -75.7249360869999,-9.27542334199995 -75.723852548,-9.27564090299995 -75.7224814149999,-9.27657693099997 -75.721686639,-9.27665032399995 -75.720242497,-9.27722754599995 -75.719956068,-9.27852032599998 -75.719595909,-9.27909536299995 -75.719165091,-9.28046022099994 -75.718446226,-9.28232818199996 -75.717870282,-9.28340617399994 -75.717077678,-9.28455638999998 -75.717224256,-9.28556114299994 -75.717731736,-9.28634980399994 -75.718167243,-9.28728218599997 -75.718168412,-9.28785649599996 -75.717519754,-9.28871926799997 -75.716871236,-9.28965382699994 -75.716439668,-9.29065973899998 -75.71716586,-9.29238121899994 -75.71731332,-9.29381670299995 -75.717460344,-9.29503682099994 -75.717102503,-9.29676047699996 -75.7174659,-9.29776479199995 -75.7179733999999,-9.29855344999993 -75.717469556,-9.29955950999994 -75.716677064,-9.30078151499993 -75.716461274,-9.30128447199996 -75.715668776,-9.30250647499997 -75.715309025,-9.30329687499994 -75.715310484,-9.30401476299994 -75.7158917209999,-9.30552116599995 -75.715966768,-9.30688500599996 -75.716041232,-9.30796169099995 -75.715464659,-9.30875252699997 -75.7148888149999,-9.30990230699996 -75.713879329,-9.31105295299994 -75.71243649,-9.31234804199994 -75.711715356,-9.31313916199997 -75.7107775439999,-9.31400250199994 -75.711503621,-9.31565219999993 -75.7110736079999,-9.31744778399997 -75.7109315279999,-9.31866848099997 -75.710356089,-9.32003361999995 -75.709852341,-9.32111145999994 -75.709132489,-9.32254867499995 -75.7079067029999,-9.32398689499996 -75.7076194799999,-9.32492072399998 -75.707260559,-9.32614184999994 -75.7070776749999,-9.32673133099996 -75.7066142639999,-9.32822501599998 -75.706615324,-9.32875145899993 -75.706617733,-9.32994794699994 -75.706838466,-9.33188581199994 -75.7068409239999,-9.33310622099998 -75.70655879,-9.33410653599998 -75.70576095,-9.33519024599997 -75.705690838,-9.33626722199995 -75.705041633,-9.33691460999995 -75.703959187,-9.33777822399998 -75.703165707,-9.33856947399994 -75.701721713,-9.33936200699998 -75.7007108129999,-9.33986652499993 -75.698905555,-9.34073154899994 -75.698328465,-9.34130699599996 -75.6983307529999,-9.34245561699993 -75.698550311,-9.34381917899998 -75.698191199,-9.34496850999994 -75.69761496,-9.34597468899995 -75.696530755,-9.34597681699995 -75.6960250779999,-9.34612138699993 -75.695086572,-9.34669753799994 -75.6940759249999,-9.34734561599993 -75.692487312,-9.34813839799995 -75.692377596,-9.34816317899993 -75.689922473,-9.34871770299998 -75.688622686,-9.34936632999995 -75.6887697889999,-9.35065824999998 -75.6895681359999,-9.35230785199997 -75.690054258,-9.35322520299997 -75.690366207,-9.35381387399997 -75.691596278,-9.35445758099996 -75.6926824989999,-9.35546051099993 -75.6932627479999,-9.35646442499996 -75.693843997,-9.35797086099996 -75.6940621269999,-9.35861653599994 -75.6939921219999,-9.35976529899995 -75.693704982,-9.36077090799995 -75.694430096,-9.36191811499998 -75.6950103629999,-9.36292202499993 -75.69501236,-9.36392706799995 -75.6945799389999,-9.36457401699994 -75.693930806,-9.36529317899993 -75.69393223,-9.36601106699993 -75.693644944,-9.36694488799998 -75.6930678049999,-9.36752032899994 -75.6923452409999,-9.36766531899997 -75.691115972,-9.36745235099994 -75.6902488379999,-9.36759761899998 -75.689526981,-9.36810154799997 -75.688444685,-9.36910869999997 -75.687361112,-9.36946974899996 -75.686493688,-9.36947143099997 -75.685626828,-9.36976026599996 -75.6849778069999,-9.37055120299993 -75.684690353,-9.37141322799994 -75.683969181,-9.37227609099995 -75.683754009,-9.37313797699994 -75.683393983,-9.37385656399994 -75.682599535,-9.37421704299993 -75.681588366,-9.37464972499993 -75.680722327,-9.37536928299994 -75.6802901459999,-9.37615979499998 -75.679713668,-9.37709416199993 -75.6795709099999,-9.37802769599995 -75.679218647,-9.37884771999995 -75.6788506899999,-9.37939307299996 -75.6784193359999,-9.38061431799997 -75.6783484439999,-9.38133234499998 -75.677626679,-9.38190804299995 -75.6765417939999,-9.38211220299996 -75.6764704889999,-9.38212562199993 -75.6756034479999,-9.38234264699997 -75.674085813,-9.38256090799996 -75.673364038,-9.38313659599993 -75.672787393,-9.38399916499998 -75.6714878559999,-9.38486310599995 -75.671128346,-9.38586883799996 -75.671129865,-9.38665851799993 -75.6711320749999,-9.38780714299997 -75.6709901199999,-9.38917140999996 -75.671136081,-9.38988902499995 -75.670920869,-9.39075090499995 -75.6708503739999,-9.39168429999995 -75.670926257,-9.39355067799994 -75.6715065179999,-9.39455462699993 -75.6719416459999,-9.39527169199994 -75.6719425589999,-9.39574513199994 -75.671943584,-9.39627673799993 -75.671945106,-9.39706641699996 -75.671802461,-9.39807173799994 -75.671515095,-9.39900554499997 -75.6713735549999,-9.40058517799997 -75.67130403,-9.40202109499995 -75.67079992,-9.40302710199995 -75.669934067,-9.40389021699997 -75.6692126579999,-9.40468126799993 -75.6687082619999,-9.40554369499995 -75.668709366,-9.40611800699998 -75.668928452,-9.40726621999994 -75.668785521,-9.40812796199998 -75.668498001,-9.40898997799997 -75.6685000689999,-9.41006681299996 -75.6692260469999,-9.41164479999998 -75.669950649,-9.41250489599997 -75.670169054,-9.41329416299993 -75.6704605849999,-9.41451402599995 -75.670681485,-9.41659549299993 -75.670450871,-9.41793581399997 -75.66896038,-9.41843689799998 -75.667496231,-9.41805216499995 -75.665545026,-9.41805585399993 -75.6644718639999,-9.41805787799996 -75.662520657,-9.41806154899996 -75.6610561479999,-9.41748303699995 -75.659787313,-9.41719478199997 -75.658128791,-9.41719788199993 -75.656860142,-9.41700649399996 -75.6555911299999,-9.41662134699993 -75.6540281649999,-9.41555860099993 -75.652270452,-9.41468996299994 -75.650708774,-9.41430533799996 -75.648855505,-9.41450250699995 -75.647196271,-9.41411804699993 -75.645243463,-9.41324972899997 -75.6434864989999,-9.41276855199993 -75.641925909,-9.41296514999993 -75.640462698,-9.41306468599993 -75.6382188319999,-9.41306875299995 -75.636268176,-9.41336290799995 -75.634804253,-9.41307491399994 -75.633339802,-9.41249628099996 -75.632655302,-9.41162561199997 -75.6311913869999,-9.41133760199995 -75.6300198019999,-9.41085530799995 -75.6291774869999,-9.41085681099997 -75.62916998,-9.41085682399995 -75.6283612999999,-9.41085826499994 -75.6271911159999,-9.41115097999995 -75.6262151769999,-9.41095895799998 -75.625142027,-9.41096086099998 -75.624071311,-9.41231904299997 -75.6230960629999,-9.41251452199998 -75.621925002,-9.41232283299996 -75.620657248,-9.41261569899996 -75.6191948869999,-9.41319953499993 -75.6174396709999,-9.41368699899994 -75.616659878,-9.41407587399993 -75.6154883,-9.41359353199994 -75.6139261439999,-9.41291810999996 -75.612363311,-9.41185516999997 -75.612555871,-9.41040166799996 -75.612258422,-9.40768960499997 -75.611377674,-9.40614108599993 -75.609426684,-9.40624133699993 -75.607574603,-9.40711642999997 -75.6066991119999,-9.40857110599995 -75.60543186,-9.40915454999993 -75.60455467,-9.40964044299994 -75.603678992,-9.41099823399998 -75.603388834,-9.41245189999995 -75.602706922,-9.41303433399997 -75.600659499,-9.41381284899995 -75.5994879409999,-9.41333045299996 -75.598120266,-9.41226711499996 -75.5966537099999,-9.41042891499995 -75.596163921,-9.40926720499994 -75.594405541,-9.40791387699994 -75.593722134,-9.40762439299994 -75.5917698069999,-9.40694952399997 -75.589524976,-9.40637201099997 -75.587573317,-9.40608462999995 -75.586305384,-9.40628049399993 -75.5845480309999,-9.40550838199994 -75.583472617,-9.40415386399997 -75.5822020959999,-9.40279966399993 -75.5796646319999,-9.40222256699997 -75.578103874,-9.40232200399993 -75.576446038,-9.40271222799993 -75.574494887,-9.40271540799995 -75.572250423,-9.40233153699995 -75.570396036,-9.40185014399998 -75.5680540239999,-9.40146640499995 -75.565141548,-9.40100819899993 -75.562473268,-9.40118469999993 -75.560423471,-9.40050980699993 -75.5572996229999,-9.39925532499996 -75.5543709089999,-9.39800050799994 -75.552125571,-9.39703523499998 -75.550563443,-9.39626264099996 -75.548806972,-9.39597473599997 -75.546953101,-9.39578385299995 -75.545879527,-9.39549487599993 -75.544122307,-9.39472255299995 -75.541389688,-9.39404859499996 -75.539828345,-9.39376034599997 -75.538266855,-9.39337521199997 -75.5367034289999,-9.39173064299996 -75.5351409099999,-9.39066733999994 -75.533284107,-9.38853880299996 -75.530843921,-9.38767056099994 -75.528404333,-9.38718981699998 -75.525964458,-9.38651529899994 -75.524011053,-9.38496812799997 -75.5216673049999,-9.38332464099994 -75.5179585619999,-9.38216753499995 -75.515422617,-9.38246187599998 -75.5135695389999,-9.38275520899998 -75.511618904,-9.38304867299996 -75.509667981,-9.38314836699993 -75.507813061,-9.38218223799993 -75.505959273,-9.38199113399997 -75.502932199,-9.37996097499996 -75.4986797339999,-9.37860547699995 -75.496826235,-9.37781247799995 -75.4943906089999,-9.37735535199994 -75.4936444849999,-9.37701172699997 -75.49260161,-9.37638085299994 -75.489874984,-9.37402535199993 -75.48912111,-9.37367972699997 -75.487792984,-9.37265035199994 -75.4866874849999,-9.37133197699995 -75.48523636,-9.36868360299997 -75.48407811,-9.36702147799997 -75.482742235,-9.36306247799996 -75.482566359,-9.36173247699998 -75.48227536,-9.36150585299993 -75.481406235,-9.35967185299995 -75.47653911,-9.35289447699995 -75.4732909849999,-9.34893747699994 -75.472831985,-9.34835922699995 -75.4713203589999,-9.34525960299993 -75.4705019849999,-9.34405672699995 -75.469757859,-9.34325385199998 -75.4676659849999,-9.34199022799993 -75.46674411,-9.34101372699996 -75.465470734,-9.33854685299997 -75.465056609,-9.33659372699998 -75.464363235,-9.33544535199997 -75.460716734,-9.33188672799997 -75.459144485,-9.32877535199998 -75.4582754849999,-9.32763085299996 -75.45722111,-9.32624260299997 -75.456254609,-9.32499997699995 -75.456081985,-9.32358472699997 -75.456050735,-9.32218560299998 -75.45618361,-9.31942185199995 -75.455894485,-9.31803710299994 -75.455314484,-9.31683397699993 -75.4551386099999,-9.31373435199993 -75.454261735,-9.31068560199998 -75.4540332349999,-9.30861522699996 -75.4532168599999,-9.30741410199994 -75.452980485,-9.30350585199994 -75.4532089849999,-9.30229297699998 -75.453613235,-9.30155072799994 -75.45326761,-9.30086322699998 -75.45193561,-9.29953710299998 -75.451644484,-9.29884960199996 -75.451644485,-9.29804497699996 -75.4519902339999,-9.29758197799993 -75.452036796,-9.29722229899994 -75.451967944,-9.29634367399996 -75.451002241,-9.29604264299996 -75.450379069,-9.29609105099996 -75.4495640709999,-9.29609207799996 -75.449133027,-9.29642597499998 -75.4478867399999,-9.29657040699993 -75.447167623,-9.29657130799995 -75.446544992,-9.29704830799994 -75.445874056,-9.29723963499993 -75.4452509399999,-9.29733565599997 -75.444675525,-9.29724112899993 -75.443764522,-9.29714701899996 -75.442565573,-9.29681515199997 -75.441894396,-9.29681598399998 -75.441079873,-9.29719796799998 -75.4404567559999,-9.29729398099994 -75.439689577,-9.29719968299997 -75.4389700419999,-9.29686721299993 -75.4382984499999,-9.29653468399994 -75.437866269,-9.29596374899995 -75.4369068569999,-9.29548870299993 -75.436091564,-9.29525158899997 -75.4342699809999,-9.29539667499995 -75.4329758069999,-9.29558873499997 -75.43144175,-9.29563821399995 -75.430291164,-9.29563960199994 -75.429716045,-9.29578316099997 -75.428949334,-9.29606981599994 -75.42808674,-9.29635658499996 -75.4273191029999,-9.29588128199993 -75.426647754,-9.29573921899993 -75.425784698,-9.29564500399994 -75.424825244,-9.29512230299997 -75.4238657349999,-9.29455197699997 -75.422858345,-9.29402932699998 -75.421994838,-9.29355412599995 -75.4210353939999,-9.29303141399993 -75.4196446,-9.29260445099993 -75.4184940219999,-9.29260580099998 -75.417535489,-9.29284503399998 -75.416721001,-9.29327458499995 -75.41624238,-9.29394185499996 -75.415667145,-9.29399014699993 -75.41475621,-9.29394358399998 -75.4140378229999,-9.29456350699996 -75.413223606,-9.29523116099995 -75.412361167,-9.29566075799994 -75.411306961,-9.29609057499994 -75.41058823,-9.29642475799994 -75.409581628,-9.29656878099996 -75.408911222,-9.29723626099997 -75.4082887559999,-9.29790368499994 -75.4078101119999,-9.29857094399995 -75.4073314669999,-9.29923820299996 -75.407044532,-9.29985761999995 -75.4068534799999,-9.30047692699998 -75.406278507,-9.30076331599997 -75.4056555349999,-9.30100213599997 -75.404745185,-9.30147939199998 -75.4036704549999,-9.30174697799993 -75.402252741,-9.30195843299998 -75.401293681,-9.30176902399995 -75.400478069,-9.30124609499995 -75.3997586679999,-9.30100878999997 -75.398847878,-9.30110505399995 -75.398319869,-9.30053417499994 -75.397456268,-9.29996366999995 -75.39611352,-9.29963180699997 -75.3944358209999,-9.29987177599997 -75.393141709,-9.30015893799998 -75.392326961,-9.30039794599998 -75.390602053,-9.30130466299994 -75.3892128369999,-9.30230625099995 -75.387153466,-9.30426100899996 -75.3858121709999,-9.30526253199997 -75.384758317,-9.30607325099993 -75.3832254439999,-9.30726545999994 -75.3817398309999,-9.30783852199994 -75.380493466,-9.30798272199996 -75.378958723,-9.30746050899995 -75.377280921,-9.30765277799998 -75.376658375,-9.30832014999993 -75.376179554,-9.30889212399995 -75.374885747,-9.30951257799995 -75.3733999579999,-9.30994273899995 -75.372153732,-9.31022977699996 -75.3709546439999,-9.30975480199993 -75.3700431189999,-9.30918427999995 -75.368747801,-9.30837603999993 -75.367500531,-9.30766298999993 -75.3660132049999,-9.30661682499994 -75.364574126,-9.30585633899994 -75.3632798149999,-9.30600052699998 -75.362225709,-9.30662069199997 -75.361555045,-9.30714521999994 -75.360835801,-9.30705070299996 -75.359685021,-9.30690899799993 -75.3586789939999,-9.30767197099993 -75.3578161619999,-9.30781570599993 -75.356760977,-9.30738815999996 -75.355753545,-9.30677007399993 -75.354698702,-9.30667587899995 -75.353403188,-9.30562946899994 -75.352443852,-9.30515419299996 -75.351532605,-9.30482173399997 -75.3505511289999,-9.30483060199998 -75.349490798,-9.30454447099993 -75.348912022,-9.30397069199995 -75.348429142,-9.30291819899998 -75.3488129039999,-9.30119478999995 -75.34842649,-9.30023792599997 -75.3471732529999,-9.29976052599994 -75.3460160079999,-9.29890013299996 -75.345051971,-9.29851816899998 -75.344280667,-9.29813601799998 -75.344857551,-9.29679532299997 -75.344567425,-9.29574263699993 -75.343025578,-9.29574412099993 -75.341676276,-9.29555396599994 -75.340712068,-9.29498054199996 -75.3406146839999,-9.29392766799998 -75.3400359409999,-9.29335387399993 -75.339168289,-9.29297180299994 -75.3378181739999,-9.29192011499993 -75.3364670619999,-9.28981545599993 -75.33569606,-9.28972045599994 -75.335020786,-9.28895529599993 -75.334056968,-9.28876474999993 -75.332901057,-9.28924444899997 -75.3309744109999,-9.28991630999997 -75.327698837,-9.29078084899993 -75.3248087919999,-9.29174073199994 -75.3220149209999,-9.29250905699996 -75.3206660769999,-9.29279744399997 -75.319028654,-9.29366042999993 -75.317970106,-9.29528868899996 -75.3171048839999,-9.29758684499996 -75.316046488,-9.29940654799998 -75.315373036,-9.30065156099994 -75.314699322,-9.30160939999996 -75.313928811,-9.30208870099995 -75.3133303499999,-9.30153767299993 -75.3125785619999,-9.30084546799998 -75.310747165,-9.30036844599994 -75.3093013229999,-9.29998680299997 -75.3077587,-9.29912661699996 -75.306312533,-9.29836206399995 -75.30428768,-9.29702365299994 -75.303708328,-9.29568400199997 -75.303321135,-9.29367411499993 -75.303415851,-9.29175954299996 -75.303896767,-9.29070616399997 -75.302450316,-9.28955869599997 -75.3012942729999,-9.28994257099993 -75.3001379029999,-9.28994354399993 -75.298884356,-9.28898734899997 -75.297630412,-9.28755252599996 -75.2957982189999,-9.28602245199994 -75.293966042,-9.28449236799997 -75.292616089,-9.28344050399994 -75.2911700989999,-9.28277161099993 -75.2898208679999,-9.28258125799994 -75.288375668,-9.28286960099996 -75.2875075489999,-9.28181732799993 -75.2871209319999,-9.28038176699994 -75.286831069,-9.27942475099996 -75.2857701619999,-9.27827690299995 -75.2841313289999,-9.27741668499993 -75.282589247,-9.27703500799993 -75.28066203,-9.27703652499997 -75.279698346,-9.27694155399996 -75.2790232899999,-9.27627200699993 -75.278636639,-9.27474071099994 -75.278057874,-9.27397536199993 -75.2765145389999,-9.27196633499995 -75.2740080039999,-9.27043666299994 -75.272271695,-9.26804486399993 -75.2718849359999,-9.26632210899993 -75.272201001,-9.26383301899995 -75.272488819,-9.26220547599996 -75.272101992,-9.26038699499998 -75.270943442,-9.25742039699998 -75.270171282,-9.25569792899995 -75.2692061289999,-9.25359270399997 -75.268530993,-9.25273168399997 -75.268819257,-9.25167849199994 -75.268105589,-9.25001474799996 -75.268397191,-9.24635887999995 -75.2689103389999,-9.24372642699996 -75.270159448,-9.24116653499993 -75.2718509809999,-9.23977611099997 -75.272511331,-9.23721665599993 -75.271919694,-9.23341522699997 -75.2708890489999,-9.23290421299993 -75.266693899,-9.23217621999993 -75.26433904,-9.23217795999994 -75.260586088,-9.23232692599993 -75.2583786719999,-9.23269408499993 -75.256685955,-9.23247595799995 -75.255507628,-9.23123387499993 -75.254255459,-9.22962627399994 -75.251384301,-9.22794668899996 -75.248954904,-9.22655922899997 -75.245810912,-9.22400242899994 -75.243602075,-9.22224921499998 -75.242203017,-9.22093411999998 -75.240361903,-9.21881506999995 -75.238889038,-9.21713444499994 -75.237636798,-9.21523432899994 -75.2366052799999,-9.21326094799997 -75.234911411,-9.21114177099997 -75.232996999,-9.20931518099997 -75.2319653329999,-9.20704933299993 -75.2313752329999,-9.20485631099996 -75.2313737119999,-9.20251668499998 -75.231217751,-9.20025384999997 -75.227248888,-9.19601221399995 -75.226096163,-9.19468954799993 -75.224892553,-9.19330849399995 -75.223714055,-9.19140827599995 -75.2226094709999,-9.19001980299993 -75.221430179,-9.18680353499997 -75.221134589,-9.18475653899998 -75.220692114,-9.18314831299995 -75.220837825,-9.18080859099996 -75.2209109519999,-9.18007741099996 -75.220100998,-9.17912742999994 -75.2191439379999,-9.17825064899995 -75.217819302,-9.17788588199994 -75.216053465,-9.17796005499997 -75.214434564,-9.17766856499998 -75.2128155349999,-9.17715772699995 -75.211932162,-9.17642710899997 -75.212667072,-9.17496440699995 -75.212519003,-9.17342910799994 -75.212886193,-9.17225907499994 -75.212591361,-9.17138188499996 -75.212443424,-9.17006592799993 -75.212958026,-9.16933448999993 -75.214649674,-9.16830989999994 -75.215531533,-9.16655464999997 -75.215457031,-9.16501930799996 -75.2149409469999,-9.16326488799996 -75.2147925209999,-9.16114468199993 -75.21574807,-9.15960872699998 -75.216335739,-9.15807299099993 -75.216187927,-9.15697637399995 -75.216481073,-9.15507524499998 -75.217878217,-9.15383147599994 -75.219422497,-9.15258761299998 -75.2203045649999,-9.15127103299994 -75.221481596,-9.15105097399993 -75.222290716,-9.15075802399997 -75.2231729969999,-9.14980700499996 -75.224349929,-9.14944071099995 -75.226188641,-9.14848909199998 -75.228753582,-9.14770434499997 -75.2280265059999,-9.14622141899997 -75.228540295,-9.14432014099998 -75.2294219359999,-9.14241862999995 -75.230671891,-9.14124801999998 -75.2304506139999,-9.14037079699995 -75.229934681,-9.13890885099994 -75.2294189409999,-9.13773935899997 -75.229050297,-9.13649665999998 -75.2294168829999,-9.13452235999995 -75.23044662,-9.13415613999996 -75.231844532,-9.13430147699995 -75.23228519,-9.13313137699993 -75.232504475,-9.13093782799996 -75.232945318,-9.13006018199997 -75.2339008979999,-9.12881663599995 -75.2338998499999,-9.12720813599998 -75.233456922,-9.12486878199996 -75.23294119,-9.12369929399995 -75.2317999369999,-9.12303308799994 -75.2316900759999,-9.12296895699996 -75.2326448379999,-9.12048248199994 -75.232497042,-9.11945898399995 -75.231760719,-9.11843586299995 -75.232127841,-9.11733892299998 -75.2327511299999,-9.11700803299993 -75.2332309499999,-9.11675330799994 -75.234040459,-9.11719146999997 -75.2347025029999,-9.11711792999995 -75.235216651,-9.11587466499998 -75.235509715,-9.11404663199994 -75.23550914,-9.11316926899997 -75.2352952909999,-9.11246247699995 -75.235066795,-9.11170727999996 -75.235213111,-9.11046425199993 -75.236904131,-9.10900088199998 -75.238108525,-9.10786221499995 -75.238374493,-9.10761076199998 -75.239918944,-9.10702483699993 -75.240654288,-9.10658566999996 -75.2410213219999,-9.10541560799993 -75.241388501,-9.10446488599996 -75.242049734,-9.10322151399993 -75.241901872,-9.10212490699996 -75.241312684,-9.10110170499996 -75.2405764229999,-9.10015171399994 -75.239325669,-9.09986008199996 -75.2380015969999,-9.09993406299998 -75.23675123,-9.10022733199997 -75.235794632,-9.09978926999997 -75.234617874,-9.10015559799996 -75.23322071,-9.10096074599994 -75.232117979,-9.10205815599994 -75.231533735,-9.10282947099995 -75.231397676,-9.10300909399996 -75.230441591,-9.10337526899997 -75.229411568,-9.10315657699994 -75.2286024219999,-9.10323019899994 -75.227866746,-9.10315754699997 -75.227576442,-9.10312378599997 -75.226616082,-9.10301209899995 -75.225439304,-9.10337839799996 -75.225245039,-9.10353305799993 -75.224704039,-9.10396376299997 -75.2236744269999,-9.10440307899995 -75.2225710669999,-9.10454998299997 -75.221394189,-9.10477004099994 -75.22006996,-9.10462461599997 -75.218966198,-9.10411348399998 -75.217494624,-9.10360256899997 -75.216611778,-9.10345686599993 -75.21565537,-9.10331120599994 -75.214772307,-9.10279993099994 -75.2141834989999,-9.10228847999997 -75.213523223,-9.10187141399996 -75.2133740039999,-9.10177715899994 -75.2129262989999,-9.10204449799994 -75.212638635,-9.10221627199996 -75.2117561809999,-9.10272858199994 -75.2108001619999,-9.10324093299994 -75.2097702789999,-9.10324152799996 -75.209034393,-9.10280326799995 -75.208526342,-9.10192078799997 -75.2084452949999,-9.10178001099996 -75.2083142549999,-9.10175114699996 -75.2080498449999,-9.10169290599993 -75.206458848,-9.10134245799998 -75.2056491559999,-9.10046554899998 -75.205280718,-9.09936904899996 -75.206089402,-9.09849122499998 -75.207413479,-9.09841736099997 -75.208442544,-9.09702760899995 -75.208074102,-9.09593111099997 -75.207264503,-9.09520043299995 -75.206307576,-9.09410426699998 -75.2060863899999,-9.09322702399993 -75.2063797559999,-9.09169146599993 -75.20579056,-9.09044886199996 -75.205569086,-9.08905982199997 -75.205347697,-9.08781700899993 -75.205641395,-9.08686636199997 -75.206082002,-9.08555006299997 -75.205713245,-9.08386864899995 -75.2057862619999,-9.08291812699997 -75.2049767399999,-9.08226055599994 -75.2051232749999,-9.08123687799997 -75.2049020589999,-9.08028651999996 -75.204092503,-9.07955583399996 -75.2031355459999,-9.07831342899993 -75.2022527669999,-9.07816769099998 -75.201075309,-9.07721785799993 -75.2000453369999,-9.07692596799995 -75.1979856789999,-9.07685397599994 -75.196072661,-9.07590452499994 -75.195262855,-9.07466201999995 -75.194673568,-9.07312693899996 -75.195040327,-9.07122577699994 -75.1960692069999,-9.06954360399993 -75.198643034,-9.06837238899993 -75.1996728189999,-9.06837182799995 -75.200481327,-9.06727467599995 -75.199965788,-9.06610513299995 -75.2005537059999,-9.06515432899994 -75.2012149719999,-9.06383791199994 -75.2005524479999,-9.06288779299996 -75.198419155,-9.06252338599995 -75.197536736,-9.06296254699993 -75.1958451309999,-9.06325591299998 -75.19496247,-9.06325638399994 -75.194447192,-9.06252551799997 -75.194814573,-9.06179418099993 -75.195402418,-9.06069715599995 -75.1954017859999,-9.05952733099997 -75.194959908,-9.05850396899996 -75.194885646,-9.05718795399997 -75.1940026079999,-9.05645728199994 -75.193046177,-9.05601910199994 -75.192824893,-9.05484939299993 -75.1918683119999,-9.05411875399994 -75.190765168,-9.05441178599995 -75.189588393,-9.05455862499997 -75.1891464619999,-9.05338902699998 -75.188851487,-9.05192689699993 -75.187615459,-9.05126950399995 -75.186585384,-9.05061200199998 -75.185922999,-9.04980808299996 -75.1854811979999,-9.04885782199995 -75.184377989,-9.04900460699997 -75.183642468,-9.04900497699998 -75.183053312,-9.04754298699993 -75.182023438,-9.04725104299996 -75.180655427,-9.04736817999998 -75.1802795689999,-9.04586273499996 -75.179911085,-9.04440063099997 -75.17917521,-9.04366984999996 -75.17770383,-9.04293942299995 -75.1763792359999,-9.04155089099993 -75.1750553589999,-9.04162463999995 -75.1739522729999,-9.04199073599995 -75.1724077069999,-9.04199146499997 -75.170347975,-9.04133439899994 -75.170053087,-9.03987225099996 -75.1697582689999,-9.03855632999995 -75.1685808889999,-9.03731392999993 -75.167477134,-9.03621772099996 -75.166667552,-9.03504825999994 -75.1657847239999,-9.03453685899996 -75.1648286499999,-9.03468351899994 -75.163725311,-9.03446466999998 -75.162401194,-9.03395345699994 -75.1621801539999,-9.03307618299993 -75.162694538,-9.03205235499996 -75.163871022,-9.03139380199997 -75.16453233,-9.03000433399995 -75.165634789,-9.02832220799996 -75.166884803,-9.02766361399995 -75.168282145,-9.02751674699994 -75.169532391,-9.02736994399993 -75.170856149,-9.02714998699997 -75.172400097,-9.02597943699993 -75.174018073,-9.02583244499993 -75.175709135,-9.02473492499996 -75.175708357,-9.02312640999997 -75.175928396,-9.02188336199993 -75.1762955259999,-9.02064024199996 -75.176000667,-9.01925121099993 -75.1754854549999,-9.01844719899998 -75.175558542,-9.01749667699994 -75.175484361,-9.01618065399998 -75.17467529,-9.01603481099994 -75.1737192319999,-9.01610837799996 -75.17401289,-9.01501152399993 -75.17408584,-9.01376854499995 -75.174526513,-9.01252539099994 -75.173864156,-9.01157521799996 -75.17231951,-9.01113725799996 -75.1708484819999,-9.01084548699993 -75.1690099039999,-9.01091944999996 -75.165700134,-9.01033603999997 -75.163640462,-9.00938647399994 -75.161581095,-9.00909492599993 -75.1598871039999,-9.00908686099996 -75.1588906819999,-9.00948934599995 -75.1576200929999,-9.01049502499995 -75.156811176,-9.01030870399995 -75.156521917,-9.00940420699993 -75.1565647529999,-9.00825546399994 -75.155991015,-9.00741570599996 -75.155181409,-9.00595375799998 -75.1548868309999,-9.00500339399997 -75.1546658899999,-9.00427234199998 -75.155327374,-9.00332157499997 -75.155253456,-9.00244423299995 -75.154738284,-9.00156707599996 -75.154768958,-9.00062694199994 -75.154778337,-9.00052316999995 -75.154784454,-9.00042226599993 -75.154787311,-9.00032423099998 -75.154786907,-9.00022906399994 -75.154783241,-9.00013676499998 -75.1547763139999,-9.00004733499998 -75.154766126,-8.99996077299994 -75.154752676,-8.99987707999998 -75.154735966,-8.99979625499998 -75.1547159949999,-8.99971829899994 -75.154692762,-8.99964321099998 -75.154666268,-8.99957099099993 -75.154636513,-8.99950163999995 -75.154603497,-8.99943515699994 -75.1545672189999,-8.99937154199995 -75.1545276809999,-8.99931079599997 -75.154503284,-8.99927779499995 -75.154476533,-8.99924569299998 -75.154447427,-8.99921449299995 -75.1544159709999,-8.99918419699998 -75.1543821659999,-8.99915480899995 -75.154346015,-8.99912632899998 -75.1543075229999,-8.99909876099997 -75.154266692,-8.99907210899994 -75.154223523,-8.99904637199995 -75.154178024,-8.99902155499996 -75.154130201,-8.99899766199997 -75.154080058,-8.99897469399997 -75.1539728349999,-8.99893154499995 -75.153856412,-8.99889213299997 -75.153730899,-8.99885648799994 -75.1535963269999,-8.99882461899995 -75.153452778,-8.99879654299997 -75.153300329,-8.99877227699994 -75.153139262,-8.99875185299993 -75.152969366,-8.99873523699995 -75.152790559,-8.99872241499997 -75.1526016889999,-8.99871330499997 -75.1525551559999,-8.99871262499994 -75.152508081,-8.99871405399995 -75.1524604429999,-8.99871759399997 -75.152412219,-8.99872324399996 -75.1523633899999,-8.99873100799994 -75.152313923,-8.99874089099995 -75.152263789,-8.99875289699997 -75.1522129529999,-8.99876703799993 -75.152109158,-8.99880170699993 -75.1520020309999,-8.99884505399996 -75.151891108,-8.99889726599997 -75.1517756809999,-8.99895867499993 -75.1516784299999,-8.99901538099994 -75.151576846,-8.99907887699993 -75.151469929,-8.99914978099997 -75.151355684,-8.99922941399996 -75.1511446119999,-8.99938431599998 -75.1506592279999,-8.99975272899997 -75.1505367029999,-8.99984225799994 -75.150426806,-8.99991935399993 -75.1503147779999,-8.99999378699994 -75.150210256,-9.00005848699993 -75.1501115189999,-9.00011451799998 -75.150017631,-9.00016240499997 -75.14992303,-9.00020450999995 -75.149832418,-9.00023822899993 -75.1497453279999,-9.00026373799994 -75.149702998,-9.00027344499995 -75.1496614289999,-9.00028113099995 -75.149620547,-9.00028680799994 -75.149580364,-9.00029047099997 -75.149540856,-9.00029212299995 -75.149501997,-9.00029176399994 -75.149463764,-9.00028939399994 -75.149426139,-9.00028501199995 -75.149389104,-9.00027861499996 -75.149352643,-9.00027020099998 -75.149282833,-9.00024839099996 -75.1492136159999,-9.00021947599993 -75.149144834,-9.00018338999996 -75.149076295,-9.00014003299998 -75.149007865,-9.00008933399994 -75.148939184,-9.00003103999995 -75.1488699339999,-8.99996488199997 -75.1487996609999,-8.99989042999994 -75.148738545,-8.99981998699997 -75.1486757659999,-8.99974249799993 -75.1486106849999,-8.99965717799995 -75.1485421209999,-8.99956248299998 -75.148409482,-8.99936847999993 -75.148149237,-8.99897074199993 -75.1480378259999,-8.99880443699993 -75.147919498,-8.99863644899995 -75.147809793,-8.99849152399997 -75.147745094,-8.99841176099994 -75.147681464,-8.99833778599998 -75.147618504,-8.99826913799996 -75.147555951,-8.99820552999995 -75.1474934999999,-8.99814665799994 -75.147431055,-8.99809244499994 -75.147368467,-8.99804275799994 -75.147305617,-8.99799750599993 -75.1471579029999,-8.99790646099996 -75.1464501029999,-8.99767699799997 -75.145655709,-8.99760551699995 -75.1447459079999,-8.99787869799997 -75.143778454,-8.99845343899995 -75.143071016,-8.99914294999996 -75.142377917,-8.99957399099998 -75.140471431,-8.99957472299997 -75.139214855,-8.99950340499993 -75.138622471,-8.99892926499996 -75.1385065819999,-8.99802468699994 -75.138751741,-8.99704817799994 -75.139198396,-8.99678823599993 -75.139476061,-8.99673935699997 -75.139791267,-8.99608572699998 -75.140195326,-8.99519531099997 -75.1400938949999,-8.99433380499994 -75.139645973,-8.99383140799995 -75.138995881,-8.99340088099996 -75.138446922,-8.99305646999994 -75.1377245149999,-8.99235314599997 -75.137366368,-8.99197996099997 -75.137271659,-8.99188436799994 -75.137189818,-8.99179875899995 -75.137101703,-8.99170181099993 -75.137025094,-8.99161149399993 -75.136958465,-8.99152600099995 -75.1369011,-8.99144440199996 -75.1368694399999,-8.99139459899993 -75.136841179,-8.99134592699994 -75.136816252,-8.99129827499996 -75.136794612,-8.99125154899997 -75.136776217,-8.99120565699997 -75.1367610459999,-8.99116054699994 -75.1367490819999,-8.99111615899994 -75.136740308,-8.99107244199996 -75.136734711,-8.99102928399998 -75.1367323009999,-8.99098671199994 -75.136733077,-8.99094468999994 -75.136737038,-8.99090318699996 -75.1367441899999,-8.99086216799998 -75.136754535,-8.99082161099994 -75.136768081,-8.99078148899997 -75.1367848359999,-8.99074178299998 -75.1368028699999,-8.99070657599998 -75.136824729,-8.99067036599996 -75.136850604,-8.99063282699996 -75.136880892,-8.99059338299998 -75.136952644,-8.99051044199996 -75.1371177839999,-8.99033629399997 -75.1371870679999,-8.99025892799995 -75.137222068,-8.99021625799998 -75.1372525419999,-8.99017577999996 -75.1372790619999,-8.99013672899997 -75.137301889,-8.99009871699997 -75.1373800169999,-8.98995300599995 -75.137453492,-8.98980360599995 -75.1375199459999,-8.98965535099995 -75.1375783399999,-8.98951058899996 -75.137627626,-8.98937210299994 -75.1376678939999,-8.98923985199997 -75.137684565,-8.98917633299993 -75.1376989029999,-8.98911463699994 -75.137710896,-8.98905482699996 -75.137720531,-8.98899695199998 -75.137727715,-8.98894186399997 -75.137732598,-8.98888873599998 -75.137735178,-8.98883759999995 -75.137735455,-8.98878848299995 -75.1377334279999,-8.98874141199997 -75.137729098,-8.98869640299995 -75.1377224669999,-8.98865347599997 -75.137713537,-8.98861264499993 -75.1377023169999,-8.98857393899993 -75.137688806,-8.98853735299997 -75.137673008,-8.98850289799998 -75.137654929,-8.98847058199993 -75.137634572,-8.98844041499996 -75.137611942,-8.98841240199994 -75.1375870429999,-8.98838654999997 -75.137559881,-8.98836286199997 -75.1375346409999,-8.98834410699993 -75.137506102,-8.98832554999996 -75.137437631,-8.98828809399993 -75.137371902,-8.98825740699994 -75.137171839,-8.98817014399998 -75.1371123609999,-8.98814077099996 -75.1370453,-8.98810544099996 -75.136819165,-8.98797958499995 -75.136734417,-8.98793384999993 -75.136651866,-8.98789224799998 -75.136577914,-8.98785864499996 -75.136490489,-8.98782501599993 -75.1364495989999,-8.98781211299996 -75.13641031,-8.98780172799997 -75.13637242,-8.98779380899998 -75.136335871,-8.98778834799998 -75.1363005649999,-8.98778533199993 -75.136266435,-8.98778475599994 -75.136231207,-8.98778737399994 -75.1361960369999,-8.98779388399993 -75.136160861,-8.98780429699997 -75.1361256,-8.98781863499994 -75.136090197,-8.98783691799997 -75.13605451,-8.98785921199993 -75.136018408,-8.98788560099996 -75.13598171,-8.98791621299995 -75.135946302,-8.98794917099997 -75.135909897,-8.98798631399995 -75.135872154,-8.98802798299994 -75.135832454,-8.98807486199996 -75.135753209,-8.98817569699997 -75.1355974529999,-8.98838570499993 -75.135531414,-8.98847191699997 -75.135461278,-8.98855716299994 -75.135396933,-8.98862734599993 -75.135358502,-8.98866486299994 -75.1353209329999,-8.98869802099995 -75.135283966,-8.98872704599995 -75.135247431,-8.98875207099996 -75.1352111309999,-8.98877322499993 -75.135175004,-8.98879053299993 -75.1351389559999,-8.98880404299996 -75.1351029109999,-8.98881378099998 -75.13504843,-8.98882338599998 -75.1349915449999,-8.98882897599998 -75.1349321599999,-8.98883055999994 -75.1348701439999,-8.98882814099994 -75.1348054169999,-8.98882172499998 -75.1347376959999,-8.98881128899995 -75.134666722,-8.98879679299995 -75.13459209,-8.98877815599997 -75.134525334,-8.98875894599996 -75.134455029,-8.98873649399997 -75.134300383,-8.98868075699994 -75.134152042,-8.98862157799994 -75.133823633,-8.98848460199997 -75.133680216,-8.98842857499994 -75.133341307,-8.98830163799994 -75.133077913,-8.98819913299997 -75.132840163,-8.98810164699995 -75.13262352,-8.98800714799995 -75.132417542,-8.98791081999997 -75.13222602,-8.98781414899997 -75.1320472479999,-8.98771626899998 -75.131962346,-8.98766671199996 -75.1318803039999,-8.98761666999997 -75.1317987589999,-8.98756460199996 -75.131720092,-8.98751192499998 -75.1316442419999,-8.98745859799993 -75.131571161,-8.98740458799995 -75.1315008,-8.98734985599998 -75.1314331299999,-8.98729437999998 -75.1313681189999,-8.98723813599997 -75.1313057419999,-8.98718109999993 -75.1312459439999,-8.98712321899995 -75.13118874,-8.98706450499998 -75.1311341109999,-8.98700493999996 -75.131082044,-8.98694450799997 -75.131032524,-8.98688319199994 -75.13098554,-8.98682097799997 -75.130941085,-8.98675785699993 -75.130899148,-8.98669381299993 -75.1308665829999,-8.98663620499997 -75.13083435,-8.98656691699995 -75.1308050489999,-8.98649410599995 -75.130733182,-8.98630247799997 -75.130710788,-8.98624903899997 -75.130689277,-8.98620337099993 -75.1306626379999,-8.98615492999994 -75.130635142,-8.98611386599993 -75.130606238,-8.98607936199994 -75.130575611,-8.98605105299993 -75.1305525229999,-8.98603398099993 -75.130527162,-8.98601793399996 -75.1304995849999,-8.98600294899995 -75.1304698599999,-8.98598906199993 -75.1304042739999,-8.98596472999998 -75.130331235,-8.98594524599997 -75.1302514819999,-8.98593084599997 -75.130166606,-8.98592184899996 -75.130078157,-8.98591842099995 -75.129987951,-8.98592063499996 -75.1298977229999,-8.98592846099996 -75.129809582,-8.98594173699996 -75.129725379,-8.98596018099994 -75.129646723,-8.98598343799995 -75.129575242,-8.98601099399997 -75.1295117239999,-8.98604250899996 -75.129483233,-8.98605961299995 -75.1294570269999,-8.98607755299997 -75.129433175,-8.98609628099996 -75.129411734,-8.98611575099994 -75.1293885219999,-8.98614201299995 -75.129367545,-8.98617310799995 -75.129348609,-8.98620931599993 -75.129331415,-8.98625120199995 -75.129316643,-8.98629610599994 -75.1293024829999,-8.98634847599993 -75.1292542479999,-8.98656994799995 -75.129229328,-8.98666350099995 -75.129212856,-8.98671123199995 -75.129194903,-8.98675327299998 -75.129175131,-8.98679040899998 -75.12915334,-8.98682300299993 -75.129124466,-8.98685893199996 -75.12909253,-8.98689394499996 -75.129057503,-8.98692807699996 -75.129019338,-8.98696137199994 -75.1289780079999,-8.98699385699996 -75.128933412,-8.98702561699997 -75.1288854489999,-8.98705672099993 -75.1288339709999,-8.98708726699994 -75.128781132,-8.98711613699993 -75.1287246099999,-8.98714474999997 -75.12859876,-8.98720207299993 -75.128456796,-8.98725956399994 -75.128248264,-8.98733761799997 -75.12817778,-8.98736252499998 -75.128105235,-8.98738574999993 -75.128030649,-8.98740729099995 -75.1279540479999,-8.98742713799993 -75.127875451,-8.98744528699996 -75.127794891,-8.98746172899996 -75.1277124009999,-8.98747645899994 -75.1276280179999,-8.98748946799998 -75.1275417109999,-8.98750075999993 -75.127453596,-8.98751031799998 -75.127363724,-8.98751813399997 -75.127272158,-8.98752420499994 -75.12717895,-8.98752852599995 -75.127084197,-8.98753109199993 -75.126890443,-8.98753094999995 -75.126819816,-8.98752864899996 -75.1267477499999,-8.98752434999994 -75.126674114,-8.98751804499994 -75.126598746,-8.98750971899995 -75.1264421389999,-8.98748693999994 -75.126275462,-8.98745565499996 -75.12611244,-8.98741934199995 -75.1259312349999,-8.98737393499994 -75.125758294,-8.98732722999995 -75.12533846,-8.98721004299995 -75.12526065,-8.98718680099995 -75.125174022,-8.98715704799997 -75.1250784549999,-8.98712074299993 -75.1249737799999,-8.98707782099996 -75.124859895,-8.98702824699996 -75.124736389,-8.98697184299994 -75.124602862,-8.98690842699995 -75.124458666,-8.98683769399997 -75.124184978,-8.98669861199994 -75.123867999,-8.98653202199995 -75.1235520709999,-8.98636233899998 -75.122842352,-8.98597729399995 -75.122526502,-8.98580902699996 -75.1223736169999,-8.98572980699993 -75.1222408949999,-8.98566307599998 -75.122125539,-8.98560742999996 -75.122026164,-8.98556220399996 -75.121933825,-8.98552270999994 -75.121845634,-8.98548692699995 -75.121761395,-8.98545477499994 -75.1216807019999,-8.98542610099997 -75.121599148,-8.98539950599996 -75.1215191969999,-8.98537597399996 -75.1213190989999,-8.98532550699997 -75.1212699929999,-8.98531182199997 -75.1212131999999,-8.98529164699994 -75.12116169,-8.98526711599993 -75.121119795,-8.98524210199997 -75.121076085,-8.98521143999994 -75.121028908,-8.98517396899996 -75.12097676,-8.98512849199994 -75.120918042,-8.98507361599997 -75.120850923,-8.98500762999993 -75.1206820579999,-8.98483296099994 -75.1205165819999,-8.98465697199993 -75.120396548,-8.98452568599993 -75.120290579,-8.98440479399994 -75.120197119,-8.98429225599995 -75.120110833,-8.98418129499993 -75.1200339869999,-8.98407441099994 -75.119965782,-8.98397048899994 -75.119905811,-8.98386890299997 -75.119866362,-8.98379557699997 -75.119828082,-8.98371952799994 -75.1197910619999,-8.98364093599997 -75.1197553929999,-8.98355999799998 -75.1197211639999,-8.98347691199996 -75.119688466,-8.98339190199994 -75.119657387,-8.98330518999995 -75.1196280079999,-8.98321700899993 -75.11960041,-8.98312759299995 -75.119574665,-8.98303718499994 -75.119550843,-8.98294602599998 -75.119529008,-8.98285436099997 -75.119509219,-8.98276243399994 -75.119491523,-8.98267047499996 -75.1194759649999,-8.98257871499993 -75.119462585,-8.98248737699993 -75.1194515,-8.98239747099996 -75.119442609,-8.98230839199994 -75.119435932,-8.98222033499997 -75.119431482,-8.98213347899997 -75.119429268,-8.98204800899993 -75.119429294,-8.98196407199993 -75.119431557,-8.98188181899997 -75.119436057,-8.98180138699996 -75.119442776,-8.98172300399995 -75.1194517059999,-8.98164668499993 -75.119462835,-8.98157253899996 -75.11947615,-8.98150066299996 -75.11949163,-8.98143115899995 -75.11950926,-8.98136409799997 -75.119529018,-8.98129955699994 -75.119550885,-8.98123760099998 -75.119577335,-8.98117580999997 -75.1196094599999,-8.98111541599997 -75.119647324,-8.98105630799995 -75.119691011,-8.98099834799996 -75.119740587,-8.98094143799995 -75.11979625,-8.98088533999993 -75.1198582059999,-8.98082984699994 -75.1199267649999,-8.98077467799993 -75.119998488,-8.98072219399995 -75.1200771159999,-8.98066929699996 -75.1201633809999,-8.98061548599998 -75.120258701,-8.98055988099998 -75.120353947,-8.98050728899995 -75.120462082,-8.98045011599993 -75.1208903,-8.98023308199993 -75.1210709439999,-8.98013810599997 -75.121166277,-8.98008520599996 -75.1212533569999,-8.98003443299996 -75.1213338329999,-8.97998482299994 -75.1214085089999,-8.97993587599996 -75.1214940849999,-8.97987541399993 -75.121572369,-8.97981485299994 -75.121643878,-8.97975378999996 -75.121708933,-8.97969195299993 -75.121767855,-8.97962902099994 -75.121820725,-8.97956488999995 -75.12186768,-8.97949939699993 -75.121908811,-8.97943241299993 -75.121960724,-8.97933807799996 -75.122010496,-8.97924286799997 -75.122057688,-8.97914762599993 -75.122102002,-8.97905295799995 -75.1221431229999,-8.97895954899997 -75.12218096,-8.97886761999996 -75.122215377,-8.97877750699996 -75.122246277,-8.97868946099993 -75.122273421,-8.97860423999998 -75.1222969629999,-8.97852144399997 -75.122316864,-8.97844121799994 -75.122333093,-8.97836367899993 -75.1223456279999,-8.97828894699995 -75.122354458,-8.97821708199996 -75.122359576,-8.97814815599997 -75.122360978,-8.97808222699996 -75.122359654,-8.97804535099993 -75.1223562059999,-8.97800861899998 -75.122350632,-8.97797201399993 -75.1223429299999,-8.97793552199994 -75.122333097,-8.97789912399998 -75.122321128,-8.97786279999997 -75.1223070139999,-8.97782652799998 -75.122290748,-8.97779028299993 -75.122272338,-8.97775408199993 -75.1222517539999,-8.97771785499998 -75.1222039899999,-8.97764519699996 -75.1221472729999,-8.97757202999998 -75.122081298,-8.97749796099993 -75.1220131979999,-8.97742969399997 -75.121936622,-8.97735975799998 -75.1218508539999,-8.97728749199996 -75.121754441,-8.97721166999997 -75.121659864,-8.97714121699994 -75.12155161,-8.97706382799993 -75.12114057,-8.97678120799998 -75.1209745419999,-8.97666347499995 -75.120888253,-8.97659934699993 -75.120810251,-8.97653875599997 -75.120739041,-8.97648053899997 -75.1206738929999,-8.97642409699995 -75.120600514,-8.97635566599996 -75.120535031,-8.97628865299993 -75.120476997,-8.97622259499997 -75.1204261399999,-8.97615718299994 -75.1203821989999,-8.97609206499993 -75.120345115,-8.97602712799994 -75.1203147849999,-8.97596219599995 -75.120291148,-8.97589713299993 -75.1202792,-8.97585496699998 -75.120269374,-8.97581195899994 -75.120261666,-8.97576808499997 -75.1202560689999,-8.97572332099998 -75.120252583,-8.97567764299993 -75.120251201,-8.97563101499998 -75.1202519249999,-8.97558340399996 -75.120254754,-8.97553476899998 -75.120259682,-8.97548514599993 -75.1202667169999,-8.97543440899994 -75.120275866,-8.97538250199995 -75.1202871409999,-8.97532935699996 -75.120316127,-8.97521908199997 -75.1203538889999,-8.97510275899998 -75.120390228,-8.97500569899995 -75.120432603,-8.97490331499995 -75.1204814659999,-8.97479450999998 -75.12053779,-8.97467710599994 -75.1206497909999,-8.97445847799997 -75.120936106,-8.97392188399994 -75.121009929,-8.97377634299994 -75.121072832,-8.97364530099998 -75.121133317,-8.97350950999993 -75.1211845349999,-8.97338244999997 -75.1212272939999,-8.97326211199993 -75.121261964,-8.97314743899994 -75.121289089,-8.97303622999993 -75.121308313,-8.97292940399996 -75.121314992,-8.97287748199994 -75.121319721,-8.97282649999994 -75.121322505,-8.97277641499994 -75.1213233459999,-8.97272719399996 -75.121322243,-8.97267876299998 -75.121319192,-8.97263113699995 -75.121314194,-8.97258429099998 -75.121307244,-8.97253819999997 -75.12129834,-8.97249284399993 -75.1212874779999,-8.97244820299994 -75.1212746539999,-8.97240426199994 -75.121259863,-8.97236100499993 -75.121199619,-8.97219475299994 -75.121165762,-8.97210602299998 -75.1211306929999,-8.97202221199996 -75.121096189,-8.97194900699998 -75.12105859,-8.97187964899996 -75.1210196879999,-8.97181847799993 -75.120979029,-8.97176478499995 -75.120936356,-8.97171823599996 -75.1209054,-8.97169159199996 -75.1208688299999,-8.97166709899994 -75.120826305,-8.97164451999993 -75.1207770519999,-8.97162344399993 -75.120731333,-8.97160708499996 -75.120678421,-8.97159065399995 -75.1204459749999,-8.97152676799993 -75.120393051,-8.97150898399997 -75.1203485089999,-8.97149087799994 -75.120307945,-8.97147022899998 -75.120274153,-8.97144792299997 -75.1202465919999,-8.97142360199996 -75.120225007,-8.97139703099998 -75.120213368,-8.97137729899993 -75.1202039249999,-8.97135599499995 -75.120196656,-8.97133307699994 -75.120191543,-8.97130848299997 -75.120188572,-8.97128217099993 -75.1201877249999,-8.97125401399995 -75.1201889989999,-8.97122388999998 -75.1201924,-8.97119161599994 -75.12020346,-8.97112963899997 -75.120221497,-8.97105790399996 -75.1202440559999,-8.97098283199995 -75.120312509,-8.97077047899995 -75.120330651,-8.97070633199996 -75.120344178,-8.97064971199995 -75.120355263,-8.97058721199994 -75.120360552,-8.97053079999995 -75.120360137,-8.97047945199995 -75.120354006,-8.97043267699996 -75.120346022,-8.97039957099997 -75.120335445,-8.97036657299998 -75.120322259,-8.97033362799993 -75.1203064329999,-8.97030066499997 -75.1202879479999,-8.97026763399998 -75.1202667379999,-8.97023440899994 -75.120242729,-8.97020087499993 -75.1202158089999,-8.97016687699994 -75.120154724,-8.97009888999997 -75.120079838,-8.97002592199993 -75.119995655,-8.96995116799997 -75.119822474,-8.96980508299993 -75.1197514359999,-8.96974341099997 -75.119680522,-8.96967781099994 -75.119621356,-8.96961760699998 -75.119589101,-8.96958146699995 -75.1195601599999,-8.96954610899996 -75.1195343269999,-8.96951128599994 -75.119511481,-8.96947682999996 -75.1194915029999,-8.96944255399995 -75.119474365,-8.96940839599995 -75.1194600169999,-8.96937426399995 -75.119448432,-8.96934008299996 -75.119434911,-8.96928909499997 -75.1194241429999,-8.96923596999994 -75.1194161069999,-8.96918060699994 -75.119410785,-8.96912287299995 -75.119408162,-8.96906268399994 -75.1194082219999,-8.96899975299993 -75.119410963,-8.96893381399997 -75.119416401,-8.96886445599995 -75.119431429,-8.96874083199998 -75.119454575,-8.96860137099998 -75.1194811129999,-8.96846621699996 -75.119548277,-8.96814708099993 -75.1195773059999,-8.96799000499993 -75.119596873,-8.96788921499996 -75.119622803,-8.96778588399997 -75.11965514,-8.96767982199998 -75.119693962,-8.96757078699994 -75.119739313,-8.96745861899996 -75.119791391,-8.96734280999993 -75.119850404,-8.96722289299993 -75.119916697,-8.96709816599997 -75.119978487,-8.96698879299993 -75.120046257,-8.96687452099997 -75.1201206439999,-8.96675426299993 -75.1202029679999,-8.96662588399994 -75.1203649029999,-8.96638288799994 -75.120770201,-8.96578990599994 -75.1208779839999,-8.96562649499998 -75.120970254,-8.96548091399995 -75.121066715,-8.96531981799995 -75.121148994,-8.96517109099995 -75.1212187049999,-8.96503180899998 -75.121249088,-8.96496522599995 -75.1212765889999,-8.96490046899993 -75.1213069359999,-8.96482205599995 -75.121332964,-8.96474607699997 -75.1213547309999,-8.96467235799997 -75.121372278,-8.96460076199998 -75.121385639,-8.96453114299993 -75.121394827,-8.96446342399997 -75.121399852,-8.96439751699995 -75.121400722,-8.96433334199997 -75.1213974299999,-8.96427073999996 -75.1213899649999,-8.96420974999995 -75.121378324,-8.96415031899994 -75.121362496,-8.96409240099996 -75.121342468,-8.96403594799995 -75.121318227,-8.96398092899994 -75.121289759,-8.96392730899993 -75.121257047,-8.96387505799993 -75.121236991,-8.96384711199994 -75.121214654,-8.96381928499994 -75.121162908,-8.96376371199995 -75.1211012379999,-8.96370770799996 -75.121028356,-8.96365009999994 -75.120960737,-8.96360184099996 -75.1208815379999,-8.96354927399994 -75.120604591,-8.96337706099996 -75.120501948,-8.96331081899996 -75.1204057529999,-8.96324369499996 -75.120324177,-8.96318026499995 -75.1202852179999,-8.96314681599995 -75.1202493769999,-8.96311356099994 -75.120216479,-8.96308033899993 -75.1201864129999,-8.96304703599998 -75.120159062,-8.96301351899996 -75.120134391,-8.96297973899993 -75.1201123499999,-8.96294562699995 -75.120092901,-8.96291112399996 -75.120067663,-8.96285966999994 -75.1200442479999,-8.96280526499993 -75.120022649,-8.96274789199998 -75.120002853,-8.96268751799994 -75.1199848529999,-8.96262412199997 -75.119968628,-8.96255763799996 -75.1199541619999,-8.96248799999995 -75.119941436,-8.96241511299996 -75.119930567,-8.96233992299994 -75.119921345,-8.96226128099994 -75.1199137419999,-8.96217896699994 -75.119907724,-8.96209259099993 -75.1199003149999,-8.96190691899994 -75.1198985299999,-8.96168972499993 -75.119900886,-8.96159438399997 -75.119907311,-8.96149819399994 -75.119917807,-8.96140116199996 -75.1199323709999,-8.96130329799996 -75.1199510019999,-8.96120460899994 -75.119973698,-8.96110510499994 -75.1200004569999,-8.96100479699993 -75.120031276,-8.96090369599995 -75.120066156,-8.96080180299998 -75.12010509,-8.96069913799994 -75.120148071,-8.96059571599994 -75.120195096,-8.96049154899993 -75.1202461569999,-8.96038665099996 -75.120301249,-8.96028103899994 -75.1203603599999,-8.96017472899996 -75.120423482,-8.96006773899995 -75.1204907159999,-8.95995990899996 -75.12056195,-8.95985143699994 -75.120637169,-8.95974234499994 -75.1207163569999,-8.95963265799998 -75.120799496,-8.95952239499996 -75.120886564,-8.95941159199998 -75.120977537,-8.95930027699995 -75.121072386,-8.95918848499997 -75.121171127,-8.95907619999997 -75.121273682,-8.95896351399995 -75.121380011,-8.95885047199994 -75.121490066,-8.95873712299993 -75.1216038049999,-8.95862351199997 -75.121721156,-8.95850970999993 -75.121842053,-8.95839578299996 -75.121966411,-8.95828180999996 -75.1220330899999,-8.95822474799996 -75.122106606,-8.95816797299995 -75.1221876879999,-8.95811091799993 -75.1222778389999,-8.95805251999997 -75.122360311,-8.95800247799997 -75.1224540169999,-8.95794835299995 -75.1227760789999,-8.95777077399993 -75.122896252,-8.95770257399994 -75.123013618,-8.95763170899994 -75.1231147729999,-8.95756509599994 -75.123168784,-8.95752651999993 -75.123218997,-8.95748817899994 -75.123265729,-8.95744983299994 -75.123309187,-8.95741131099993 -75.1233495819999,-8.95737241899997 -75.1233869819999,-8.95733308799993 -75.123421483,-8.95729321499994 -75.123453156,-8.95725271699996 -75.123495294,-8.95719095499993 -75.123533042,-8.95712522899993 -75.123566479,-8.95705540699993 -75.1235956899999,-8.95698130999995 -75.123620734,-8.95690281499998 -75.1236417389999,-8.95681954899993 -75.123658795,-8.95673116099994 -75.1236720049999,-8.95663712199996 -75.123680457,-8.95655002599995 -75.12368613,-8.95645741299995 -75.123689084,-8.95635837299994 -75.1236893729999,-8.95625116299993 -75.123683565,-8.95603709399995 -75.123662528,-8.95561563299998 -75.1236559069999,-8.95544147299995 -75.123653733,-8.95526249199997 -75.123657819,-8.95510414799998 -75.123663505,-8.95501395299993 -75.1236716619999,-8.95492833999998 -75.123682346,-8.95484674599993 -75.123695605,-8.95476880599995 -75.1237115119999,-8.95469412499995 -75.1237301,-8.95462258599997 -75.123751415,-8.95455400499998 -75.1237755019999,-8.95448824499994 -75.1239449999999,-8.95403835099995 -75.1240202609999,-8.95384934199996 -75.124062764,-8.95375067899994 -75.1241040799999,-8.95366133899995 -75.12414482,-8.95358000699997 -75.124185287,-8.95350608099994 -75.124229536,-8.95343316499998 -75.124273954,-8.95336824799995 -75.1243187059999,-8.95331109099993 -75.124363903,-8.95326155399994 -75.124409675,-8.95321950299996 -75.124456061,-8.95318491299997 -75.124503123,-8.95315773699997 -75.1245509089999,-8.95313794699996 -75.124577443,-8.95313012399993 -75.124605204,-8.95312398799996 -75.1246341889999,-8.95311953999993 -75.1246643919999,-8.95311677899997 -75.124728445,-8.95311632399995 -75.12479733,-8.95312262199997 -75.1248710149999,-8.95313567399995 -75.124949441,-8.95315546899997 -75.125032549,-8.95318199199994 -75.125120266,-8.95321521999995 -75.125212822,-8.95325526599993 -75.12530981,-8.95330197799996 -75.125411094,-8.95335528999993 -75.125516483,-8.95341510199995 -75.1256258769999,-8.95348136499996 -75.125738825,-8.95355381399997 -75.125854926,-8.95363219099994 -75.125973523,-8.95371605399993 -75.126015368,-8.95374825599993 -75.126058099,-8.95378503699993 -75.126102122,-8.95382674399997 -75.126148238,-8.95387412999997 -75.1262318989999,-8.95396773299996 -75.126419955,-8.95419036799996 -75.126467884,-8.95424356999996 -75.126511436,-8.95428867699997 -75.126557417,-8.95433203199997 -75.126601217,-8.95436850199997 -75.126643595,-8.95439871699995 -75.126684978,-8.95442297399995 -75.126720271,-8.95443959699998 -75.126755841,-8.95445284899995 -75.126791705,-8.95446273799996 -75.126827888,-8.95446926999995 -75.126864412,-8.95447244999997 -75.1269013039999,-8.95447228099994 -75.126938595,-8.95446876199998 -75.1269763189999,-8.95446188999995 -75.127014453,-8.95445167799994 -75.127053093,-8.95443810499995 -75.1270922849999,-8.95442115799995 -75.12713208,-8.95440081299995 -75.127172523,-8.95437704999995 -75.127213694,-8.95434982199993 -75.127255669,-8.95431907799997 -75.1272985429999,-8.95428475099993 -75.127370516,-8.95422100299993 -75.127445786,-8.95414697199993 -75.127525165,-8.95406186999998 -75.127610177,-8.95396406599997 -75.127687776,-8.95386997999998 -75.127774319,-8.95376099699996 -75.128098858,-8.95333790299998 -75.128237016,-8.95316256499996 -75.128311281,-8.95307202199996 -75.12838134,-8.95298972999996 -75.128448441,-8.95291422899993 -75.128513218,-8.95284480699996 -75.128588717,-8.95276864799996 -75.12866213,-8.95269994999995 -75.12873389,-8.95263830999994 -75.1288042799999,-8.95258348399994 -75.128873622,-8.95253523199995 -75.128942014,-8.95249349699998 -75.12900961,-8.95245818499995 -75.129076529,-8.95242923499995 -75.1291487669999,-8.95240354299995 -75.129224311,-8.95238111999993 -75.1293033159999,-8.95236191599997 -75.1293859899999,-8.95234588399995 -75.1294724649999,-8.95233298899996 -75.129563194,-8.95232315399994 -75.1296585969999,-8.95231633499998 -75.129759325,-8.95231248499994 -75.129844474,-8.95231151699994 -75.12993431,-8.95231242599993 -75.130132638,-8.95231994599993 -75.130324296,-8.95233216499997 -75.13077887,-8.95236651899995 -75.131002587,-8.95237879299998 -75.13111062,-8.95238189199995 -75.1312108989999,-8.95238246399998 -75.131305051,-8.95238051799993 -75.131393943,-8.95237603299995 -75.1314813829999,-8.95236865399994 -75.131564386,-8.95235845899998 -75.1316433499999,-8.95234539899997 -75.131718555,-8.95232942599995 -75.131790295,-8.95231047399994 -75.131858678,-8.95228850799998 -75.131923855,-8.95226348099993 -75.1319859399999,-8.95223534599995 -75.132057199,-8.95219834799997 -75.1321275619999,-8.95215767399998 -75.1321970499999,-8.95211331399997 -75.132265681,-8.95206525299994 -75.132333478,-8.95201347799997 -75.1324004689999,-8.95195796799993 -75.1324666799999,-8.95189870099995 -75.1325321419999,-8.95183564899997 -75.132596829,-8.95176884299997 -75.132660836,-8.95169818999995 -75.1327242039999,-8.95162364899994 -75.132786975,-8.95154516399998 -75.1328491899999,-8.95146269099996 -75.1329109169999,-8.95137613999998 -75.132972218,-8.95128541999998 -75.133033171,-8.95119041999993 -75.1330891109999,-8.95109896299994 -75.133144911,-8.95100362199997 -75.133200661,-8.95090424299997 -75.1332564799999,-8.95080061099998 -75.133312443,-8.95069259899998 -75.133368791,-8.95057974599996 -75.133483595,-8.95033758899996 -75.1335851379999,-8.95011081399997 -75.13369441,-8.94985564799993 -75.1337960509999,-8.94961062699997 -75.134017918,-8.94906745199995 -75.134118311,-8.94882734099997 -75.134270724,-8.94846610299993 -75.134379768,-8.94819724099995 -75.134473203,-8.94795230899996 -75.134552561,-8.94772654899998 -75.1345889299999,-8.94761491099996 -75.134622285,-8.94750622099997 -75.134652751,-8.94740007299993 -75.134680413,-8.94729617499996 -75.134705352,-8.94719420599995 -75.1347275969999,-8.94709404399993 -75.134747186,-8.94699551399998 -75.134764146,-8.94689848199994 -75.134791086,-8.94671533599995 -75.1348127589999,-8.94652995799993 -75.1348290619999,-8.94634322699994 -75.134839918,-8.94615602699997 -75.134845277,-8.94596926699995 -75.134845115,-8.94578376899995 -75.134839433,-8.94560036899998 -75.1348282559999,-8.94541984499995 -75.134814518,-8.94527608199996 -75.1347954889999,-8.94513002499997 -75.134771152,-8.94498153399996 -75.134741476,-8.94483042699994 -75.134706438,-8.94467657199993 -75.134665969,-8.94451964199993 -75.134619991,-8.94435933899996 -75.1345683879999,-8.94419525599994 -75.13451212,-8.94403005899994 -75.134450067,-8.94386011199998 -75.134381946,-8.94368463099994 -75.134307264,-8.94350234899997 -75.134226374,-8.94331395299997 -75.134137132,-8.94311430399995 -75.1340378199999,-8.94289950199993 -75.133922092,-8.94265580899997 -75.1338375189999,-8.94247444799993 -75.133650368,-8.94205967499994 -75.133567692,-8.94188369199998 -75.133514786,-8.94177649699998 -75.1334637859999,-8.94167798899997 -75.1334137169999,-8.94158629199995 -75.133364079,-8.94150049199993 -75.133307437,-8.94140888899994 -75.133250435,-8.94132342299997 -75.1331927479999,-8.94124361299993 -75.1331341539999,-8.94116914699993 -75.133074388,-8.94109970499994 -75.133013363,-8.94103519299995 -75.132950939,-8.94097546499995 -75.132887008,-8.94092041699997 -75.1328251529999,-8.94087409199994 -75.132756907,-8.94083074299994 -75.132681745,-8.94079002899997 -75.132598695,-8.94075142399993 -75.132504437,-8.94071354799996 -75.1323970129999,-8.94067577099997 -75.132279938,-8.94063876799993 -75.1319407079999,-8.94053717199995 -75.131837021,-8.94050261199993 -75.131746173,-8.94046883499993 -75.131644743,-8.94042549699998 -75.1315542309999,-8.94037979699993 -75.131512454,-8.94035575299995 -75.13147285,-8.94033082799996 -75.13143531,-8.94030495299995 -75.131399756,-8.94027807199996 -75.1313488599999,-8.94023639299996 -75.131298122,-8.94019212399996 -75.131247504,-8.94014523299995 -75.13119696,-8.94009567799998 -75.131146456,-8.94004342599993 -75.131095909,-8.93998839199998 -75.1309943649999,-8.93986962899993 -75.130892842,-8.93974019999996 -75.1307886069999,-8.93959681999996 -75.130679812,-8.93943703599996 -75.1305589,-8.93924976799997 -75.130520125,-8.93918517299994 -75.130483601,-8.93911754999993 -75.1304492519999,-8.93904675499994 -75.130416984,-8.93897259599993 -75.130386734,-8.93889495099995 -75.130358336,-8.93881340399997 -75.1303316519999,-8.93872757099996 -75.130306499,-8.93863685099996 -75.1302688179999,-8.93847924399995 -75.13023291,-8.93830031299996 -75.130202594,-8.93812688999998 -75.1301344409999,-8.93770889299998 -75.1300956709999,-8.93749871299997 -75.1300738899999,-8.93739582999996 -75.130051367,-8.93730032499997 -75.130027733,-8.93721062499998 -75.130002765,-8.93712590499996 -75.129974578,-8.93704067099998 -75.1299445069999,-8.93695981699994 -75.129912398,-8.93688293999998 -75.129878138,-8.93680976599995 -75.129841584,-8.93674000199996 -75.129802674,-8.93667354199994 -75.129761324,-8.93661024099993 -75.1297174589999,-8.93654998499994 -75.129572259,-8.93636177399998 -75.129471134,-8.93623642699993 -75.12937563,-8.93612621699998 -75.129286027,-8.93603212799997 -75.129240787,-8.93598855199997 -75.129196367,-8.93594854799994 -75.12915263,-8.93591199499997 -75.129109483,-8.93587881499997 -75.129066822,-8.93584893099995 -75.1290246139999,-8.93582231999994 -75.128982806,-8.93579895199997 -75.128941359,-8.93577880399994 -75.1289077609999,-8.93576472499996 -75.128873063,-8.93575217899996 -75.128800342,-8.93573167899996 -75.128723147,-8.93571728999996 -75.128641406,-8.93570899999997 -75.12855508,-8.93570679899995 -75.128464005,-8.93571067899995 -75.128368033,-8.93572064399996 -75.1282669289999,-8.93573671999997 -75.128164542,-8.93575799599995 -75.1280566949999,-8.93578505899995 -75.1279428289999,-8.93581804899998 -75.1278218319999,-8.93585728399995 -75.127698634,-8.93590087899997 -75.127563944,-8.93595186099998 -75.127420355,-8.93600896099997 -75.127195861,-8.93610084499994 -75.127130671,-8.93612975899993 -75.1270638949999,-8.93616381999993 -75.126994837,-8.93620337699997 -75.126922151,-8.93624919899997 -75.1268595559999,-8.93629154599995 -75.126790542,-8.93634064499997 -75.126483634,-8.93656758099996 -75.126402306,-8.93662352099994 -75.126327843,-8.93667093199997 -75.1262504109999,-8.93671543399995 -75.126176049,-8.93675284099993 -75.126103583,-8.93678374099994 -75.126032363,-8.93680840599995 -75.12596479,-8.93682767299993 -75.125894882,-8.93684491499994 -75.125822646,-8.93686013099995 -75.1257480899999,-8.93687331899997 -75.12567122,-8.93688447699998 -75.125592044,-8.93689360499997 -75.1255105709999,-8.93690070199995 -75.125426805,-8.93690576799997 -75.125340787,-8.93690879999997 -75.125252491,-8.93690980099996 -75.1251619189999,-8.93690877199998 -75.125069071,-8.93690571199994 -75.124973957,-8.93690062099995 -75.124876544,-8.93689349999994 -75.1246746849999,-8.93687315299996 -75.124611979,-8.93686402099996 -75.124548386,-8.93685134399993 -75.1244837739999,-8.93683509499994 -75.124417974,-8.93681523199996 -75.1243508749999,-8.93679172699996 -75.124282126,-8.93676446499995 -75.12421141,-8.93673331999997 -75.1241382429999,-8.93669807999993 -75.124013823,-8.93663203699998 -75.1238762139999,-8.93655182299995 -75.1237451919999,-8.93647063799995 -75.1234347449999,-8.93627292799994 -75.123278188,-8.93617803999996 -75.123200383,-8.93613384399993 -75.123127142,-8.93609463399997 -75.1230572539999,-8.93605976099997 -75.1229900599999,-8.93602890099993 -75.1229204319999,-8.93600000399994 -75.122852874,-8.93597526699995 -75.122787038,-8.93595456299994 -75.122722681,-8.93593781499993 -75.12265953,-8.93592495699994 -75.122597487,-8.93591597599993 -75.122536408,-8.93591084999997 -75.12247618,-8.93590956999998 -75.122429014,-8.93591186999993 -75.122380306,-8.93591777399996 -75.122329964,-8.93592729599993 -75.1222778649999,-8.93594045699996 -75.122223928,-8.93595727299993 -75.1221678909999,-8.93597781699998 -75.122109514,-8.93600217899996 -75.1220484259999,-8.93603051299993 -75.121941259,-8.93608608199997 -75.1218211779999,-8.93615517399996 -75.121704845,-8.93622669799993 -75.12142648,-8.93640295699993 -75.121285917,-8.93648702899998 -75.121215004,-8.93652618399994 -75.1211493869999,-8.93655966599994 -75.1210878799999,-8.93658808199996 -75.1210298629999,-8.93661171099995 -75.1209655929999,-8.93663359699997 -75.1209049559999,-8.93664933799994 -75.120847563,-8.93665903299996 -75.120793151,-8.93666272499996 -75.120741445,-8.93666042099994 -75.1206923519999,-8.93665210799998 -75.120645737,-8.93663776099993 -75.120601498,-8.93661734899996 -75.120569157,-8.93659815399997 -75.120536741,-8.93657574599996 -75.1205041979999,-8.93655008899998 -75.1204714579999,-8.93652112699993 -75.1204384759999,-8.93648882699995 -75.12040511,-8.93645305599995 -75.120371237,-8.93641367799995 -75.120336666,-8.93637047699997 -75.120275093,-8.93628666099994 -75.120208355,-8.93618741999995 -75.120146183,-8.93608925699994 -75.1200122829999,-8.93587176399996 -75.119954701,-8.93578181899994 -75.1198400709999,-8.93560188599997 -75.119731357,-8.93541879099996 -75.119628558,-8.93523253399997 -75.119531675,-8.93504311499993 -75.119440706,-8.93485053299997 -75.119355653,-8.93465478999997 -75.119276516,-8.93445588499998 -75.1192032929999,-8.93425381699996 -75.119135985,-8.93404858799994 -75.119074594,-8.93384019699994 -75.1190191159999,-8.93362864299996 -75.118969554,-8.93341392799994 -75.118925909,-8.93319605099998 -75.118888177,-8.93297501199993 -75.118856361,-8.93275081099995 -75.11883046,-8.93252344799993 -75.118773414,-8.93244161999996 -75.118715395,-8.93236167299995 -75.1186564,-8.93228360899997 -75.1185964319999,-8.93220742699998 -75.118535489,-8.93213312799998 -75.1184735699999,-8.93206070999997 -75.118410678,-8.93199017399996 -75.118346812,-8.93192152099994 -75.1182819699999,-8.93185474899997 -75.118216155,-8.93178986099997 -75.118149365,-8.93172685299993 -75.1180816,-8.93166572899997 -75.118012861,-8.93160648499997 -75.1179431479999,-8.93154912599994 -75.117872459,-8.93149364599998 -75.117800797,-8.93144005099998 -75.117750426,-8.93140469099995 -75.1176985709999,-8.93137105499994 -75.11764521,-8.93133912599995 -75.117590309,-8.93130888499996 -75.117533846,-8.93128031799995 -75.1174757759999,-8.93125340499995 -75.1174160639999,-8.93122812599995 -75.11735466,-8.93120446199993 -75.1172916049999,-8.93118242399993 -75.1172267539999,-8.93116195599993 -75.117160042,-8.93114303799996 -75.1170913889999,-8.93112564599994 -75.117020729,-8.93110976399993 -75.116947932,-8.93109536099996 -75.1167954109999,-8.93107089199998 -75.116662871,-8.93105504299996 -75.116522279,-8.93104282199994 -75.116372194,-8.93103409999998 -75.11620979,-8.93102870899997 -75.116063057,-8.93102665899994 -75.115898645,-8.93102669699994 -75.1153214139999,-8.93103443999996 -75.1150942739999,-8.93103546599997 -75.114864484,-8.93103208299993 -75.114659917,-8.93102341399998 -75.1145459589999,-8.93101556399995 -75.114437165,-8.93100564299993 -75.114332851,-8.93099358999996 -75.114232567,-8.93097934999997 -75.114135823,-8.93096285099995 -75.1140424669999,-8.93094405899996 -75.11395226,-8.93092292799997 -75.1138650249999,-8.93089941599993 -75.113593726,-8.93082330099998 -75.1130202859999,-8.93066789699998 -75.112769842,-8.93059863899998 -75.112510119,-8.93052377399994 -75.112278444,-8.93045307999995 -75.112025914,-8.93037026699994 -75.111794246,-8.93028741299997 -75.111684945,-8.93024550999996 -75.111579687,-8.93020316999997 -75.111478241,-8.93016029699993 -75.111380431,-8.93011682099996 -75.1112777009999,-8.93006862199996 -75.111178969,-8.93001955299997 -75.111084104,-8.92996954699993 -75.110993005,-8.92991855199995 -75.1109055639999,-8.92986650499995 -75.110821727,-8.92981337599997 -75.110741433,-8.92975912299994 -75.1106646269999,-8.92970370999996 -75.110591197,-8.92964705199995 -75.11052118,-8.92958916999993 -75.110454539,-8.92953003399998 -75.1103912469999,-8.92946962299993 -75.110331276,-8.92940790599994 -75.110274609,-8.92934486599995 -75.110221225,-8.92928048099998 -75.1101711109999,-8.92921473399997 -75.110129139,-8.92915562799993 -75.110087858,-8.92909427899997 -75.110007533,-8.92896509899998 -75.109930473,-8.92882773599996 -75.10985704,-8.92868283699994 -75.10978756,-8.92853102899994 -75.109722453,-8.92837321699994 -75.1096620869999,-8.92821029199996 -75.1096068269999,-8.92804324099995 -75.1095569,-8.92787267099993 -75.109512776,-8.92770010799995 -75.1094747449999,-8.92752668499998 -75.10944306,-8.92735355199994 -75.109417932,-8.92718188599997 -75.109399517,-8.92701275399997 -75.109387931,-8.92684722199994 -75.109383241,-8.92668627099994 -75.1093843749999,-8.92662210399993 -75.109388767,-8.92655659899998 -75.109396426,-8.92648961499998 -75.109407373,-8.92642096699996 -75.109421619,-8.92635053699996 -75.1094392379999,-8.92627794199996 -75.109460311,-8.92620283399998 -75.109484988,-8.92612468499993 -75.1095325909999,-8.92599138299994 -75.1095920619999,-8.92584278999993 -75.1096533259999,-8.92570037999997 -75.109806208,-8.92535607499997 -75.109880298,-8.92517899899997 -75.1099145109999,-8.92509047499993 -75.109944367,-8.92500728099998 -75.109970356,-8.92492804099993 -75.1099927189999,-8.92485201999995 -75.110012895,-8.92477327699993 -75.110029203,-8.92469710499995 -75.110041725,-8.92462311799994 -75.1100505049999,-8.92455104899994 -75.1100555749999,-8.92448060399994 -75.110056936,-8.92441167699997 -75.1100545899999,-8.92434411299996 -75.110048536,-8.92427779299993 -75.1100296229999,-8.92413788599993 -75.1100075379999,-8.92400613699994 -75.109982202,-8.92388209399996 -75.109953591,-8.92376563899995 -75.1099216599999,-8.92365662099996 -75.109886429,-8.92355512899996 -75.1098479,-8.92346116999994 -75.1098060799999,-8.92337475999994 -75.1097833749999,-8.92333560099996 -75.109756869,-8.92329723199998 -75.109726509,-8.92325957899993 -75.109692224,-8.92322255099998 -75.109653969,-8.92318609099993 -75.109611561,-8.92315001599997 -75.1095648209999,-8.92311417399998 -75.109513453,-8.92307833499996 -75.109419069,-8.92301937899998 -75.1093075489999,-8.92295730299998 -75.109196476,-8.92290025399996 -75.1089342349999,-8.92277058899998 -75.108810926,-8.92270546899994 -75.108752989,-8.92267221399993 -75.108701074,-8.92264014799997 -75.108654295,-8.92260872299994 -75.108612201,-8.92257763199996 -75.108570785,-8.92254341299997 -75.108534374,-8.92250905999998 -75.1085027629999,-8.92247437599997 -75.108475821,-8.92243921899995 -75.1084534299999,-8.92240342199995 -75.108435555,-8.92236692099993 -75.108422151,-8.92232961899998 -75.1084131919999,-8.92229144099997 -75.10840669,-8.92223969699995 -75.1084046509999,-8.92218453899994 -75.108407074,-8.92212599399994 -75.10841396,-8.92206409799996 -75.108425304,-8.92199888199997 -75.108441098,-8.92193040499996 -75.1084613309999,-8.92185872299996 -75.108485977,-8.92178391599998 -75.108515148,-8.92170571799994 -75.108548701,-8.92162456999995 -75.108586579,-8.92154060699994 -75.108628698,-8.92145402199998 -75.108675023,-8.92136489699993 -75.1087253109999,-8.92127371599997 -75.1087793309999,-8.92118089899998 -75.108836658,-8.92108717699995 -75.108896764,-8.92099703799994 -75.108963558,-8.92090785199997 -75.109036986,-8.92081969299994 -75.1091169759999,-8.92073264499993 -75.109203467,-8.92064678299994 -75.109296329,-8.92056223299994 -75.10939544,-8.92047910999997 -75.109500635,-8.92039755199994 -75.109612289,-8.92031731499998 -75.1097296459999,-8.92023898599996 -75.1098524179999,-8.92016275899994 -75.1099802209999,-8.92008887099996 -75.1101127749999,-8.92001749599996 -75.110249341,-8.91994903899996 -75.110389243,-8.91988384199993 -75.1105315679999,-8.91982232799995 -75.1105810459999,-8.91980330199993 -75.110632857,-8.91978638999996 -75.1106871069999,-8.91977155699993 -75.110743933,-8.91975876399994 -75.110803426,-8.91974798699994 -75.110865884,-8.91973916699993 -75.1109315859999,-8.91973226199997 -75.1110009619999,-8.91972722999998 -75.111123785,-8.91972292499997 -75.1112630119999,-8.91972334899998 -75.11139938,-8.91972729599996 -75.1117343769999,-8.91974096499996 -75.111907189,-8.91974390799993 -75.111994607,-8.91974263599997 -75.1120750819999,-8.91973911299993 -75.1121500639999,-8.91973327699998 -75.112220298,-8.91972506399998 -75.11229744,-8.91971230499996 -75.112369424,-8.91969608199997 -75.112436702,-8.91967629299995 -75.11249957,-8.91965284899993 -75.112558335,-8.91962562699996 -75.1126130919999,-8.91959457099995 -75.112663988,-8.91955959899997 -75.112711126,-8.91952063799994 -75.112746616,-8.91948714999995 -75.1127819609999,-8.91945103699993 -75.112817153,-8.91941230899994 -75.112852182,-8.91937097499994 -75.112921721,-8.91928053099997 -75.112990489,-8.91917981799998 -75.113058423,-8.91906892399993 -75.1131253739999,-8.91894808299998 -75.113191211,-8.91881753099995 -75.113255779,-8.91867757399996 -75.113276562,-8.91862726599993 -75.1132952529999,-8.91857512499996 -75.113311885,-8.91852105999993 -75.113326493,-8.91846495499993 -75.113339103,-8.91840672799998 -75.113349768,-8.91834614899994 -75.113358526,-8.91828300199995 -75.11336542,-8.91821697999995 -75.113373488,-8.91808331499993 -75.113375359,-8.91793303699995 -75.1133719269999,-8.91777577199997 -75.1133593389999,-8.91746806999993 -75.113355466,-8.91734146599993 -75.113354424,-8.91721044899998 -75.113357369,-8.91709444399993 -75.113361286,-8.91702714199994 -75.1133668429999,-8.91696315499996 -75.113374079,-8.91690202599995 -75.113383029,-8.91684345999994 -75.113393747,-8.91678713699997 -75.113406256,-8.91673296099998 -75.113420592,-8.91668077899993 -75.113436784,-8.91663047799995 -75.113466671,-8.91655320899997 -75.113502535,-8.91647651899996 -75.113544452,-8.91640024499998 -75.1135925359999,-8.91632418299997 -75.1136468559999,-8.91624819699996 -75.113707695,-8.91617187699995 -75.113775338,-8.91609486099998 -75.113850258,-8.91601661099998 -75.11391589,-8.91595264499995 -75.113987155,-8.91588690899994 -75.114064786,-8.91581872299997 -75.114150286,-8.91574676599993 -75.1143133589999,-8.91561563399995 -75.114710997,-8.91530538099994 -75.114814392,-8.91522170799993 -75.114905296,-8.91514529299997 -75.114997068,-8.91506427199994 -75.1150797239999,-8.91498671999994 -75.115154616,-8.91491136399998 -75.11522243,-8.91483750799995 -75.1152869479999,-8.91476049699997 -75.115344524,-8.91468407699995 -75.11539544,-8.91460787399996 -75.115439879,-8.91453161199996 -75.115478009,-8.91445498599995 -75.115509883,-8.91437787199993 -75.115535569,-8.91430010399995 -75.115555114,-8.91422154299994 -75.1155661929999,-8.91415547399993 -75.1155729019999,-8.91408427899995 -75.1155753159999,-8.91400723599997 -75.115573484,-8.91392286499996 -75.115568877,-8.91384777099995 -75.1155612699999,-8.91376311799996 -75.1155288309999,-8.91348262999998 -75.115518569,-8.91338145899994 -75.1155117,-8.91328408399994 -75.1155094269999,-8.91319814099995 -75.1155121789999,-8.91311205399995 -75.1155205489999,-8.91303390699994 -75.115534676,-8.91296243699998 -75.115543942,-8.91292899399997 -75.1155546969999,-8.91289698899993 -75.1155790879999,-8.91283938399994 -75.1156092429999,-8.91278362199995 -75.115645225,-8.91272958299993 -75.11568713,-8.91267712299998 -75.115735022,-8.91262614399994 -75.115789138,-8.91257638099995 -75.11584972,-8.91252760799995 -75.115917161,-8.91247950799993 -75.115979338,-8.91243944599995 -75.116047223,-8.91239925399998 -75.1161214969999,-8.91235852399996 -75.116203521,-8.91231650899994 -75.116366807,-8.91223900199998 -75.116682979,-8.91209752899994 -75.116809522,-8.91203926199995 -75.116936572,-8.91197708599998 -75.11704664,-8.91191840999994 -75.117107292,-8.91188337699998 -75.1171638339999,-8.91184846699997 -75.11721663,-8.91181345599995 -75.117265913,-8.91177818999995 -75.1173119269999,-8.91174248699997 -75.117354742,-8.91170628899994 -75.117394466,-8.91166950099995 -75.1174311789999,-8.91163205199996 -75.117497988,-8.91155596099998 -75.117561149,-8.91147496299993 -75.1176207789999,-8.91138891299994 -75.117677015,-8.91129761299993 -75.11772995,-8.91120092299997 -75.117779814,-8.91109844699997 -75.117826791,-8.91098980399994 -75.117871123,-8.91087443799995 -75.117910321,-8.91076017499995 -75.1179477589999,-8.91063856699998 -75.11798379,-8.91050847799994 -75.118019015,-8.91036775099997 -75.1180502029999,-8.91023159199995 -75.118082654,-8.91007905599997 -75.118196998,-8.90949920499997 -75.11824777,-8.90925747899996 -75.1182774119999,-8.90912831099996 -75.118307038,-8.90900875399996 -75.118337217,-8.90889650999998 -75.1183682609999,-8.90879043299998 -75.118408533,-8.90866559399996 -75.118450899,-8.90854787699993 -75.118495648,-8.90843647399993 -75.118542992,-8.90833086899994 -75.118593187,-8.90823050999995 -75.118646325,-8.90813523599996 -75.118702548,-8.90804479499997 -75.1187619729999,-8.90795899899996 -75.118817661,-8.90788911699997 -75.1188858679999,-8.90781499499997 -75.118959978,-8.90774211299993 -75.119165602,-8.90754900799993 -75.119224292,-8.90748923399997 -75.1192737969999,-8.90743404699998 -75.119325562,-8.90736847799997 -75.119367993,-8.90730437399998 -75.1193859969999,-8.90727244099998 -75.1194019229999,-8.90724047099997 -75.119415815,-8.90720837799995 -75.1194277,-8.90717609299998 -75.119447413,-8.90710681799993 -75.119463985,-8.90702555799993 -75.119477521,-8.90693182899997 -75.1194881819999,-8.90682453599993 -75.119495495,-8.90671444599997 -75.119500855,-8.90658811099996 -75.119509447,-8.90617151499993 -75.119513979,-8.90603940399996 -75.1195229269999,-8.90591810699993 -75.119529077,-8.90587141499998 -75.119536473,-8.90583293799995 -75.119560558,-8.90573607799996 -75.1195860719999,-8.90564616099994 -75.119613387,-8.90556184699994 -75.119643228,-8.90548089799995 -75.119668519,-8.90541919099996 -75.119697232,-8.90535454099995 -75.11980083,-8.90513843899993 -75.119844531,-8.90504284799994 -75.119888324,-8.90493853099997 -75.119929253,-8.90483087599995 -75.119967386,-8.90472024199994 -75.120004584,-8.90460175199996 -75.120041209,-8.90447424499996 -75.120077462,-8.90433701899997 -75.1186881629999,-8.90240969099995 -75.1186577729999,-8.90145242399996 -75.120101549,-8.90100323699994 -75.120552859,-8.89963479299996 -75.119847001,-8.89332832599996 -75.1198746169999,-8.89314732299994 -75.1199085489999,-8.89296352599996 -75.119948866,-8.89277655799998 -75.1199956729999,-8.89258593599993 -75.120049036,-8.89239133899997 -75.1201092109999,-8.89219180199996 -75.120176461,-8.89198645199997 -75.120251206,-8.89177399699997 -75.120320438,-8.89158823599996 -75.120395969,-8.89139474399997 -75.120478545,-8.89119159899997 -75.120569663,-8.89097511499995 -75.120750769,-8.89056070599997 -75.1210976849999,-8.88978897099997 -75.121234928,-8.88947956299995 -75.121372374,-8.88916050799997 -75.12149117,-8.88887268999997 -75.1215566609999,-8.88870721499995 -75.121617601,-8.88854754699997 -75.121674392,-8.88839262999994 -75.121727291,-8.88824176799994 -75.1217765649999,-8.88809418199997 -75.121822289,-8.88794962899993 -75.121864585,-8.88780772899997 -75.121903539,-8.88766818799996 -75.121983068,-8.88738402299998 -75.122077175,-8.88706816499996 -75.1221795719999,-8.88673906099996 -75.122474321,-8.88581029699998 -75.1225621419999,-8.88552285499998 -75.1226377359999,-8.88526463199997 -75.1227192919999,-8.88496856499995 -75.122789301,-8.88469207399993 -75.122849101,-8.88442985999995 -75.122899288,-8.88417926499994 -75.1229249,-8.88403399399994 -75.1229472749999,-8.88389183699996 -75.1229664539999,-8.88375251899993 -75.122982468,-8.88361582699997 -75.122995341,-8.88348152599997 -75.1230050839999,-8.88334949699993 -75.123011708,-8.88321959899997 -75.123015219,-8.88309170799994 -75.1230156189999,-8.88296554999994 -75.1230128999999,-8.88284119999997 -75.123007061,-8.88271857199993 -75.122998098,-8.88259758899994 -75.122986006,-8.88247817399997 -75.122970777,-8.88236027299996 -75.122952406,-8.88224382999994 -75.122930883,-8.88212879399993 -75.1228995179999,-8.88198135999994 -75.122865024,-8.88183407599996 -75.1228274009999,-8.88168694199993 -75.122786649,-8.88153995899995 -75.122742767,-8.88139312699997 -75.122695757,-8.88124644499993 -75.122645617,-8.88109991299996 -75.122592348,-8.88095353099993 -75.122502927,-8.88085876399998 -75.122412245,-8.88076771099998 -75.122320304,-8.88068037499994 -75.1222271029999,-8.88059675399995 -75.1221326419999,-8.88051684799996 -75.1220369219999,-8.88044065799994 -75.1219399399999,-8.88036818299997 -75.121841699,-8.88029942399993 -75.121742199,-8.88023437999993 -75.121641438,-8.88017305199998 -75.121539417,-8.88011543899995 -75.1214361359999,-8.88006154199996 -75.1213315959999,-8.88001135999997 -75.121225795,-8.87996489299996 -75.1211187339999,-8.87992214199994 -75.121010414,-8.87988310599997 -75.1209225329999,-8.87985517999994 -75.1208313779999,-8.87983025899996 -75.120736839,-8.87980831499993 -75.1206387729999,-8.87978931499993 -75.120537083,-8.87977323499996 -75.120431487,-8.87976002699997 -75.120321722,-8.87974965999996 -75.120207412,-8.87974209599997 -75.120092628,-8.87973743399994 -75.119972568,-8.87973531599994 -75.1198464399999,-8.87973572599998 -75.119712797,-8.87973866899995 -75.119575406,-8.87974391999995 -75.119425026,-8.87975170799996 -75.1190265069999,-8.87977819599996 -75.118836984,-8.87979523799993 -75.1186395829999,-8.87982025399998 -75.118432492,-8.87985346499994 -75.1182122559999,-8.87989542199995 -75.117999286,-8.87994129399993 -75.117762276,-8.87999699699998 -75.117545016,-8.88005098499997 -75.116956605,-8.88020071399995 -75.1168148519999,-8.88023761799997 -75.1166709729999,-8.88027840899997 -75.116524668,-8.88032317099993 -75.116375542,-8.88037202499993 -75.116223345,-8.88042504499998 -75.11606727,-8.88048250799994 -75.115906593,-8.88054467899997 -75.1157402159999,-8.88061198099996 -75.1154551179999,-8.88073330299994 -75.1151393609999,-8.88087470799996 -75.114836101,-8.88101528299995 -75.1140946899999,-8.88136439199997 -75.1137051489999,-8.88154222899993 -75.11350534,-8.88162982699993 -75.113317325,-8.88170926999993 -75.11313783,-8.88178193799996 -75.112965125,-8.88184852899997 -75.1127749029999,-8.88191765799996 -75.112590385,-8.88198006699997 -75.1124105119999,-8.88203611099993 -75.1122345539999,-8.88208601899993 -75.1120617019999,-8.88213001199995 -75.111891676,-8.88216815099997 -75.111724061,-8.88220053199996 -75.1115585329999,-8.88222721299996 -75.111393424,-8.88225331099994 -75.111207473,-8.88228686599996 -75.111004311,-8.88232683299998 -75.1103883929999,-8.88245266999996 -75.110192663,-8.88248950899998 -75.110017473,-8.88251941499993 -75.1098185439999,-8.88254862499997 -75.109634523,-8.88256990699995 -75.109462075,-8.88258364399996 -75.109299574,-8.88258995599995 -75.1092083779999,-8.88259022699998 -75.1091200069999,-8.88258796099996 -75.109034311,-8.88258315499996 -75.1089511709999,-8.88257580199996 -75.1088704649999,-8.88256589099996 -75.1087921289999,-8.88255341199994 -75.108716092,-8.88253835299997 -75.108642289,-8.88252070199997 -75.1085705839999,-8.88250042099997 -75.1085010159999,-8.88247751599994 -75.108433546,-8.88245197199996 -75.108368137,-8.88242377699993 -75.108304753,-8.88239291299993 -75.10824337,-8.88235936999996 -75.108183963,-8.88232313299994 -75.10812651,-8.88228418999995 -75.108035687,-8.88221827899997 -75.1079592899999,-8.88216023899997 -75.107891218,-8.88210543199995 -75.107830554,-8.88205307799996 -75.107775856,-8.88200185299996 -75.107727669,-8.88195217399993 -75.1076857799999,-8.88190382299996 -75.107650093,-8.88185668199998 -75.107623998,-8.88181358399993 -75.1076032289999,-8.88176640699993 -75.107587762,-8.88171509799997 -75.107577576,-8.88165958699994 -75.107572654,-8.88159982599996 -75.1075729789999,-8.88153565199997 -75.10757855,-8.88146691099996 -75.107589386,-8.88139336099994 -75.1076052,-8.88131613299993 -75.1076262349999,-8.88123349099993 -75.107652646,-8.88114480599995 -75.107684815,-8.88104879799994 -75.107717845,-8.88095816999993 -75.107756931,-8.88085715799997 -75.107892866,-8.88052421299994 -75.107938729,-8.88040801899996 -75.107980105,-8.88029359699993 -75.1080094599999,-8.88019817899993 -75.108022885,-8.88014377899998 -75.10803197,-8.88009483999997 -75.1080368,-8.88005090999997 -75.108037403,-8.88001170499996 -75.108033773,-8.87997694699993 -75.108025891,-8.87994655599994 -75.108013722,-8.87992041199993 -75.10799723,-8.87989843199995 -75.107984255,-8.87988603799994 -75.107969952,-8.87987512599994 -75.1079543119999,-8.87986569099996 -75.107937324,-8.87985772699994 -75.107899253,-8.87984618199994 -75.107855607,-8.87984045099995 -75.1078062879999,-8.87984050699993 -75.107750993,-8.87984633799994 -75.107689407,-8.87985797599993 -75.107621036,-8.87987551099997 -75.1075604659999,-8.87989407699996 -75.1074944869999,-8.87991676399997 -75.107422372,-8.87994381999994 -75.107342731,-8.87997576699996 -75.107180887,-8.88004508699993 -75.1068326499999,-8.88020117799994 -75.1066790469999,-8.88026829299997 -75.10652107,-8.88033358299998 -75.1063807739999,-8.88038676199994 -75.106302936,-8.88041369299998 -75.1062290309999,-8.88043718099993 -75.1061586609999,-8.88045735799994 -75.106091565,-8.88047429299996 -75.106027468,-8.88048805499994 -75.1059662919999,-8.88049865399995 -75.105907915,-8.88050611199998 -75.1058522449999,-8.88051044299993 -75.1057631589999,-8.88051382399993 -75.1056721319999,-8.88051499399995 -75.105579108,-8.88051395299993 -75.105484022,-8.88051069999995 -75.1053868229999,-8.88050523399994 -75.1052873909999,-8.88049754999997 -75.10518562,-8.88048763899997 -75.105081366,-8.88047548899993 -75.104975259,-8.88046119099994 -75.1048663189999,-8.88044463699993 -75.1046387759999,-8.88040457699998 -75.104395934,-8.88035483599998 -75.104129552,-8.88029373499995 -75.104002435,-8.88026072599996 -75.103874272,-8.88022240899994 -75.10374479,-8.88017870499993 -75.1036136339999,-8.88012949399996 -75.103480576,-8.88007469999997 -75.1033449019999,-8.88001403899995 -75.1032059679999,-8.87994722599996 -75.1030628189999,-8.87987379899994 -75.102943329,-8.87980926399996 -75.102819278,-8.87973946099993 -75.102689384,-8.87966367499996 -75.10255116,-8.87958045399995 -75.102294537,-8.87942068299998 -75.101663338,-8.87901898299998 -75.101486968,-8.87890997899996 -75.1013271209999,-8.87881421499998 -75.101153121,-8.87871419299995 -75.100988418,-8.87862439499997 -75.1008301539999,-8.87854326199994 -75.100676815,-8.87847002699993 -75.100211042,-8.87825767799995 -75.0997920789999,-8.87807011599995 -75.099400628,-8.87789870999995 -75.0990299269999,-8.87774051599996 -75.0986716369999,-8.87759203599995 -75.098326242,-8.87745353699995 -75.0979914009999,-8.87732407899995 -75.097665609,-8.87720308499996 -75.09734251,-8.87708831699996 -75.0970265029999,-8.87698146599996 -75.0967167709999,-8.87688225799997 -75.096412702,-8.87679049699994 -75.096113625,-8.87670598399995 -75.0958192479999,-8.87662864099997 -75.095529187,-8.87655836599993 -75.095243131,-8.87649508499993 -75.095064533,-8.87645983099998 -75.094881847,-8.87642838999994 -75.0946947579999,-8.87640070899994 -75.09450287,-8.87637672799997 -75.094305898,-8.87635640599996 -75.094103086,-8.87633965999993 -75.093893739,-8.87632643099994 -75.093676871,-8.87631665799995 -75.093459331,-8.87631045099994 -75.093232019,-8.87630736199998 -75.092992865,-8.87630735999994 -75.0927380059999,-8.87631044499994 -75.092492235,-8.87631586599997 -75.092219563,-8.87632402099996 -75.0911934819999,-8.87636254999995 -75.090764717,-8.87637592099998 -75.0905331169999,-8.87638093699996 -75.0903170399999,-8.87638370699995 -75.090112275,-8.87638428299994 -75.089916693,-8.87638266699997 -75.0896821599999,-8.87637753299998 -75.0894573479999,-8.87636889199996 -75.089240672,-8.87635668399997 -75.089031096,-8.87634085099995 -75.088827479,-8.87632129599996 -75.088629479,-8.87629797799997 -75.0884365489999,-8.87627083099994 -75.088248275,-8.87623979799997 -75.0881004299999,-8.87621219199997 -75.087950021,-8.87618135199995 -75.0877967179999,-8.87614720999994 -75.0876400989999,-8.87610967299997 -75.087479891,-8.87606868099994 -75.087315211,-8.87602401299995 -75.0871452649999,-8.87597545399996 -75.0869688399999,-8.87592265799998 -75.086670328,-8.87582857499996 -75.08633845,-8.87571845099995 -75.086022581,-8.87560997599996 -75.085271969,-8.87534817099993 -75.084894602,-8.87522007599995 -75.084537067,-8.87510444099996 -75.0842118049999,-8.87500615699997 -75.0840586909999,-8.87496269299993 -75.083909819,-8.87492238399994 -75.083764549,-8.87488505899995 -75.083622423,-8.87485059799997 -75.0834829359999,-8.87481888299993 -75.083345889,-8.87478987099996 -75.08321101,-8.87476350299994 -75.0830780809999,-8.87473973899995 -75.082956366,-8.87472062799998 -75.082828532,-8.87470370999995 -75.0826933129999,-8.87468881199993 -75.082548237,-8.87467566299995 -75.0822705699999,-8.87465644899993 -75.081758861,-8.87462939799997 -75.081557672,-8.87461726399994 -75.081352652,-8.87460158699997 -75.0811694339999,-8.87458333899997 -75.081065581,-8.87457070099993 -75.080966094,-8.87455674099994 -75.080870319,-8.87454136899993 -75.0807778229999,-8.87452451499996 -75.080688131,-8.87450608799998 -75.080601094,-8.87448605299994 -75.080516482,-8.87446435799995 -75.080434118,-8.87444095599994 -75.080325659,-8.87440517299996 -75.080213648,-8.87436149499996 -75.0800969429999,-8.87430948299993 -75.079973309,-8.87424814699995 -75.079865658,-8.87419042699997 -75.079746562,-8.87412297999998 -75.079354823,-8.87389001799994 -75.0792099029999,-8.87380620399995 -75.0790660019999,-8.87372795899995 -75.078935325,-8.87366308299994 -75.078864889,-8.87363112999998 -75.0787965609999,-8.87360242999995 -75.078729945,-8.87357682199996 -75.07866477,-8.87355419999994 -75.078600737,-8.87353446399993 -75.078537739,-8.87351758499995 -75.0784756209999,-8.87350352299995 -75.0784142639999,-8.87349225199995 -75.078346844,-8.87348309999993 -75.078277794,-8.87347722999993 -75.078206994,-8.87347463199995 -75.078134296,-8.87347529899995 -75.078059592,-8.87347922899994 -75.077982596,-8.87348643199994 -75.077903049,-8.87349693299996 -75.0778205779999,-8.87351077899996 -75.077737253,-8.87352749999997 -75.077650115,-8.87354757499998 -75.07755837,-8.87357118399996 -75.0774605409999,-8.87359870399996 -75.077260773,-8.87366047899997 -75.076863451,-8.87379230099998 -75.076696934,-8.87384542799998 -75.076523075,-8.87389610599996 -75.0763676989999,-8.87393518199997 -75.076276749,-8.87395453799996 -75.076189622,-8.87397018999997 -75.076105705,-8.87398224699996 -75.0760245989999,-8.87399076599996 -75.0759458649999,-8.87399578599997 -75.075869369,-8.87399730799996 -75.075794903,-8.87399533599995 -75.075722309,-8.87398986699998 -75.0756563799999,-8.87398166099996 -75.0755893259999,-8.87397020499998 -75.075521006,-8.87395547599994 -75.075451231,-8.87393743399997 -75.075379883,-8.87391605399995 -75.075306575,-8.87389122699994 -75.075230959,-8.87386283399997 -75.0751525049999,-8.87383067699994 -75.075019277,-8.87377065599998 -75.074871313,-8.87369768199994 -75.074730186,-8.87362387199994 -75.074393124,-8.87344291899996 -75.074222064,-8.87335532999998 -75.0741373669999,-8.87331455399993 -75.0740576109999,-8.87327824399995 -75.073981499,-8.87324580799998 -75.0739083299999,-8.87321695199995 -75.073834253,-8.87319033199998 -75.073762372,-8.87316724699997 -75.0736923379999,-8.87314758399998 -75.0736239089999,-8.87313127599998 -75.073556815,-8.87311826399997 -75.0734909509999,-8.87310853099996 -75.073426178,-8.87310205599994 -75.073362382,-8.87309882799997 -75.073245528,-8.87309843699995 -75.073125445,-8.87310310199996 -75.073002287,-8.87311281699994 -75.0728762429999,-8.87312756799997 -75.072747476,-8.87314733799997 -75.072616264,-8.87317208699994 -75.07248287,-8.87320176499998 -75.0723476059999,-8.87323630299994 -75.0722101809999,-8.87327580499993 -75.072071614,-8.87332000899994 -75.0719323449999,-8.87336877399997 -75.071792887,-8.87342192199998 -75.071653689,-8.87347928599996 -75.0715154929999,-8.87354056399994 -75.071378974,-8.87360545899998 -75.0712449,-8.87367360699994 -75.0711294549999,-8.87373670799997 -75.0710138759999,-8.87380480399997 -75.070898313,-8.87387780599994 -75.0707829369999,-8.87395560699997 -75.070667902,-8.87403810599994 -75.070553428,-8.87412514499994 -75.07043972,-8.87421656899994 -75.0703270079999,-8.87431219299998 -75.070215263,-8.87441205899995 -75.070105015,-8.87451571299994 -75.069996536,-8.87462289899997 -75.069890115,-8.87473333099996 -75.069786022,-8.87484673199998 -75.0696846069999,-8.87496272199996 -75.069586192,-8.87508093399993 -75.0694911159999,-8.87520096399993 -75.069415965,-8.87530131499994 -75.069342288,-8.87540585299996 -75.069270058,-8.87551461599998 -75.069199243,-8.87562765299998 -75.069129819,-8.87574499999994 -75.0690617339999,-8.87586674499994 -75.068994941,-8.87599296699995 -75.0689293849999,-8.87612377499994 -75.068865251,-8.87625875699996 -75.0688021999999,-8.87639858199998 -75.0687401449999,-8.87654344699996 -75.068678962,-8.87669363899994 -75.068618595,-8.87684927799995 -75.068558754,-8.87701109499994 -75.068499201,-8.87717973599996 -75.0684395339999,-8.87735632799996 -75.068416438,-8.87742956699998 -75.068394898,-8.87750494799997 -75.068374864,-8.87758263399996 -75.068356283,-8.87766283799994 -75.06833912,-8.87774569699997 -75.068323275,-8.87783166099996 -75.068295211,-8.87801477199997 -75.068275758,-8.87817515799998 -75.0682580869999,-8.87835515899997 -75.0682127279999,-8.87894305599997 -75.068194239,-8.87915290399997 -75.0681720219999,-8.87935257599997 -75.0681464209999,-8.87953153399997 -75.068131444,-8.87961878699997 -75.0681152129999,-8.87970273799993 -75.0680976529999,-8.87978378599996 -75.068078702,-8.87986220799996 -75.068058284,-8.87993830699997 -75.0680363669999,-8.88001219699993 -75.068012903,-8.88008403599997 -75.067987852,-8.88015394399997 -75.06791889,-8.88033065199994 -75.0678450619999,-8.88050580499993 -75.0677663669999,-8.88067939999996 -75.0676828059999,-8.88085143899997 -75.0675943799999,-8.88102192199995 -75.0675010859999,-8.88119084899995 -75.067402927,-8.88135821799995 -75.067370232,-8.88141083899995 -75.067303594,-8.88148317199995 -75.0672042159999,-8.88159130599996 -75.0671062609999,-8.88168506099993 -75.0670059129999,-8.88177252199995 -75.066903173,-8.88185368799998 -75.0667980389999,-8.88192855999995 -75.066690512,-8.88199713599994 -75.066580593,-8.88205941899997 -75.066520596,-8.88208996699996 -75.0664583229999,-8.88211896599995 -75.066393869,-8.88214637099998 -75.066327342,-8.88217213599995 -75.066258846,-8.88219621999997 -75.066188514,-8.88221857599996 -75.0661164749999,-8.88223916299995 -75.066042872,-8.88225793999993 -75.065967783,-8.88227488399997 -75.065891431,-8.88228994199994 -75.0658139769999,-8.88230308199996 -75.065735594,-8.88231427499994 -75.0656564509999,-8.88232349699996 -75.065576732,-8.88233072399993 -75.065496622,-8.88233594299993 -75.065416306,-8.88233913899995 -75.0653359889999,-8.88234030499996 -75.065255839,-8.88233943999995 -75.065176043,-8.88233654599998 -75.065096782,-8.88233162999995 -75.06501824,-8.88232470299994 -75.064940586,-8.88231577899995 -75.064863991,-8.88230487899995 -75.064788613,-8.88229202599996 -75.064714678,-8.88227726099996 -75.064642259,-8.88226059999994 -75.064571497,-8.88224207799993 -75.06450252,-8.88222172799993 -75.06443546,-8.88219958799993 -75.0643704189999,-8.88217569299997 -75.064307502,-8.88215008299994 -75.064246807,-8.88212279599998 -75.0641941599999,-8.88209674799998 -75.064140917,-8.88206802499997 -75.064087059,-8.88203661699993 -75.0640325589999,-8.88200250899996 -75.0639773999999,-8.88196569099995 -75.0639215319999,-8.88192612899996 -75.063807477,-8.88183863899997 -75.063690735,-8.88174039399996 -75.06356957,-8.88163002099998 -75.063442706,-8.88150639199995 -75.063305632,-8.88136511799996 -75.063262358,-8.88131735999997 -75.063220438,-8.88126681099993 -75.063179812,-8.88121339799994 -75.063140402,-8.88115702299996 -75.063102155,-8.88109761399994 -75.063064947,-8.88103497999998 -75.063028668,-8.88096893999995 -75.062993176,-8.88089923599995 -75.0629568109999,-8.88082226199998 -75.062920864,-8.88074039999998 -75.062885024,-8.88065294399996 -75.0628487389999,-8.88055854999993 -75.062778306,-8.88036032299993 -75.062646695,-8.87996416799996 -75.062590471,-8.87980131899997 -75.062527926,-8.87963438499997 -75.0624672759999,-8.87948992099996 -75.0624286629999,-8.87940715699995 -75.06238938,-8.87933002899996 -75.062349136,-8.87925796299993 -75.062307725,-8.87919059599994 -75.0622649049999,-8.87912754599995 -75.062220592,-8.87906870599994 -75.062174657,-8.87901390199994 -75.0621269919999,-8.87896300899996 -75.062079346,-8.87891691599998 -75.062029552,-8.87887257399996 -75.061977586,-8.87882996099995 -75.061923419,-8.87878905199995 -75.0618670229999,-8.87874982699998 -75.061808356,-8.87871225599997 -75.061747377,-8.87867631299997 -75.061684037,-8.87864196799995 -75.06161838,-8.87860923899996 -75.0615502489999,-8.87857804299995 -75.061479575,-8.87854834599995 -75.061406268,-8.87852010999995 -75.061330255,-8.87849330699993 -75.0612513899999,-8.87846788499996 -75.0611695379999,-8.87844379899997 -75.061084518,-8.87842099599993 -75.060940387,-8.87838682399996 -75.060786277,-8.87835555099997 -75.06062058,-8.87832683999994 -75.06044009,-8.87830013699994 -75.060277935,-8.87827925999994 -75.060095513,-8.87825832299995 -75.059461083,-8.87819363499995 -75.059214782,-8.87816648799998 -75.05896835,-8.87813492399994 -75.058749592,-8.87810129399998 -75.058630287,-8.87808001999997 -75.058516631,-8.87805742099994 -75.058407943,-8.87803335999996 -75.058303772,-8.87800773599997 -75.0582036289999,-8.87798042399993 -75.058107358,-8.87795137799998 -75.058014726,-8.87792052599997 -75.0579255549999,-8.87788780799997 -75.057549449,-8.87774041899996 -75.05719448,-8.87759580599993 -75.056856618,-8.87745232299994 -75.0565337159999,-8.87730905499996 -75.056223352,-8.87716490399993 -75.055925224,-8.87701970499995 -75.055638441,-8.87687302299997 -75.0553623919999,-8.87672454499995 -75.0550949719999,-8.87657306899996 -75.05483751,-8.87641927499993 -75.054712404,-8.87634144399993 -75.054589675,-8.87626296599996 -75.0544692889999,-8.87618381799996 -75.0543512209999,-8.87610398399994 -75.054235416,-8.87602342899993 -75.0541218819999,-8.87594215299993 -75.054010596,-8.87586014199996 -75.05390154,-8.87577738399995 -75.053794696,-8.87569386299998 -75.053690049,-8.87560956799996 -75.0535875849999,-8.87552448699995 -75.053487291,-8.87543860999995 -75.053321605,-8.87529112999994 -75.053154376,-8.87513551299998 -75.052985268,-8.87497144799994 -75.052813814,-8.87479847699996 -75.052639819,-8.87461642799997 -75.052462098,-8.87442408299995 -75.0522796289999,-8.87422033799993 -75.052090601,-8.87400317199996 -75.052017268,-8.87391571599994 -75.0519444989999,-8.87382472799993 -75.051872139,-8.87373001299994 -75.0517999899999,-8.87363131399997 -75.051727926,-8.87352846699997 -75.051655555,-8.87342092199998 -75.051582535,-8.87330817099996 -75.0515083559999,-8.87318942699994 -75.051385264,-8.87298373599998 -75.051252286,-8.87275116999996 -75.051127672,-8.87252611299994 -75.0508308569999,-8.87198194499996 -75.050676145,-8.87170600399998 -75.050597123,-8.87156976999995 -75.0505214419999,-8.87144303799994 -75.050447844,-8.87132370099994 -75.0503756419999,-8.87121065299993 -75.0502987949999,-8.87109492099995 -75.0502224529999,-8.87098476699998 -75.0501462249999,-8.87087962999993 -75.050069833,-8.87077912399997 -75.0499929549999,-8.87068283399998 -75.04991547,-8.87059061699995 -75.049837203,-8.87050226399998 -75.049758014,-8.87041761599994 -75.049602389,-8.87025906199995 -75.0494434829999,-8.87010353599993 -75.0492812969999,-8.86995103899994 -75.0491158309999,-8.86980157099993 -75.048947084,-8.86965513099994 -75.048775056,-8.86951172099998 -75.0485997499999,-8.86937133999993 -75.048421162,-8.86923398599993 -75.0482392929999,-8.86909966199994 -75.048054145,-8.86896836799997 -75.047865717,-8.86884010099993 -75.047674007,-8.86871486299998 -75.0474790179999,-8.86859265399994 -75.047280749,-8.86847347399993 -75.0470791989999,-8.86835732299994 -75.046874369,-8.86824419999994 -75.046669703,-8.86815774399997 -75.046465013,-8.86807632999995 -75.0462602979999,-8.86799996099995 -75.046055558,-8.86792863599993 -75.045850792,-8.86786235399995 -75.045646002,-8.86780111499996 -75.0454411869999,-8.86774491999995 -75.045236347,-8.86769376899997 -75.045031482,-8.86764766099998 -75.0448265919999,-8.86760659599997 -75.0446216779999,-8.86757057599993 -75.0444167379999,-8.86753959899994 -75.044211772,-8.86751366399994 -75.044006783,-8.86749277399997 -75.0438017669999,-8.86747692799997 -75.043596728,-8.86746612499996 -75.043471879,-8.86746393399994 -75.0433444239999,-8.86746734599996 -75.0432140889999,-8.86747636699994 -75.043080512,-8.86749102399995 -75.0429434659999,-8.86751132899997 -75.0428022,-8.86753738299996 -75.042656036,-8.86756930899998 -75.042503933,-8.86760733299997 -75.0423776119999,-8.86764221299995 -75.0422455839999,-8.86768147599997 -75.04210647,-8.86772552699995 -75.041957544,-8.86777522899996 -75.0416827019999,-8.86787201999994 -75.0410287029999,-8.86811040999993 -75.040856037,-8.86817083599993 -75.040700128,-8.86822308299998 -75.040539779,-8.86827382799993 -75.040388901,-8.86831818799993 -75.0402451049999,-8.86835686399996 -75.040107101,-8.86839019799993 -75.0399732829999,-8.86841855399996 -75.0398435769999,-8.86844191799997 -75.03971741,-8.86846039299996 -75.039594372,-8.86847403999997 -75.039474017,-8.86848290099994 -75.03935617,-8.86848698299997 -75.039240593,-8.86848629599996 -75.039127094,-8.86848083899997 -75.039056278,-8.86847496599995 -75.038984258,-8.86846713799997 -75.0388360749999,-8.86844555799996 -75.038681335,-8.86841592699994 -75.038517879,-8.86837783599998 -75.038347156,-8.86833186699994 -75.038158767,-8.86827543599998 -75.037961159,-8.86821178699995 -75.037403679,-8.86802619799994 -75.037230624,-8.86797222699994 -75.037075021,-8.86792724199995 -75.036895235,-8.86788080299993 -75.0367268429999,-8.86784397299994 -75.0366457809999,-8.86782890999996 -75.036566523,-8.86781603099996 -75.03648885,-8.86780529899994 -75.036412599,-8.86779669299995 -75.0362938809999,-8.86778700499997 -75.036169919,-8.86778114599997 -75.036039768,-8.86777906699996 -75.035901758,-8.86778074199998 -75.035751466,-8.86778629199995 -75.0355851319999,-8.86779592799996 -75.035408747,-8.86780890599994 -75.034910904,-8.86784928199995 -75.034757143,-8.86785945999998 -75.0346197279999,-8.86786630699993 -75.034461478,-8.86787063299994 -75.034314664,-8.86787031899996 -75.034176319,-8.86786535499994 -75.034044958,-8.86785568199997 -75.033855853,-8.86783496599998 -75.0336656809999,-8.86780825299996 -75.033474417,-8.86777554099996 -75.033282033,-8.86773682399996 -75.033088501,-8.86769209899995 -75.032893784,-8.86764135399994 -75.032697844,-8.86758458199995 -75.032500639,-8.86752176899995 -75.032302198,-8.86745292899997 -75.032102395,-8.86737801999993 -75.031901175,-8.86729702299994 -75.031698472,-8.86720990999993 -75.031494231,-8.86711665799993 -75.031288353,-8.86701722399994 -75.031080748,-8.86691156299997 -75.030871309,-8.86679961999994 -75.03066325,-8.86668323899994 -75.03045316,-8.86656063399994 -75.030240888,-8.86643171499998 -75.030026245,-8.86629636899994 -75.029809088,-8.86615450799997 -75.029589081,-8.86600591599995 -75.029365919,-8.86585038599998 -75.0291391929999,-8.86568763299994 -75.0289110849999,-8.86551930299993 -75.028678395,-8.86534311199995 -75.028440368,-8.86515848999994 -75.02819584,-8.86496453499996 -75.027944878,-8.86476133999997 -75.027683587,-8.86454578499996 -75.0274087509999,-8.86431522799995 -75.027112411,-8.86406299599997 -75.026586483,-8.86361037699993 -75.026395447,-8.86344244999998 -75.026223075,-8.86328786899998 -75.026056258,-8.86313463399995 -75.025900769,-8.86298776599995 -75.025754633,-8.86284540099996 -75.025616779,-8.86270648899995 -75.025480868,-8.86256432499994 -75.025352432,-8.86242434199994 -75.0252309689999,-8.86228599599997 -75.025116139,-8.86214889899998 -75.0250075819999,-8.86201261299993 -75.024905173,-8.86187697299994 -75.024808734,-8.86174174199994 -75.024718133,-8.86160673799998 -75.02468385,-8.86155172999997 -75.024650728,-8.86149396299993 -75.024618699,-8.86143332399996 -75.0245876819999,-8.86136965999998 -75.024557626,-8.86130287199995 -75.0245283789999,-8.86123263299993 -75.024499815,-8.86115864399994 -75.0244717529999,-8.86108043799993 -75.0244254849999,-8.86093899399998 -75.0243781409999,-8.86077838699993 -75.024334643,-8.86061887999995 -75.0242286979999,-8.86021544299996 -75.0241677079999,-8.86000132799995 -75.024132956,-8.85989108199993 -75.0240982459999,-8.85979021099996 -75.024062923,-8.85969681699993 -75.0240266229999,-8.85960994599998 -75.023980637,-8.85951187699993 -75.023932359,-8.85942157999995 -75.023881456,-8.85933843999993 -75.0238276919999,-8.85926206899995 -75.0237707699999,-8.85919206999995 -75.023710581,-8.85912832899993 -75.023646958,-8.85907066799996 -75.023579761,-8.85901896399997 -75.0234941589999,-8.85896074099998 -75.0234047229999,-8.85890427499993 -75.023312561,-8.85885026399995 -75.023218603,-8.85879925399996 -75.02312392,-8.85875181099993 -75.023029008,-8.85870816999994 -75.022934498,-8.85866862199993 -75.022840892,-8.85863337599994 -75.022749612,-8.85860290399995 -75.022659996,-8.85857692099995 -75.0225723519999,-8.85855551499998 -75.022486922,-8.85853874599997 -75.022403965,-8.85852666099993 -75.022323608,-8.85851927399995 -75.022246002,-8.85851659999997 -75.022171273,-8.85851864099993 -75.022109096,-8.85852395599994 -75.02204517,-8.85853252999993 -75.0219795789999,-8.85854435499994 -75.021912427,-8.85855940999994 -75.021843802,-8.85857767899995 -75.021773867,-8.85859911899996 -75.021702773,-8.85862368399995 -75.0216307009999,-8.85865131199995 -75.0215574059999,-8.85868212199995 -75.021483573,-8.85871585099994 -75.0214094729999,-8.85875237399995 -75.021335434,-8.85879152999996 -75.0212617289999,-8.85883318099997 -75.021188861,-8.85887704599998 -75.0211172799999,-8.85892285299997 -75.021047513,-8.85897026799995 -75.021013035,-8.85899554599996 -75.020978945,-8.85902282199993 -75.020911665,-8.85908357899996 -75.020845067,-8.85915307599993 -75.020778077,-8.85923243099995 -75.02071707,-8.85931255499997 -75.020652146,-8.85940502499994 -75.020588619,-8.85950097799997 -75.020422664,-8.85975870899995 -75.020372014,-8.85983374799997 -75.0203254419999,-8.85989931999995 -75.020270481,-8.85997153099993 -75.020217068,-8.86003568899997 -75.020164145,-8.86009305899995 -75.020111146,-8.86014424999996 -75.0200517279999,-8.86019565699996 -75.0199900599999,-8.86024412099994 -75.01992611,-8.86028966199996 -75.019859848,-8.86033230399994 -75.019791245,-8.86037206599997 -75.0197202529999,-8.86040897399994 -75.019646828,-8.86044305499996 -75.0195709179999,-8.86047432899994 -75.019492562,-8.86050278999994 -75.019411603,-8.86052849999993 -75.019327968,-8.86055148199995 -75.0192415669999,-8.86057176199995 -75.0191523249999,-8.86058935999995 -75.0190600999999,-8.86060430199996 -75.018964759,-8.86061661199994 -75.018866133,-8.86062630999993 -75.01877695,-8.86063267299994 -75.018684939,-8.86063706099998 -75.0185899159999,-8.86063948499998 -75.018491637,-8.86063994899996 -75.018389943,-8.86063845799993 -75.0182843439999,-8.86063500999995 -75.018059431,-8.86062216099998 -75.017847065,-8.86060449699994 -75.017608733,-8.86057999299993 -75.017367913,-8.86055190099995 -75.016721216,-8.86047233499994 -75.016528315,-8.86045066699995 -75.016355732,-8.86043328099993 -75.0161613889999,-8.86041675499996 -75.0159812049999,-8.86040510399994 -75.015811779,-8.86039811199993 -75.015651405,-8.86039571299995 -75.015464106,-8.86039905599995 -75.015374363,-8.86040334399996 -75.015287014,-8.86040938799994 -75.015201904,-8.86041719799994 -75.0151189539999,-8.86042678099994 -75.015038067,-8.86043814999994 -75.014959166,-8.86045131499998 -75.014882072,-8.86046630999994 -75.0148068359999,-8.86048313199996 -75.014733404,-8.86050178999994 -75.014661726,-8.86052229899997 -75.014591755,-8.86054467099996 -75.014523458,-8.86056891799996 -75.014456802,-8.86059505199995 -75.014391755,-8.86062308599998 -75.01431758,-8.86065811899994 -75.014242908,-8.86069652299994 -75.014167575,-8.86073837799995 -75.0140913769999,-8.86078380099997 -75.0140141799999,-8.86083286399997 -75.013935562,-8.86088582899993 -75.0138551489999,-8.86094294599997 -75.013772377,-8.86100461699994 -75.0136327289999,-8.86111451299996 -75.013479162,-8.86124225199995 -75.0133331499999,-8.86136837099997 -75.0129799759999,-8.86167870899993 -75.0127956009999,-8.86183554799993 -75.0127018649999,-8.86191204999994 -75.012613022,-8.86198194399998 -75.012527583,-8.86204639799996 -75.012444751,-8.86210601299996 -75.012356525,-8.86216612299995 -75.0122700919999,-8.86222138499994 -75.012185002,-8.86227208799994 -75.012100937,-8.86231841899996 -75.012017541,-8.86236056899997 -75.011934687,-8.86239859599993 -75.011852185,-8.86243258799993 -75.011769886,-8.86246260499996 -75.0116695039999,-8.86249391599995 -75.0115627979999,-8.86252152299994 -75.0114489169999,-8.86254564799998 -75.0113263009999,-8.86256662399995 -75.011196533,-8.86258437599997 -75.011051487,-8.86260018599995 -75.01089885,-8.86261374099996 -75.010474831,-8.86264733699994 -75.010346052,-8.86265989299994 -75.0102318039999,-8.86267335199994 -75.010101705,-8.86269237399995 -75.0099825949999,-8.86271432299998 -75.009872061,-8.86273964699996 -75.0097689089999,-8.86276862699998 -75.009649695,-8.86280687699997 -75.0095319009999,-8.86284736599993 -75.009415527,-8.86289009299998 -75.009300572,-8.86293505999993 -75.0091870379999,-8.86298226599996 -75.0090749239999,-8.86303170999997 -75.0089642309999,-8.86308339399994 -75.008854958,-8.86313731699994 -75.008747104,-8.86319347799997 -75.008640671,-8.86325187899996 -75.008535658,-8.86331251899998 -75.008432065,-8.86337539799996 -75.0083298919999,-8.86344051499998 -75.008229139,-8.86350787199996 -75.0081298059999,-8.86357746899995 -75.008031893,-8.86364930399998 -75.007935402,-8.86372337799997 -75.007840329,-8.86379969099994 -75.007746676,-8.86387824299993 -75.007654445,-8.86395903399995 -75.007563633,-8.86404206399993 -75.00747424,-8.86412733399993 -75.0073862689999,-8.86421484199997 -75.007299716,-8.86430458899997 -75.007214585,-8.86439657499994 -75.007130874,-8.86449080099993 -75.007048583,-8.86458726599994 -75.006967711,-8.86468596899994 -75.00688826,-8.86478691199994 -75.0068102289999,-8.86489009399997 -75.006733617,-8.86499551399993 -75.0066584269999,-8.86510317399996 -75.006584656,-8.86521307199996 -75.0065123049999,-8.86532521099997 -75.006441375,-8.86543958699997 -75.006371864,-8.86555620299993 -75.0063037749999,-8.86567505899995 -75.006237104,-8.86579615299996 -75.0061718539999,-8.86591948599994 -75.006108024,-8.86604505799994 -75.006045613,-8.86617286899997 -75.005984624,-8.86630291999995 -75.005925055,-8.86643520899997 -75.005866904,-8.86656973699996 -75.005810175,-8.86670650599996 -75.005754866,-8.86684551099995 -75.0057009769999,-8.86698675799994 -75.005648508,-8.86713024199997 -75.0055974589999,-8.86727596599997 -75.005547829,-8.86742392899993 -75.00549962,-8.86757413099997 -75.0054528319999,-8.86772657199998 -75.005407463,-8.86788125199996 -75.0053635149999,-8.86803817099997 -75.005320986,-8.86819732899994 -75.005279878,-8.86835872699993 -75.0052401899999,-8.86852236299995 -75.005201922,-8.86868823799995 -75.0051650729999,-8.86885635299996 -75.0051296459999,-8.86902670599994 -75.005063051,-8.86937413099997 -75.005002136,-8.86973051099994 -75.000947164,-8.86930076499993 -74.988756364,-8.87150395499998 -74.9845452559999,-8.87150380399993 -74.978980571,-8.87165310799998 -74.974167917,-8.87105450499996 -74.969956876,-8.87030631599993 -74.965745867,-8.86940850199994 -74.962738042,-8.86851076399995 -74.9591287,-8.86716421099993 -74.956421715,-8.86611687899995 -74.954472231,-8.86356802199998 -74.9407121089999,-8.85789260199994 -74.9399016089999,-8.85721697699995 -74.9391586089999,-8.85633897699995 -74.937988359,-8.85507385199998 -74.936659484,-8.85363722699998 -74.933822734,-8.85012510099995 -74.9113126089999,-8.82328122699994 -74.90632636,-8.81629110199998 -74.9002307339999,-8.80976997699997 -74.89574411,-8.80476360099993 -74.89049611,-8.80120697699994 -74.886917985,-8.79793160199995 -74.8794784839999,-8.79241997699995 -74.8716874839999,-8.78598635199995 -74.8685267339999,-8.78369860199996 -74.865338735,-8.78094535199995 -74.8644644839999,-8.77996047699997 -74.8622951089999,-8.77742385199997 -74.8611818589999,-8.77611185199993 -74.8604259849999,-8.77522097699995 -74.857079109,-8.77022235199996 -74.854423859,-8.76656547699997 -74.852910734,-8.76438485099993 -74.852198734,-8.76309435199994 -74.8519762349999,-8.76198185199996 -74.851397734,-8.76055772699993 -74.8508194839999,-8.75832760199995 -74.8505583589999,-8.75689110099995 -74.850268609,-8.74877635099995 -74.850257609,-8.73848835199993 -74.850713734,-8.73001060199994 -74.850417984,-8.72432622599996 -74.849391984,-8.72000760099996 -74.849202109,-8.71939985199998 -74.848860234,-8.71863997699995 -74.848556359,-8.71791835199997 -74.847864484,-8.71671672699995 -74.847834484,-8.71666485199995 -74.8477306089999,-8.71651922699994 -74.846884985,-8.71533535199995 -74.84684636,-8.71521472599994 -74.8465811089999,-8.71438560199994 -74.8465346099999,-8.71385085199995 -74.84650511,-8.71351197699994 -74.846657109,-8.71279035099997 -74.8468594839999,-8.71200547699993 -74.846960859,-8.71161272699993 -74.847203609,-8.71018710099997 -74.8472649839999,-8.70982735199993 -74.84869336,-8.70279885099995 -74.848640609,-8.69751560199995 -74.847978484,-8.69197960199995 -74.84707711,-8.68893360199996 -74.846405609,-8.68790060199996 -74.845527609,-8.68681597699998 -74.844752985,-8.68562810199995 -74.84418486,-8.68459522599994 -74.8434101089999,-8.68392385199996 -74.842428984,-8.68304585199996 -74.84155086,-8.68227110099997 -74.8415077339999,-8.68215985199993 -74.8409311089999,-8.68067010199997 -74.840827734,-8.67963697599993 -74.84077611,-8.67906897599994 -74.8409311089999,-8.67824260199995 -74.841231109,-8.67744260099994 -74.841240984,-8.67741622699998 -74.8419123589999,-8.67638335099997 -74.844133234,-8.67416247599994 -74.845011234,-8.67297460099996 -74.8460441089999,-8.67178672599994 -74.846086359,-8.67171072699995 -74.8468188589999,-8.67039222599993 -74.846973609,-8.66879122699993 -74.8469904839999,-8.66839897699998 -74.8470771089999,-8.66636385099997 -74.847128734,-8.66471110199996 -74.84735361,-8.66331685199998 -74.847439735,-8.66231710199997 -74.847405234,-8.66202397699993 -74.847370734,-8.66176535199997 -74.847284485,-8.66164472599996 -74.8471464839999,-8.66152410199993 -74.846683484,-8.66123535099996 -74.7975268599999,-8.63171172699998 -74.731571109,-8.59997710199997 -74.692500234,-8.58117822599996 -74.6869311089999,-8.57839360099996 -74.682754109,-8.57595697599993 -74.673955109,-8.56901060199993 -74.6710846089999,-8.56693210099996 -74.6641476089999,-8.56190872699995 -74.662151234,-8.56111022599993 -74.6540019839999,-8.55785047599994 -74.644194484,-8.55413035199996 -74.630328859,-8.55041035199997 -74.617815859,-8.54871935199998 -74.612775734,-8.54861860199998 -74.6009064839999,-8.54838122599995 -74.593072734,-8.54861860199998 -74.589746234,-8.54871935199998 -74.582982484,-8.55108672699993 -74.577571484,-8.55379222599993 -74.5687786089999,-8.56157047699998 -74.566874484,-8.56342022599995 -74.5569419839999,-8.57306885199995 -74.555296109,-8.57499860199994 -74.547134609,-8.58456722599993 -74.5440179839999,-8.59298185199998 -74.543752734,-8.59369835099994 -74.543428609,-8.59573522699998 -74.5413853589999,-8.60857860199997 -74.536122609,-8.62986497699995 -74.527789609,-8.71097260099998 -74.526874984,-8.72382822599997 -74.526043859,-8.73740335199994 -74.525351234,-8.74931622599996 -74.5265978589999,-8.75499560199995 -74.5283987339999,-8.76095210199998 -74.531584734,-8.77023297699998 -74.532178109,-8.77613322699995 -74.5346642339999,-8.77689360199997 -74.5420104839999,-8.78041372699994 -74.550219984,-8.78262997599995 -74.5728746089999,-8.79264585199996 -74.576998609,-8.80068760199993 -74.588089859,-8.81264647699993 -74.608920234,-8.82022835199996 -74.616294984,-8.82794535199997 -74.6183086089999,-8.83202735099997 -74.620490234,-8.84092010199993 -74.6214141089999,-8.84557047699997 -74.621749984,-8.84965035199997 -74.622253859,-8.86549610199995 -74.623107359,-8.88064847699997 -74.6236191089999,-8.88409372699994 -74.6242149839999,-8.88872660199996 -74.628974609,-8.89833597699993 -74.634277359,-8.90820897699996 -74.636383484,-8.91225160199997 -74.639740484,-8.91401560199995 -74.642814609,-8.91637697699997 -74.644310734,-8.91878322699995 -74.644306609,-8.92078122699996 -74.645544109,-8.92704535199994 -74.647292984,-8.93808197699997 -74.649453109,-8.96331247699993 -74.6501631259999,-8.96748209699996 -74.6507927339999,-8.97117947699996 -74.652740234,-8.97958197699995 -74.651466859,-8.98394135199993 -74.6478021089999,-8.98957247699997 -74.6478749839999,-8.99576760199994 -74.6510802339999,-8.99982622699997 -74.6548074839999,-9.00120672699995 -74.658258484,-9.00272522699993 -74.661709609,-9.00382960199994 -74.6644704839999,-9.00935135199995 -74.6669552339999,-9.01459697699994 -74.669163984,-9.02025672699995 -74.668611859,-9.02287960199993 -74.665436859,-9.02922960199993 -74.664056359,-9.03392310199996 -74.6619856089999,-9.03626997699996 -74.660445984,-9.03802622699993 -74.6581204839999,-9.04110135199994 -74.657847051,-9.04165634899994 -74.6567372339999,-9.04390897699994 -74.654669359,-9.04455247699997 -74.6526406089999,-9.04473435199998 -74.6512382339999,-9.04608285199993 -74.651366109,-9.04876835199997 -74.652900734,-9.05107022699997 -74.654307484,-9.05554622699998 -74.6570579839999,-9.06859910199995 -74.6583997339999,-9.07140372699996 -74.6627477339999,-9.07587960199993 -74.664882609,-9.07959135199997 -74.667643234,-9.08150210199994 -74.668758359,-9.08227385199996 -74.6713158589999,-9.08329685199993 -74.672763109,-9.08614347699995 -74.675906609,-9.08988572799996 -74.678093734,-9.09403910199995 -74.678093734,-9.09813135199994 -74.676654984,-9.10290847699997 -74.6754574839999,-9.10709972699993 -74.671864984,-9.11054247699997 -74.665877484,-9.11203935199995 -74.6548006089999,-9.11383560199994 -74.640708984,-9.11856447699995 -74.6365387339999,-9.12551122699995 -74.639136734,-9.12983397799997 -74.639480484,-9.13294722699993 -74.6400507339999,-9.13587310199995 -74.6400507339999,-9.13690622699994 -74.6409766089999,-9.14180072699997 -74.640968734,-9.14484960299995 -74.640273484,-9.14956060199995 -74.639915984,-9.15674997699995 -74.6395644839999,-9.15968160199998 -74.6360897339999,-9.17296210199993 -74.626968609,-9.19705072699998 -74.6244668589999,-9.21556247699993 -74.6166308589999,-9.23033397699993 -74.616103484,-9.23545310199995 -74.615294859,-9.23798435199996 -74.613960984,-9.23930272799993 -74.610892609,-9.24102735199995 -74.610367234,-9.24200385299997 -74.609498109,-9.24505072699998 -74.608917984,-9.24614447699997 -74.607933609,-9.24729297699997 -74.6066211089999,-9.24824022799993 -74.606421859,-9.24838460199993 -74.6041113589999,-9.24913285199995 -74.6027148589999,-9.25016210199993 -74.602310484,-9.25067772799997 -74.6009746089999,-9.25418560199995 -74.600052734,-9.25579497699994 -74.5984882339999,-9.25705860199997 -74.596634734,-9.25815235199997 -74.5951229839999,-9.26096285299997 -74.594078109,-9.26234572699997 -74.591468734,-9.26470510199994 -74.589904234,-9.26717172699995 -74.5893242339999,-9.26912497799998 -74.589263734,-9.27177347699995 -74.589722609,-9.27395510199995 -74.5904606089999,-9.27570985299997 -74.5910788589999,-9.28043897699996 -74.5914529839999,-9.28241210199997 -74.5912671089999,-9.28503960199993 -74.591166234,-9.28826535299993 -74.5912089839999,-9.29109372699997 -74.5906288589999,-9.29236135199994 -74.587150234,-9.29557622699997 -74.587150234,-9.29660747699995 -74.587441359,-9.29747647699998 -74.5889897339999,-9.30130310199996 -74.589439359,-9.30317635199998 -74.592510359,-9.30747385199993 -74.593935109,-9.30946760199993 -74.597098234,-9.31126935199995 -74.5985263589999,-9.31203097699995 -74.600525734,-9.31345910199997 -74.601287359,-9.31507760199997 -74.602334609,-9.31655335199997 -74.603096234,-9.31826697699995 -74.605476484,-9.32017110199996 -74.607094984,-9.32150410199995 -74.6086182339999,-9.32483635299997 -74.6093798589999,-9.32693085199998 -74.6096654839999,-9.32835897699994 -74.610712859,-9.32950147799994 -74.611188859,-9.33140560199996 -74.612082234,-9.33397297699997 -74.613160234,-9.33466110199993 -74.6139498589999,-9.33721322699995 -74.615568359,-9.33987897799994 -74.617186859,-9.34159272699998 -74.6187102339999,-9.34292560199998 -74.6208999839999,-9.34392522699994 -74.6203287339999,-9.34487735199997 -74.620519109,-9.34601985199993 -74.622613609,-9.34782872799997 -74.624136984,-9.34963760199997 -74.6253746089999,-9.35020885199998 -74.625850734,-9.35335072699996 -74.625850734,-9.35496922699997 -74.626231484,-9.35677810199996 -74.627183609,-9.35896797799995 -74.627088359,-9.36096722699995 -74.626612359,-9.36306185199993 -74.627373984,-9.36477547699997 -74.628516484,-9.36582285299994 -74.630325359,-9.36696522799997 -74.6328007339999,-9.36763172799994 -74.6344193589999,-9.36877422699996 -74.636228234,-9.36944060199994 -74.6384179839999,-9.36915510199998 -74.6399412339999,-9.36858385199997 -74.6407981089999,-9.36782210299998 -74.641369359,-9.36715572699995 -74.642511859,-9.36639410199996 -74.643368734,-9.36639410199996 -74.644727609,-9.36679485199994 -74.6453681089999,-9.36648922699993 -74.646986609,-9.36648922699993 -74.648890734,-9.36648922699993 -74.650318859,-9.36715572799994 -74.6523182339999,-9.36829822799996 -74.654317484,-9.36877422699996 -74.656316859,-9.37020235199998 -74.656888109,-9.37210647799998 -74.657935359,-9.37382022799994 -74.658411359,-9.37515310299995 -74.658411359,-9.37800922699995 -74.658316234,-9.38010385199993 -74.657833984,-9.38201335299993 -74.660125109,-9.38467372799994 -74.6639333589999,-9.38714910199997 -74.665932734,-9.38772035199997 -74.668884109,-9.38867247799993 -74.672751359,-9.38888297699998 -74.674135109,-9.39072810299996 -74.675134484,-9.39357247699996 -74.676056984,-9.39495622799996 -74.676518234,-9.39657060199994 -74.678132609,-9.40010685199996 -74.679362609,-9.40125997699994 -74.6809001089999,-9.40202872699996 -74.682130109,-9.40318185199993 -74.682360734,-9.40448872699994 -74.682591359,-9.40564185199997 -74.683283234,-9.40717935299995 -74.684743859,-9.40887060299997 -74.685743234,-9.40887060299997 -74.6869732339999,-9.40887060299997 -74.688049484,-9.40925497699993 -74.689894484,-9.41017747699993 -74.6912013589999,-9.41040810299995 -74.6925082339999,-9.41079247699997 -74.693815109,-9.41209935199993 -74.694737609,-9.41317560299996 -74.695045109,-9.41486685199993 -74.696351984,-9.41794185199996 -74.6977357339999,-9.41801872699995 -74.6995807339999,-9.41701935199995 -74.7008876089999,-9.41694247699996 -74.7023482339999,-9.41678872799997 -74.703578234,-9.41678872799997 -74.704961984,-9.41671185199993 -74.705822484,-9.41789310199994 -74.706302109,-9.41921222699995 -74.706422109,-9.41993172699995 -74.707021609,-9.42125097699994 -74.7087006089999,-9.42161072699997 -74.709420109,-9.42221035199998 -74.709060359,-9.42328960199995 -74.707861109,-9.42400922699994 -74.706901735,-9.42484860199994 -74.706422109,-9.42580797799997 -74.7047431089999,-9.42724710299996 -74.702944234,-9.42760685199994 -74.701505234,-9.42892597699995 -74.701385234,-9.43168422699995 -74.700785609,-9.43300347699994 -74.6991067339999,-9.43420260199997 -74.697667609,-9.43564172699996 -74.695269235,-9.43468235299997 -74.693710234,-9.43384285299993 -74.691791359,-9.43420260299996 -74.689070734,-9.43489560199993 -74.688254359,-9.43582972699994 -74.684356109,-9.43839997799995 -74.6809983589999,-9.44115822699996 -74.679079609,-9.44259722699996 -74.677490484,-9.44566647799996 -74.675961484,-9.44691447699995 -74.678721234,-9.44805572799993 -74.680047609,-9.44727197699996 -74.681735609,-9.44678960299996 -74.6842677339999,-9.44624697799998 -74.685533734,-9.44588535199995 -74.687101234,-9.44570447799993 -74.689392234,-9.44570447699994 -74.6913817339999,-9.44642785199994 -74.6932507339999,-9.44745285299996 -74.6947768589999,-9.44767372799993 -74.695843109,-9.44950260199994 -74.6968077339999,-9.45058785199996 -74.6980134839999,-9.45131122699996 -74.700485234,-9.45179360299994 -74.702595359,-9.45263760299997 -74.703801109,-9.45330072699994 -74.705489234,-9.45432560299997 -74.7072376089999,-9.45577260199997 -74.708865359,-9.45661660299993 -74.71054011,-9.45705335199995 -74.711261609,-9.45690910299993 -74.712120859,-9.45673722699996 -74.713100859,-9.45667397799997 -74.7141707339999,-9.45752097699994 -74.715255859,-9.45812385299996 -74.716774485,-9.45908485199993 -74.717699484,-9.46143860299998 -74.718571734,-9.46354972799998 -74.719898109,-9.46547897699998 -74.722068485,-9.46692585199997 -74.724962359,-9.46963885199995 -74.727313485,-9.47138722699998 -74.728820734,-9.47241210299995 -74.7307499839999,-9.47723522799993 -74.731111734,-9.47964672799998 -74.730810234,-9.48181710299997 -74.731835109,-9.48483147699994 -74.733255609,-9.48685435199997 -74.733527609,-9.48789947699993 -74.7339963589999,-9.49038872699998 -74.7352226089999,-9.49247360299995 -74.7370623589999,-9.49425197699998 -74.738319484,-9.49553985199998 -74.7397912339999,-9.49725685199996 -74.740220484,-9.49888197799993 -74.740220484,-9.50081360299993 -74.739944484,-9.50262260199997 -74.740128484,-9.50464635299994 -74.741109734,-9.50685385199995 -74.741140359,-9.50835635199996 -74.740956234,-9.51034935199993 -74.740741734,-9.51246510299995 -74.7408643589999,-9.51439672699996 -74.741354859,-9.51623647699995 -74.7419374839999,-9.51734022699998 -74.743133359,-9.51819872699997 -74.744635734,-9.51884272699994 -74.746475484,-9.51881210199997 -74.7473033589999,-9.51948660299996 -74.7477019839999,-9.52062110299994 -74.748315109,-9.52193947799998 -74.750124109,-9.52368722699993 -74.7505228589999,-9.52460710199995 -74.750062859,-9.52580285299996 -74.74883636,-9.52730522699994 -74.7484684839999,-9.52886897699995 -74.7484684839999,-9.53037160299994 -74.748639609,-9.53143960299997 -74.749285234,-9.53290822799994 -74.7483516089999,-9.53434960299995 -74.747589859,-9.53570697799995 -74.7469101089999,-9.53723247799996 -74.746745484,-9.53762285199997 -74.746421859,-9.53835160299997 -74.7466562339999,-9.53897072799998 -74.747249984,-9.53968947799996 -74.748054609,-9.54159760199997 -74.748054609,-9.54291210299994 -74.745716859,-9.54644310199996 -74.7449374839999,-9.54819672799994 -74.744742609,-9.55102210299998 -74.744855484,-9.55211772799993 -74.7444609839999,-9.55312947699997 -74.742794109,-9.55452935199997 -74.742599234,-9.55579585299995 -74.742417984,-9.55795710199993 -74.741430109,-9.55920572799994 -74.740066234,-9.55979035299993 -74.739240234,-9.56177147699998 -74.739240234,-9.56316997799996 -74.7391543589999,-9.56495122799993 -74.738349609,-9.56702735199997 -74.737585984,-9.56914647699995 -74.735636734,-9.57118160199997 -74.735169984,-9.57270697799993 -74.735593735,-9.57444522699996 -74.736400359,-9.57605472699993 -74.73795011,-9.57715035199993 -74.7386837349999,-9.57758447799995 -74.740553359,-9.57869072799997 -74.745034859,-9.57898297699995 -74.747275609,-9.57869072799997 -74.7491107339999,-9.57944085299994 -74.749516359,-9.57995722699997 -74.7521468589999,-9.58200322799996 -74.754582484,-9.58287997799994 -74.755848984,-9.58404910299993 -74.756475735,-9.58685435299998 -74.7558892339999,-9.58912885199993 -74.755683609,-9.58974410299993 -74.755218734,-9.59275385299998 -74.754226734,-9.59433610199994 -74.753902609,-9.59520047799998 -74.754658859,-9.59628085199995 -74.755291359,-9.59697085199997 -74.755847359,-9.59757735299996 -74.756495609,-9.59854972799997 -74.7563876099999,-9.60006235199995 -74.756256734,-9.60130535299993 -74.7561714839999,-9.60211510299996 -74.755739359,-9.60351972799998 -74.755631234,-9.60503222799997 -74.7556769839999,-9.60567235299993 -74.755739359,-9.60654485199996 -74.756819734,-9.60697697699993 -74.758332359,-9.60622072799993 -74.7609884839999,-9.60578772699995 -74.763012859,-9.60446285299997 -74.765225609,-9.60502085299993 -74.765895234,-9.60589660299996 -74.768463734,-9.60738472699995 -74.769784734,-9.60870572699997 -74.770633984,-9.60966822799998 -74.7721089839999,-9.61173860299994 -74.772485734,-9.61237910299997 -74.772377735,-9.61432385199993 -74.770265609,-9.61613485199996 -74.7675023589999,-9.62008335299993 -74.765703609,-9.62187672799996 -74.7648878589999,-9.62331997799993 -74.763734359,-9.62664060199995 -74.763802609,-9.62803960299993 -74.763907359,-9.63018547799993 -74.764323234,-9.63307372699995 -74.7648148599999,-9.63571610299994 -74.765787234,-9.63830910299993 -74.7671774839999,-9.63914322699998 -74.770064109,-9.64081872799994 -74.771955984,-9.64223860299995 -74.773133984,-9.64371122699993 -74.774214484,-9.64565597799998 -74.776267234,-9.64716860299995 -74.777563734,-9.64835697799998 -74.778860234,-9.64986960199997 -74.781646984,-9.65296247699996 -74.783280109,-9.65628297799998 -74.786595109,-9.66450910199995 -74.787477985,-9.66576972699994 -74.789772484,-9.66639997699997 -74.793229734,-9.66629197699996 -74.796038859,-9.66607585299994 -74.797551485,-9.66564372699997 -74.800144484,-9.66672410299998 -74.803128984,-9.66952110199998 -74.805068735,-9.67096972799993 -74.8061948599999,-9.67180210199996 -74.806518985,-9.67428697699995 -74.808418734,-9.67550510299998 -74.810713734,-9.67474010299998 -74.81276786,-9.67270622799998 -74.814691734,-9.67168010199993 -74.818057734,-9.67106810299998 -74.819434734,-9.67321010299997 -74.820964734,-9.67535210299997 -74.821882734,-9.67718810199995 -74.821117735,-9.68177810299994 -74.821117734,-9.68422610299996 -74.817904734,-9.68881610299997 -74.8177517349999,-9.69126410299998 -74.818650484,-9.69357510299994 -74.8214237339999,-9.69707810299997 -74.822385234,-9.69856397799998 -74.823925609,-9.70029322799996 -74.8254147339999,-9.70070035299995 -74.8273574839999,-9.70088535299993 -74.8287677339999,-9.70396310299998 -74.828308735,-9.70549310299998 -74.8264727339999,-9.70732910199996 -74.824653734,-9.71133085199995 -74.823002359,-9.71519847799993 -74.822647734,-9.71834510299993 -74.823412735,-9.72186410299997 -74.82308061,-9.72529722799993 -74.822334984,-9.72723247799996 -74.8212707339999,-9.73066147799994 -74.818057734,-9.73219147699996 -74.816374734,-9.73356847799994 -74.81684361,-9.73643360299997 -74.817849985,-9.73711135299993 -74.818919985,-9.73783197799997 -74.822056609,-9.73957035299998 -74.8258711089999,-9.74122260299993 -74.829345734,-9.74414847799994 -74.831634734,-9.74563085299997 -74.8356621089999,-9.74660547799994 -74.8398574839999,-9.74736910199994 -74.8437988589999,-9.74914847799994 -74.8445326089999,-9.75128097699996 -74.844744109,-9.75381985299998 -74.8436863589999,-9.75582972699993 -74.843104484,-9.75678172799996 -74.842628484,-9.75768097799994 -74.841464859,-9.75979660199994 -74.840777234,-9.76101310299993 -74.840036735,-9.76249410299994 -74.83924336,-9.76392222799996 -74.839296234,-9.76492722699993 -74.840036734,-9.76619660299997 -74.8401424849999,-9.76773047699993 -74.840882984,-9.76841810299993 -74.841306109,-9.76952885299994 -74.841676359,-9.77026935299995 -74.842311109,-9.77116847799994 -74.843580484,-9.77264947799995 -74.843897859,-9.77386597799995 -74.8441623589999,-9.77439485299993 -74.8444797339999,-9.77550560299994 -74.844638359,-9.77614035299996 -74.844638359,-9.77661635199996 -74.844691234,-9.77746260199996 -74.8452731089999,-9.77815022699997 -74.846225109,-9.77883785299997 -74.847018484,-9.77984285199994 -74.847071359,-9.78047747799997 -74.8468598589999,-9.78079485299997 -74.846330984,-9.78137672799994 -74.845167235,-9.78190560199994 -74.845167234,-9.78238160299998 -74.8452731089999,-9.78301635199995 -74.8461722339999,-9.78375685299994 -74.846277985,-9.78460310299994 -74.846225109,-9.78529072699996 -74.8452731099999,-9.78597835199997 -74.8448499839999,-9.78629572799997 -74.843633359,-9.78650722699996 -74.843157359,-9.78708910299997 -74.842522735,-9.78745935299997 -74.841676359,-9.78740635199995 -74.840724359,-9.78724772799995 -74.839560734,-9.78645435299995 -74.838079734,-9.78603122799996 -74.8370218589999,-9.78581960199995 -74.835963985,-9.78550235299997 -74.834747485,-9.78476185199997 -74.833160734,-9.78407422799995 -74.831785484,-9.78312210199994 -74.830040109,-9.78291060299995 -74.8283474839999,-9.78338660299994 -74.826866609,-9.78417997799994 -74.8256499839999,-9.78497335299994 -74.8232698589999,-9.78497335299994 -74.821365734,-9.78492047799995 -74.820678109,-9.78576672799994 -74.8191972339999,-9.78804110299996 -74.818086485,-9.79063285299998 -74.816577359,-9.79302997799994 -74.8155996089999,-9.79542835299998 -74.823032359,-9.80049247799997 -74.8233588589999,-9.80154460299997 -74.823685359,-9.80241535299996 -74.8241933589999,-9.80335872699993 -74.8247738589999,-9.80484622799997 -74.8252092339999,-9.80582585299993 -74.8256446089999,-9.80637010299995 -74.8260437339999,-9.80716835199996 -74.826515359,-9.80869210299994 -74.826720235,-9.80974010299997 -74.8266586089999,-9.81110297799995 -74.8260437339999,-9.81257435299995 -74.825064109,-9.81344510299994 -74.8239756089999,-9.81442472799995 -74.8237942339999,-9.81591222699996 -74.824882735,-9.81656535299993 -74.825898609,-9.81721847799997 -74.8264791089999,-9.81798035299994 -74.826152609,-9.81888735299998 -74.826152609,-9.81968560299993 -74.826696735,-9.82012097799998 -74.827240984,-9.82055635299997 -74.827676359,-9.82091922699993 -74.828256859,-9.82124572799995 -74.828940484,-9.82139147799995 -74.8293816089999,-9.82139085299997 -74.8299621099999,-9.82168110299995 -74.830506359,-9.82157222799998 -74.8309781089999,-9.82102797799996 -74.8311957339999,-9.82077410199997 -74.831739984,-9.82026610299994 -74.832175359,-9.82012097799998 -74.832973609,-9.81990322799993 -74.833735485,-9.81975810299997 -74.834569985,-9.81939535299995 -74.835803609,-9.81939535299995 -74.836238984,-9.82004835299995 -74.83620261,-9.82066522799994 -74.836347734,-9.82164485299995 -74.8367468599999,-9.82193510299993 -74.8367832339999,-9.82258810299993 -74.836420359,-9.82382172799993 -74.836275234,-9.82465622799998 -74.8355858589999,-9.82491022799996 -74.834388609,-9.82501897799995 -74.833953234,-9.82559960299994 -74.8339168589999,-9.82628885299994 -74.8339168589999,-9.82705085299995 -74.8342797339999,-9.82748622799994 -74.8349327349999,-9.82828435299996 -74.83525936,-9.82886497699997 -74.835005359,-9.82937285299994 -74.834642484,-9.82962685299998 -74.833626609,-9.82991710299996 -74.8330823589999,-9.83027997799996 -74.8326469849999,-9.83078785299995 -74.832610734,-9.83140460299995 -74.832393109,-9.83216660299996 -74.831993984,-9.83263822799995 -74.831522235,-9.83281960299996 -74.830724109,-9.83300110199997 -74.830398609,-9.83380760299997 -74.830504859,-9.83471185299993 -74.830646359,-9.83627985299995 -74.831336359,-9.83679747799994 -74.83206961,-9.83709935299993 -74.833018609,-9.83718560299997 -74.833191109,-9.83843647799995 -74.8335792349999,-9.83968722799995 -74.8338381089999,-9.84063622799994 -74.834484984,-9.84180072799995 -74.8347869839999,-9.84253397699996 -74.834700734,-9.84361222699994 -74.8338381089999,-9.84425922799994 -74.833536109,-9.84503560299993 -74.833924359,-9.84555322799997 -74.8343987339999,-9.84632960299996 -74.835002609,-9.84710597799995 -74.8359946099999,-9.84779610299995 -74.836598484,-9.84792547799998 -74.837331735,-9.84809797699995 -74.838366859,-9.84839997799997 -74.839229484,-9.84835672799994 -74.840739109,-9.84852935299995 -74.8417743589999,-9.84917622799998 -74.8427663589999,-9.84913310299993 -74.84375836,-9.84908997799994 -74.8447072339999,-9.84896060299997 -74.84621686,-9.84839997799997 -74.847252109,-9.84814110299993 -74.847942234,-9.84814110299993 -74.8490204839999,-9.84814110199994 -74.850184984,-9.84839997799997 -74.8509182339999,-9.84839997699993 -74.8516946089999,-9.84839997799997 -74.8526003599999,-9.84835672799994 -74.853290484,-9.84783922799994 -74.8538512339999,-9.84723535299997 -74.854196234,-9.84620022799993 -74.8552314839999,-9.84572572799993 -74.85583536,-9.84576885299998 -74.856741109,-9.84551010299998 -74.857517485,-9.84529447799997 -74.8585957339999,-9.84481997799998 -74.859458359,-9.84451810299993 -74.86019161,-9.84400047799994 -74.86092486,-9.84331035299994 -74.861830609,-9.84283585299994 -74.862779484,-9.84227522799995 -74.862520734,-9.84149885299996 -74.861916859,-9.84050672799998 -74.8620031089999,-9.83934222799996 -74.8624776089999,-9.83847960299994 -74.863081484,-9.83791885299996 -74.8641597339999,-9.83744447699996 -74.864936109,-9.83671122799996 -74.865712485,-9.83589172799998 -74.8665751089999,-9.83485647799995 -74.8676966089999,-9.83485647799995 -74.868516109,-9.83464085299994 -74.8689904839999,-9.83416635299994 -74.8697237339999,-9.83360572799995 -74.8698962349999,-9.83257047799998 -74.869853109,-9.83188047799996 -74.8696374849999,-9.83110410299997 -74.8702686089999,-9.82999697799994 -74.870929984,-9.82898547799994 -74.871831984,-9.82746322699995 -74.873380609,-9.82695110299994 -74.874653484,-9.82422347799996 -74.8765931089999,-9.82204135299997 -74.8790783589999,-9.82046547699997 -74.882351484,-9.81973810199997 -74.885866984,-9.82004110299994 -74.8879884849999,-9.82131397699993 -74.889988734,-9.82331422799996 -74.892292109,-9.82616310299994 -74.894110484,-9.82913322799993 -74.89629261,-9.83137585299994 -74.899264235,-9.83378960299996 -74.903438734,-9.83440197799996 -74.9033918599999,-9.83888810299993 -74.951624485,-9.85990910299995 -74.9855528589999,-9.86406372699997 -74.993615985,-9.83979722799995 -74.9940368589999,-9.84050535299997 -74.995065984,-9.84081860299995 -74.997034484,-9.84050535299997 -74.998868859,-9.84005797799995 -74.999718985,-9.83920785299995 -75.000562234,-9.83829810299994 -75.002863234,-9.83724610199994 -75.005826235,-9.83727785199994 -75.006718109,-9.83704660299998 -75.008006484,-9.83691447699994 -75.013093484,-9.83810360199993 -75.014886734,-9.83683285299998 -75.017062484,-9.83651172799995 -75.01839061,-9.83582422799998 -75.019505484,-9.83423147799994 -75.020514234,-9.83232022799996 -75.0217353589999,-9.83093997799995 -75.022830609,-9.83055660299993 -75.023841734,-9.83055660299993 -75.024182734,-9.83062860299998 -75.024954109,-9.83099747799997 -75.02550461,-9.83157697699994 -75.026355859,-9.83171135299995 -75.026462985,-9.83172835299996 -75.027849609,-9.83132422799997 -75.029911109,-9.83099310299997 -75.0310788589999,-9.83088697799997 -75.032565484,-9.83099310199998 -75.033355484,-9.83108085199996 -75.0340003589999,-9.83115172799995 -75.034029485,-9.83118097699997 -75.0352109839999,-9.83079535299993 -75.035432359,-9.83062147699997 -75.036069485,-9.82993122799996 -75.0362958599999,-9.82961060299994 -75.036442985,-9.82940210299995 -75.0370736089999,-9.82881347799997 -75.03773011,-9.82842872799995 -75.038863234,-9.82797260299998 -75.04006136,-9.82737272799994 -75.0405523589999,-9.82688172799993 -75.040831985,-9.82646285299995 -75.042011735,-9.82475785199995 -75.0426679839999,-9.82331447799993 -75.0432597339999,-9.82285347799996 -75.04424411,-9.82305072799994 -75.045528234,-9.82348035299998 -75.047069859,-9.82367185199996 -75.050350485,-9.82345435299993 -75.052686485,-9.82302960299995 -75.05459761,-9.82207385299995 -75.055234734,-9.82159622799998 -75.056084109,-9.82026897799994 -75.05677436,-9.81920722799993 -75.057789235,-9.81891860299993 -75.059029234,-9.81919722799995 -75.059880859,-9.81969335299993 -75.060779235,-9.82037885299997 -75.0616308589999,-9.82097072699997 -75.0631328599999,-9.82214260299997 -75.06545111,-9.82470460299993 -75.065776359,-9.82548735299997 -75.065905734,-9.82632122799993 -75.065865735,-9.82728072799995 -75.066024235,-9.82780310299995 -75.06686136,-9.82881635199993 -75.067976234,-9.82940035199994 -75.0695688599999,-9.83019672799998 -75.0705917349999,-9.83049810299997 -75.072183609,-9.83055660299993 -75.07290886,-9.83082447799995 -75.07348811,-9.83125647799994 -75.073833984,-9.83179497699996 -75.07477736,-9.83303322799998 -75.075992734,-9.83460310299995 -75.076735985,-9.83593035299998 -75.0777444839999,-9.83757610299995 -75.0801347349999,-9.83919535299998 -75.0867698599999,-9.84187635199993 -75.094467859,-9.84447772799996 -75.102590484,-9.84591122699993 -75.108398485,-9.84625385299995 -75.111480484,-9.84594722799994 -75.115021484,-9.84487885299995 -75.119636734,-9.84212885299996 -75.123023485,-9.84075197799996 -75.135185485,-9.83861135299998 -75.143035109,-9.83860747799997 -75.144462859,-9.83886910299998 -75.146113235,-9.83975385299993 -75.1477051099999,-9.84052147799997 -75.1487343599999,-9.84058997699998 -75.15227536,-9.84074022799996 -75.1601249839999,-9.83997460299997 -75.163842985,-9.83878685299993 -75.16544011,-9.83769697699995 -75.16794361,-9.83545260199998 -75.169907985,-9.83401910199996 -75.1745798589999,-9.83184235199997 -75.1770749849999,-9.83093997799995 -75.17861461,-9.83035597699995 -75.179782609,-9.82977197799994 -75.18095061,-9.82860397699994 -75.182224735,-9.82764847699997 -75.1853569849999,-9.82584347799997 -75.1885423589999,-9.82403835299993 -75.19422286,-9.82037510299995 -75.19860936,-9.81766197699994 -75.202605609,-9.81536910299997 -75.215531235,-9.80406247699995 -75.222134734,-9.79897660299997 -75.2268373589999,-9.79531922799993 -75.230620984,-9.79263672799993 -75.2310722349999,-9.79229497799997 -75.2397994849999,-9.78636910299997 -75.239941109,-9.78628235299993 -75.24075061,-9.78583547699998 -75.249228484,-9.78220510299997 -75.25465036,-9.77900222799997 -75.255344109,-9.77878547699993 -75.256876859,-9.77858085299994 -75.2577321099999,-9.77875672799996 -75.25982461,-9.77969272799993 -75.260631485,-9.77994560299993 -75.262385609,-9.78014710199994 -75.263171609,-9.78017810299997 -75.267853485,-9.77959572799995 -75.27103761,-9.77949597799994 -75.271917985,-9.77960447799995 -75.27289361,-9.77991910199995 -75.273883734,-9.78010322799997 -75.274478109,-9.78012447799995 -75.2748521089999,-9.78001597799994 -75.275441235,-9.77965835299995 -75.277054484,-9.77929672699997 -75.278658235,-9.77932422699996 -75.2797801099999,-9.77918547699994 -75.280525359,-9.77880472799995 -75.281587985,-9.77787835299995 -75.2824134849999,-9.77719160299995 -75.283560485,-9.77656447799995 -75.284830109,-9.77605660299997 -75.28606461,-9.77580272699993 -75.2876992339999,-9.77562110199995 -75.288626985,-9.77575972799997 -75.29494536,-9.77758785299994 -75.298789109,-9.77773635299997 -75.3053629839999,-9.77645385299996 -75.3064306099999,-9.77598410299993 -75.30837736,-9.77470085299996 -75.30939661,-9.77439885299998 -75.309765485,-9.77438747799994 -75.31063861,-9.77467185299997 -75.3105981099999,-9.77501560299993 -75.31036961,-9.77552522699995 -75.309911359,-9.77610460199998 -75.3046468599999,-9.78184710299996 -75.30306961,-9.78362210299997 -75.3015653589999,-9.78581035199994 -75.29987886,-9.78859085299996 -75.2986936089999,-9.79137147699993 -75.297827485,-9.79360497799996 -75.297610485,-9.79426210299994 -75.29702736,-9.79729697799996 -75.29684486,-9.79977647799996 -75.2962077349999,-9.80184697799996 -75.2946151099999,-9.80529772799997 -75.2941372349999,-9.80641260199997 -75.293977984,-9.80789910199996 -75.294069985,-9.81038022799993 -75.29413711,-9.81202297699997 -75.29371711,-9.81418697699996 -75.293295235,-9.81508935299996 -75.2926349849999,-9.81617147799994 -75.2920911099999,-9.81690997799996 -75.29140961,-9.81795835299994 -75.290700735,-9.81870897799996 -75.2895284849999,-9.82034997699998 -75.2884804839999,-9.82174747699997 -75.2862268599999,-9.82486122699993 -75.2845281099999,-9.82756872799996 -75.282616859,-9.83048872799998 -75.280599485,-9.83478897799995 -75.2792189849999,-9.83823972799996 -75.2787943599999,-9.84126585299998 -75.27898736,-9.84358122799995 -75.278460485,-9.84559097799996 -75.278044485,-9.84651985299996 -75.277146359,-9.84782197799996 -75.276708985,-9.84865622799998 -75.27582161,-9.84976410299993 -75.275651484,-9.85063310299995 -75.27573661,-9.85206985299993 -75.276338235,-9.85435497799995 -75.277000485,-9.85591935199994 -75.278201485,-9.85712247799995 -75.27988511,-9.85844485199993 -75.280394985,-9.85905560299994 -75.280533984,-9.85919785199997 -75.280974859,-9.85964835299995 -75.28185161,-9.86039010299993 -75.28271136,-9.86098022799996 -75.2830822349999,-9.86145222699997 -75.283280109,-9.86199947699993 -75.283301485,-9.86253135299995 -75.2828968599999,-9.86302022799993 -75.282559609,-9.86334897799998 -75.282374235,-9.86400647799996 -75.282407985,-9.86473135299997 -75.28286736,-9.86533072799995 -75.283722984,-9.86574297799996 -75.2848524839999,-9.86606322799997 -75.285813484,-9.86631610299997 -75.286588235,-9.86648385299998 -75.287111609,-9.86702422699994 -75.2873813589999,-9.86764810299996 -75.287802859,-9.86941822799997 -75.287937735,-9.87027810299998 -75.28822436,-9.87069960299993 -75.289692859,-9.87079585299995 -75.2942727349999,-9.87109585299993 -75.296420984,-9.87060985299996 -75.29816011,-9.87135047799995 -75.30072711,-9.87244385299994 -75.3026408599999,-9.87324135299997 -75.303597735,-9.87324135299997 -75.304826485,-9.87178722799996 -75.3060917349999,-9.87187010199995 -75.3116517349999,-9.87395897799996 -75.317153984,-9.87611197799993 -75.3212207349999,-9.87690947799996 -75.325207859,-9.87690947799996 -75.3303113589999,-9.87555385199994 -75.338681235,-9.87400522699994 -75.3459134839999,-9.87447897799996 -75.347394734,-9.87457610299998 -75.3482731089999,-9.87457585299995 -75.350191735,-9.87422410299996 -75.3536193589999,-9.87340372799997 -75.356676109,-9.87254835299996 -75.359767859,-9.87180222799998 -75.3639493599999,-9.87121685299996 -75.367596485,-9.87096072799994 -75.369355985,-9.87083260199995 -75.371787485,-9.87115272799997 -75.3735471099999,-9.87188847799996 -75.37617061,-9.87224047699993 -75.378185985,-9.87233635299998 -75.3797214849999,-9.87243235299997 -75.38125236,-9.87261860299998 -75.38326011,-9.87292135299998 -75.389570609,-9.87428860299997 -75.3957549849999,-9.87652822799993 -75.398053235,-9.87767910299993 -75.39959586,-9.87845560299996 -75.401761859,-9.87992222799994 -75.40320536,-9.88128597799994 -75.40365186,-9.88177410199995 -75.4059027339999,-9.88465185299998 -75.4069273599999,-9.88585810299998 -75.40712186,-9.88600335299998 -75.4072366089999,-9.88608260299998 -75.409482735,-9.88715185299998 -75.4102472339999,-9.88732847699993 -75.4107612339999,-9.88758547799995 -75.4110596099999,-9.88800572799994 -75.41118161,-9.88842610299997 -75.4111138599999,-9.88890072799995 -75.411086735,-9.88993122799997 -75.411222235,-9.89075835199998 -75.411317235,-9.89166685299995 -75.411371484,-9.89246685299997 -75.411345985,-9.89303272799998 -75.411145485,-9.89391897699994 -75.41038811,-9.89464597799997 -75.409842859,-9.89491860199996 -75.409323985,-9.89550410299995 -75.409337485,-9.89629060299995 -75.4095138599999,-9.89707697799997 -75.409538235,-9.89743322799995 -75.4099042349999,-9.89916410299998 -75.4099639849999,-9.90061410299995 -75.4096004849999,-9.90200760299996 -75.408964235,-9.90282560299994 -75.40791386,-9.90317872799994 -75.407127359,-9.90328722799995 -75.4060968599999,-9.90342272799995 -75.40467311,-9.90382960299996 -75.403941735,-9.90405997799996 -75.402972985,-9.90448972799993 -75.40177586,-9.90526710299997 -75.39856086,-9.90696435299998 -75.39769961,-9.90777297799997 -75.396623359,-9.90895647799994 -75.39635386,-9.90954835199994 -75.395762234,-9.91148585299993 -75.395547235,-9.91277685299997 -75.39565461,-9.91396047699993 -75.396193734,-9.91487647799994 -75.397215235,-9.91622022799993 -75.397870234,-9.91680172799994 -75.398240485,-9.91742647699994 -75.398541235,-9.91812060299998 -75.398795735,-9.91890722799997 -75.3988419849999,-9.91895347799993 -75.39923361,-9.91955585299996 -75.3997443599999,-9.92034172799993 -75.4013639839999,-9.92170685299993 -75.4023284849999,-9.92262447699994 -75.40281286,-9.92386272799996 -75.40361961,-9.92509897799994 -75.4042621089999,-9.92603072799994 -75.40443211,-9.92651385299996 -75.404437735,-9.92664672799998 -75.40448061,-9.92754622799993 -75.4042382339999,-9.92851560299994 -75.4044199849999,-9.92942447799993 -75.40478361,-9.93021210299997 -75.405843859,-9.93063622799997 -75.40729786,-9.93069685299997 -75.409754235,-9.93107372799994 -75.4109378599999,-9.93161085299994 -75.4121214849999,-9.93284897799998 -75.413412485,-9.93602485299994 -75.41443586,-9.93785297799997 -75.416158485,-9.93957560299998 -75.4182034849999,-9.94129835299998 -75.4194957349999,-9.94227585299996 -75.41991036,-9.94263447699996 -75.42029486,-9.94296685299997 -75.42078936,-9.94325160299996 -75.4214421089999,-9.94343510299996 -75.42223861,-9.94355810299993 -75.42291636,-9.94356597799998 -75.424457359,-9.94310685299996 -75.425539235,-9.94236085299997 -75.42630336,-9.94206985299996 -75.427043985,-9.94195860299993 -75.428150734,-9.94188035299993 -75.42972786,-9.94144047799995 -75.43080136,-9.94101472799997 -75.43161586,-9.94070010299993 -75.4322636099999,-9.94036697799993 -75.432999485,-9.93965335299993 -75.4335593599999,-9.93920085299993 -75.4348364849999,-9.93846035299993 -75.43579886,-9.93794210299995 -75.436650485,-9.93768297799994 -75.43732661,-9.93753810299995 -75.43794611,-9.93738685299996 -75.438445859,-9.93720172799993 -75.439720485,-9.93667447799993 -75.44076986,-9.93636672799994 -75.44174061,-9.93625772799993 -75.44270311,-9.93644285299996 -75.443795235,-9.93685010299993 -75.4446652349999,-9.93725722799996 -75.445550485,-9.93788947799993 -75.4469969849999,-9.93922885299997 -75.4486243599999,-9.94093197799998 -75.4495517349999,-9.94155160299994 -75.44971836,-9.94231047799997 -75.450069985,-9.94303235299998 -75.450551235,-9.94357622799993 -75.45076736,-9.94373247799996 -75.450802735,-9.94375785299997 -75.450895235,-9.94505735299998 -75.451273735,-9.94653347799994 -75.451765735,-9.94838797699998 -75.452257735,-9.94997760299998 -75.452371235,-9.95175635299995 -75.4524469839999,-9.95349735299993 -75.45309036,-9.95489772799993 -75.453695985,-9.95576822799995 -75.45502061,-9.95622235299993 -75.45608036,-9.95622235299993 -75.457139985,-9.95690360299994 -75.459070235,-9.95758485299996 -75.460882485,-9.95680335299994 -75.46230861,-9.95728447799996 -75.4621001099999,-9.95916960299996 -75.46190011,-9.96083635299993 -75.462433485,-9.96163622799997 -75.46350011,-9.96336960299993 -75.4643667349999,-9.96596947799998 -75.464366734,-9.96716947799996 -75.46470011,-9.96950285299994 -75.4657667339999,-9.97110272799995 -75.4662333589999,-9.97356935299996 -75.46610011,-9.97590272799994 -75.46590011,-9.97783597799997 -75.46683336,-9.97956935299993 -75.468099985,-9.98116922799994 -75.4679667349999,-9.98263585299998 -75.467699985,-9.98550247799994 -75.4670999849999,-9.98836910199998 -75.4677759849999,-9.98905897799995 -75.46964536,-9.98983785299993 -75.471514735,-9.99069472799994 -75.473228235,-9.99194097799995 -75.4745524849999,-9.99217460299997 -75.475954485,-9.99077260299993 -75.4765776099999,-9.98952635299997 -75.477745985,-9.98804635299996 -75.478291235,-9.98672222799996 -75.4794594849999,-9.98524235299993 -75.48031636,-9.98508660299996 -75.481951985,-9.98391822799994 -75.482497235,-9.98306135299993 -75.484522485,-9.98204885299998 -75.486080235,-9.98204885299998 -75.48740436,-9.98204885299998 -75.4895074849999,-9.98181510299997 -75.4907537349999,-9.98142572799998 -75.491298985,-9.98072472799993 -75.4920778599999,-9.98002360299995 -75.492545234,-9.97994572799996 -75.4937134849999,-9.97994572799996 -75.49511561,-9.98002360299995 -75.496205985,-9.98010160299998 -75.497530234,-9.98010160299998 -75.4988543599999,-9.97978997799993 -75.501969984,-9.97916685299998 -75.504696109,-9.97908897799994 -75.5062539849999,-9.97908897799994 -75.508019985,-9.97913997799998 -75.508373609,-9.97862760299995 -75.508315109,-9.97766247799996 -75.508584485,-9.97691647799996 -75.508978235,-9.97737235299996 -75.509219985,-9.97796997799998 -75.509728735,-9.97848822799995 -75.510511735,-9.97884372799996 -75.511485735,-9.97915460299993 -75.51221111,-9.97950685299998 -75.5135167339999,-9.98010785299994 -75.51471861,-9.98060522799994 -75.5155476099999,-9.98110260299995 -75.5170189849999,-9.98137197699998 -75.5189462339999,-9.98166210299996 -75.520541985,-9.98159997799996 -75.521557485,-9.98149635299995 -75.5225314849999,-9.98120622799996 -75.523816235,-9.98091610299997 -75.524500109,-9.98064672799995 -75.5290801099999,-9.98106122799993 -75.5300954849999,-9.98095760299998 -75.5311109849999,-9.98064672799995 -75.53220936,-9.98070885299995 -75.5329761099999,-9.98086835299995 -75.534101235,-9.98086835299995 -75.5355562349999,-9.98032272799998 -75.537102235,-9.97995897799996 -75.5386481099999,-9.98014085299997 -75.54164911,-9.98105022799996 -75.5439226089999,-9.98186872799994 -75.5448258599999,-9.98334922799995 -75.54601411,-9.98432410299995 -75.54719636,-9.98468785299997 -75.54837861,-9.98441497799996 -75.549555985,-9.98299835299997 -75.5505816099999,-9.98231460299996 -75.551242235,-9.98169347799995 -75.5521639849999,-9.98013572799994 -75.55335611,-9.97828660299996 -75.5546062349999,-9.97675247799998 -75.55549461,-9.97602422799997 -75.55700561,-9.97519685299994 -75.5579787349999,-9.97441822799993 -75.55892761,-9.97315310299996 -75.559620985,-9.97262935299995 -75.56014211,-9.97187222799994 -75.560739735,-9.97011272799995 -75.5602004849999,-9.96768235299993 -75.5602914849999,-9.96604547799996 -75.5603823599999,-9.96413572799997 -75.561837485,-9.96322635299998 -75.5656568599999,-9.96249885299994 -75.5690216099999,-9.96131660299994 -75.5720224849999,-9.96077097799997 -75.57629661,-9.95895222799993 -75.579115735,-9.95913410299994 -75.58054211,-9.95941610299997 -75.5819753599999,-9.95852397799996 -75.58448111,-9.95813385299994 -75.5864817349999,-9.95731535299996 -75.5884823599999,-9.95640597699997 -75.59039211,-9.95558747799993 -75.59139236,-9.95467810299994 -75.59221086,-9.95276847799994 -75.59227336,-9.95196235299994 -75.593660235,-9.95179197799996 -75.595168235,-9.95261322799996 -75.5964333599999,-9.95370810299994 -75.5970902349999,-9.95511910299996 -75.5976498599999,-9.95682222799996 -75.59796611,-9.95811147799998 -75.597868735,-9.95969310299995 -75.5974213599999,-9.96106910299994 -75.597273235,-9.96149985299996 -75.596896235,-9.96219910299993 -75.5964372349999,-9.96320297799997 -75.59575361,-9.96423422699996 -75.5953181099999,-9.96490810299997 -75.5950583599999,-9.96549785199994 -75.59497636,-9.96603697799998 -75.59516386,-9.96679472799997 -75.59548411,-9.96736510299996 -75.596085735,-9.96824585299993 -75.596302485,-9.96900185299995 -75.596540735,-9.97044122799997 -75.596853235,-9.97120885299995 -75.5972672349999,-9.97174985299995 -75.5975368599999,-9.97231822799995 -75.59761486,-9.97407035299995 -75.59749586,-9.97531035299994 -75.59743336,-9.97619135299993 -75.5972833599999,-9.97721160299994 -75.59712336,-9.97763160299996 -75.59705336,-9.97813160299995 -75.5968333599999,-9.97895160299993 -75.59585336,-9.98129160299993 -75.59556336,-9.98272160299996 -75.59506336,-9.98367160299995 -75.59488336,-9.98467160299998 -75.5949433599999,-9.98623160299996 -75.59531336,-9.98695160299997 -75.59536336,-9.98719160299993 -75.5953033599999,-9.98774160299996 -75.59496336,-9.98924160299993 -75.5951933599999,-9.99111160299998 -75.5961833599999,-9.99341160299997 -75.5966333599999,-9.99384160299996 -75.59684336,-9.99413160299997 -75.59727336,-9.99534160299993 -75.59745336,-9.99574160299994 -75.597559485,-9.99594485299997 -75.5975911099999,-9.99607710299995 -75.597599735,-9.99637535299996 -75.5975314849999,-9.99662247799995 -75.59747086,-9.99672585299993 -75.5967933599999,-9.99741160299993 -75.5965233599999,-9.99787160299996 -75.59658336,-9.99847160299993 -75.59685336,-9.99928160299993 -75.59685336,-9.99962160299998 -75.59675336,-10.000011603 -75.5964748599999,-10.000918478 -75.59632736,-10.0013608529999 -75.59632736,-10.0020246029999 -75.596216735,-10.0028727279999 -75.596069235,-10.0037576029999 -75.595811235,-10.004163228 -75.595811235,-10.0047531029999 -75.59592186,-10.0054906029999 -75.5958849849999,-10.0062649779999 -75.59577436,-10.0068548529999 -75.595663735,-10.007481728 -75.5955162349999,-10.0084034779999 -75.595442485,-10.008993478 -75.5952212349999,-10.0096203529999 -75.595294985,-10.010173353 -75.59547936,-10.010578978 -75.5957006099999,-10.0109108529999 -75.59592186,-10.011463853 -75.596216735,-10.012090728 -75.596437985,-10.012938853 -75.5967698599999,-10.013860603 -75.59684361,-10.013934353 -75.597027985,-10.014598103 -75.5973229849999,-10.015298603 -75.597544235,-10.015851728 -75.597875985,-10.016331103 -75.59813411,-10.016920978 -75.59835536,-10.017326603 -75.598613485,-10.017990353 -75.5989822349999,-10.018764603 -75.5991666099999,-10.0194652279999 -75.5994614849999,-10.0200551029999 -75.5997564849999,-10.0206451029999 -75.60008836,-10.0211244779999 -75.6005308599999,-10.0217143529999 -75.600936485,-10.021935603 -75.60152636,-10.022304353 -75.6016738599999,-10.0227468529999 -75.60174761,-10.023410478 -75.6017844849999,-10.0239267279999 -75.601858235,-10.0244061029999 -75.6020794849999,-10.0247748529999 -75.60255886,-10.025143478 -75.60311186,-10.0254753529999 -75.6036539849999,-10.025623853 -75.6038652349999,-10.025156228 -75.6044316099999,-10.0244139779999 -75.60508586,-10.023728478 -75.60565036,-10.0234023529999 -75.6060077349999,-10.0234023529999 -75.60645311,-10.023550728 -75.6071366099999,-10.0236112279999 -75.60734961,-10.0236249779999 -75.607583985,-10.0236406029999 -75.60811911,-10.023521478 -75.6085351099999,-10.023521478 -75.60892186,-10.0236698529999 -75.609486235,-10.024115228 -75.6105272349999,-10.024533103 -75.611986235,-10.025126853 -75.612788985,-10.025722603 -75.613769485,-10.026228478 -75.6147226099999,-10.0264062279999 -75.6152577349999,-10.026257728 -75.61632811,-10.025722603 -75.616863235,-10.025394478 -75.61736911,-10.0253358529999 -75.6180527349999,-10.025454978 -75.6189159849999,-10.025990228 -75.6194511099999,-10.026228478 -75.61983786,-10.026316353 -75.62070111,-10.0263768529999 -75.6213847349999,-10.0261386029999 -75.622038985,-10.026019478 -75.622870985,-10.0261386029999 -75.62331836,-10.0261386029999 -75.6235858599999,-10.025990228 -75.62432811,-10.0255742279999 -75.6250136099999,-10.0247694779999 -75.62542961,-10.0245018529999 -75.62575586,-10.024384728 -75.626322235,-10.024562478 -75.62703511,-10.025216728 -75.6275116099999,-10.025960853 -75.62846286,-10.026644478 -75.629413985,-10.0269706029999 -75.630486235,-10.027121103 -75.632152235,-10.0272382279999 -75.63304286,-10.027179603 -75.63441211,-10.026912103 -75.635392485,-10.026644478 -75.6361659849999,-10.026525353 -75.636851485,-10.026525353 -75.6376249849999,-10.0267929779999 -75.638279235,-10.0267343529999 -75.6395566099999,-10.026615228 -75.640271485,-10.0264062279999 -75.640954985,-10.0264062279999 -75.641728485,-10.0264667279999 -75.6425917349999,-10.0267343529999 -75.643365235,-10.0267343529999 -75.643958985,-10.026882728 -75.644644485,-10.026912103 -75.64517961,-10.026927728 -75.645833985,-10.0272382279999 -75.64675586,-10.027744103 -75.6476483599999,-10.0289648529999 -75.6478553599999,-10.0294393529999 -75.6479746099999,-10.0303319779999 -75.64839061,-10.031015603 -75.64922461,-10.0317011029999 -75.6504433599999,-10.0326523529999 -75.651365235,-10.033603478 -75.652495985,-10.034615228 -75.65338861,-10.0354492279999 -75.6537441099999,-10.0361327279999 -75.65413086,-10.036638603 -75.65505461,-10.0373222279999 -75.6560058599999,-10.0380956029999 -75.656718735,-10.0387499779999 -75.656986235,-10.0391952279999 -75.6577011099999,-10.040267478 -75.6582069849999,-10.0406836029999 -75.658771485,-10.041128853 -75.65912886,-10.041634728 -75.659216735,-10.042021478 -75.65930661,-10.0426757279999 -75.659425735,-10.0431523529999 -75.6601698599999,-10.043507728 -75.660495985,-10.0437461029999 -75.6607343599999,-10.044132728 -75.6610624849999,-10.044728478 -75.66225186,-10.045501853 -75.66305461,-10.0459472279999 -75.663322235,-10.046126853 -75.66338086,-10.046394478 -75.6637987349999,-10.0467206029999 -75.664154235,-10.0468691029999 -75.664540985,-10.046691353 -75.66504686,-10.0462441029999 -75.6654334849999,-10.0460371029999 -75.665820235,-10.0460371029999 -75.666177735,-10.0462753529999 -75.666802735,-10.046929603 -75.6672187349999,-10.047285103 -75.667872985,-10.047285103 -75.66858586,-10.046988228 -75.6693299849999,-10.0467206029999 -75.67004486,-10.0465429779999 -75.67066786,-10.046691353 -75.671382735,-10.0471367279999 -75.67182811,-10.0473456029999 -75.672365235,-10.0476718529999 -75.67290036,-10.048058603 -75.6736132349999,-10.048921853 -75.67394136,-10.049367103 -75.6740897349999,-10.0499042279999 -75.673999985,-10.050497978 -75.6740897349999,-10.051033103 -75.674624985,-10.051658103 -75.6749823599999,-10.0521054779999 -75.675456985,-10.052253853 -75.67575586,-10.052818353 -75.676111235,-10.0538007279999 -75.676468735,-10.054275353 -75.676497985,-10.054990228 -75.6769452349999,-10.056208978 -75.6769746099999,-10.057011728 -75.676884735,-10.0576659779999 -75.6769139849999,-10.058171853 -75.6769139849999,-10.0588554779999 -75.67682611,-10.059451103 -75.676497985,-10.059808603 -75.67634961,-10.060343728 -75.67658786,-10.0616523529999 -75.676884735,-10.0624257279999 -75.6771834849999,-10.063079978 -75.67765811,-10.0637636029999 -75.67825386,-10.064210853 -75.6785799849999,-10.0643593529999 -75.67932411,-10.0649531029999 -75.6799491099999,-10.065458978 -75.6805136099999,-10.066173728 -75.6810487349999,-10.067124978 -75.681495985,-10.0674823529999 -75.682089735,-10.0680174779999 -75.6825371099999,-10.068642478 -75.68274411,-10.069206978 -75.682624985,-10.0699198529999 -75.6822694849999,-10.070425728 -75.68155461,-10.0711406029999 -75.681257735,-10.071527353 -75.68107811,-10.072329978 -75.68107811,-10.0728066029999 -75.681228485,-10.0733417279999 -75.68152536,-10.073728478 -75.6817031099999,-10.074531228 -75.681882735,-10.075095603 -75.682208985,-10.075363228 -75.682208985,-10.076046853 -75.68197061,-10.0763456029999 -75.682060485,-10.076761728 -75.6822382349999,-10.0772069779999 -75.682656235,-10.077624978 -75.6828339849999,-10.0780702279999 -75.6827147349999,-10.0786659779999 -75.6824764849999,-10.079052728 -75.6827147349999,-10.079794853 -75.6828339849999,-10.0805976029999 -75.683249985,-10.0813417279999 -75.68363661,-10.0820253529999 -75.683697235,-10.082621103 -75.68363661,-10.0836034779999 -75.683697235,-10.0844354779999 -75.683933485,-10.0850312279999 -75.684558485,-10.085773353 -75.68506436,-10.086220603 -75.685124985,-10.086785103 -75.68488661,-10.0872617279999 -75.684677735,-10.087648353 -75.6847968599999,-10.0880937279999 -75.6852733599999,-10.088599603 -75.685747985,-10.0891952279999 -75.68601561,-10.0897889779999 -75.6861053599999,-10.090236228 -75.686195235,-10.091038978 -75.68628311,-10.091544853 -75.686552735,-10.0917812279999 -75.68705661,-10.091812478 -75.68806836,-10.0916933529999 -75.6888709849999,-10.0914843529999 -75.689257735,-10.091335853 -75.68991211,-10.091306603 -75.6905663599999,-10.0914843529999 -75.6911327349999,-10.091841728 -75.69140036,-10.0922577279999 -75.6914296099999,-10.092734353 -75.6911913599999,-10.093328103 -75.690745985,-10.0936562279999 -75.690478485,-10.094013603 -75.690478485,-10.094429603 -75.6906073599999,-10.0945604779999 -75.690685485,-10.094636728 -75.6911327349999,-10.094755853 -75.6913709849999,-10.095142478 -75.6914296099999,-10.095826103 -75.691339735,-10.0965117279999 -75.6911913599999,-10.0973143529999 -75.69101361,-10.0978202279999 -75.69073036,-10.0981718529999 -75.69038861,-10.098593728 -75.6900624849999,-10.098949228 -75.689853485,-10.099335853 -75.68973436,-10.099960853 -75.68991211,-10.1003768529999 -75.69021086,-10.100496103 -75.690865235,-10.1003476029999 -75.691310485,-10.1003476029999 -75.6917264849999,-10.1004374779999 -75.691874985,-10.100763603 -75.69181636,-10.101150353 -75.6916678599999,-10.1015371029999 -75.6916972349999,-10.102162103 -75.6925292349999,-10.1028768529999 -75.69306636,-10.103531228 -75.69324411,-10.1040058529999 -75.6931249849999,-10.104691353 -75.69300586,-10.105285103 -75.693154235,-10.1059999779999 -75.69327336,-10.106564353 -75.69306636,-10.1073671029999 -75.69306636,-10.108140603 -75.69306636,-10.108884728 -75.69303511,-10.1092714779999 -75.69247061,-10.109658103 -75.691906235,-10.1098652279999 -75.6914589849999,-10.110341728 -75.6911913599999,-10.1106992279999 -75.690923735,-10.111144478 -75.69095311,-10.111978478 -75.69122061,-10.1123652279999 -75.69122061,-10.112869103 -75.690923735,-10.113345603 -75.68997261,-10.114238228 -75.6897049849999,-10.1151601029999 -75.689615235,-10.1159921029999 -75.689615235,-10.116706978 -75.689882735,-10.1171523529999 -75.689882735,-10.117509728 -75.689882735,-10.118341728 -75.68991211,-10.118878853 -75.69015036,-10.119413978 -75.69038861,-10.119501853 -75.690745985,-10.119501853 -75.6911621099999,-10.1196816029999 -75.6913709849999,-10.120038978 -75.691906235,-10.121435478 -75.692113235,-10.1221503539999 -75.6923222349999,-10.1227441029999 -75.692499985,-10.1229823529999 -75.692738235,-10.1230429779999 -75.693185485,-10.122804603 -75.6934218599999,-10.122537103 -75.69368936,-10.1224179779999 -75.69404686,-10.1224472279999 -75.694611235,-10.1227441029999 -75.694968735,-10.1229237279999 -75.69535536,-10.1227148529999 -75.69595111,-10.122624978 -75.696396485,-10.122775353 -75.69672461,-10.123191353 -75.6970507349999,-10.124171853 -75.697466735,-10.1249746029999 -75.69800386,-10.1257792279999 -75.698925735,-10.1264023529999 -75.69960936,-10.126759728 -75.699933485,-10.1269218529999 -75.699966735,-10.126939353 -75.700144485,-10.127355478 -75.700173735,-10.127919853 -75.7002928599999,-10.1285156029999 -75.700300735,-10.1285663529999 -75.7003534849999,-10.128931603 -75.7003827349999,-10.128947228 -75.70067961,-10.1291093529999 -75.700976485,-10.129288978 -75.70106636,-10.1296444779999 -75.70106636,-10.129847603 -75.70106636,-10.131519478 -75.700798735,-10.1324413529999 -75.700798735,-10.1335722279999 -75.700798735,-10.134581978 -75.7009178599999,-10.135148353 -75.701156235,-10.1357421029999 -75.701214735,-10.136247978 -75.7014823599999,-10.1367246029999 -75.701958985,-10.137050728 -75.7023163599999,-10.137349603 -75.702435485,-10.137675728 -75.70249411,-10.1386268529999 -75.70252336,-10.1391327279999 -75.702822235,-10.139609353 -75.70329686,-10.140085853 -75.7034159849999,-10.140441353 -75.7033866099999,-10.1411268529999 -75.703593735,-10.1416014779999 -75.703863235,-10.1419003529999 -75.7039511099999,-10.142464853 -75.703892485,-10.143177728 -75.703654235,-10.1436249779999 -75.70311911,-10.144011728 -75.70270311,-10.144367103 -75.702464735,-10.1447246029999 -75.702404235,-10.145945228 -75.7023749849999,-10.1472226029999 -75.70249411,-10.1478476029999 -75.702642485,-10.1484433529999 -75.703058485,-10.148800728 -75.70350586,-10.149304603 -75.703624985,-10.1497812279999 -75.7036834849999,-10.1503163529999 -75.703476485,-10.1508827279999 -75.7030897349999,-10.1515058529999 -75.7029101099999,-10.151863228 -75.7028808599999,-10.152427728 -75.702999985,-10.1530819779999 -75.702822235,-10.153439353 -75.7028514849999,-10.153886728 -75.70293936,-10.1543027279999 -75.703173735,-10.154619103 -75.7034452349999,-10.1549862279999 -75.7037128599999,-10.1556698529999 -75.70392186,-10.156236228 -75.7040409849999,-10.1567421029999 -75.704427735,-10.1572773529999 -75.70499211,-10.1578124779999 -75.705527235,-10.1580799779999 -75.7057069849999,-10.158525353 -75.705736235,-10.159091728 -75.7053788599999,-10.159656228 -75.704872985,-10.1608456029999 -75.704308485,-10.1620643539999 -75.7037441099999,-10.163105478 -75.703267485,-10.163939354 -75.70252336,-10.1645643529999 -75.7020487349999,-10.165009728 -75.701601485,-10.165187478 -75.7014823599999,-10.165544853 -75.70145311,-10.1662597279999 -75.70163086,-10.1667948529999 -75.701572235,-10.1673886029999 -75.70106636,-10.168548728 -75.70044136,-10.1695312279999 -75.70002536,-10.1702148529999 -75.6995194849999,-10.170662104 -75.6992812349999,-10.171165978 -75.6992518599999,-10.171732353 -75.699490235,-10.172148353 -75.699906235,-10.172238228 -75.7002928599999,-10.1723867279999 -75.7004121099999,-10.1726542279999 -75.70026361,-10.173070228 -75.6998476099999,-10.1735468529999 -75.699490235,-10.174111228 -75.69942961,-10.1751229779999 -75.6998163599999,-10.1753612279999 -75.7000858599999,-10.1756581029999 -75.700322235,-10.176908103 -75.7006209849999,-10.177621103 -75.7009472349999,-10.178007728 -75.70109561,-10.1784843529999 -75.70112686,-10.1798514779999 -75.701214735,-10.180654228 -75.7012441099999,-10.183331978 -75.7012226099999,-10.1865956029999 -75.701257485,-10.1870324779999 -75.701259735,-10.187060478 -75.701718735,-10.188691353 -75.70164061,-10.190079978 -75.701329985,-10.191701103 -75.701259735,-10.1930604779999 -75.70123036,-10.193650353 -75.700759735,-10.1963202279999 -75.70073036,-10.197339853 -75.700810485,-10.197890604 -75.701048735,-10.198531228 -75.701259735,-10.198839853 -75.7020194849999,-10.1997304779999 -75.70237886,-10.200371103 -75.702499985,-10.2011406029999 -75.7023104849999,-10.202410103 -75.7023202349999,-10.202851478 -75.702490235,-10.203210853 -75.703329985,-10.203999978 -75.703579985,-10.204380853 -75.70362886,-10.2046796029999 -75.703570235,-10.205730478 -75.70360936,-10.205941353 -75.70364061,-10.2061112279999 -75.7037402349999,-10.2063612279999 -75.703968735,-10.2066913529999 -75.70436911,-10.207040978 -75.70492961,-10.2075312279999 -75.705259735,-10.2078711029999 -75.706288985,-10.2092304779999 -75.706999985,-10.210429603 -75.70741986,-10.2113906029999 -75.707499985,-10.211570228 -75.707820235,-10.212320228 -75.70848036,-10.213191353 -75.70866011,-10.213550729 -75.70942961,-10.2150702279999 -75.7101406099999,-10.215771478 -75.711968735,-10.216589853 -75.713038985,-10.217079978 -75.71360936,-10.217509728 -75.713990235,-10.217951103 -75.7146406099999,-10.219101478 -75.7157597349999,-10.2203398529999 -75.71609961,-10.220550728 -75.7168496099999,-10.220820228 -75.71691986,-10.2208808529999 -75.717249985,-10.2211503529999 -75.717519485,-10.221820228 -75.717788985,-10.222771479 -75.7184393599999,-10.223630853 -75.71887886,-10.223890603 -75.719820235,-10.2242206029999 -75.720288985,-10.224490228 -75.72060936,-10.2248808529999 -75.72093936,-10.225550729 -75.72116986,-10.2267909779999 -75.721249985,-10.226960853 -75.721339735,-10.227169854 -75.721499985,-10.227400353 -75.721759735,-10.227521478 -75.722570235,-10.2275702279999 -75.723060485,-10.227720603 -75.723749985,-10.2281796039999 -75.7252187349999,-10.229441353 -75.7257597349999,-10.2297909779999 -75.72639061,-10.2301503529999 -75.7271698599999,-10.2309706039999 -75.7277089849999,-10.2318711029999 -75.728218735,-10.2324198539999 -75.72867961,-10.232771478 -75.7299296099999,-10.2331503529999 -75.730458985,-10.2332011029999 -75.73087886,-10.233310478 -75.73123036,-10.2334804779999 -75.7319589849999,-10.2339999779999 -75.732579985,-10.234191353 -75.73344911,-10.2339608529999 -75.734269485,-10.2334608529999 -75.73436911,-10.233390603 -75.73587886,-10.232871103 -75.736798735,-10.232710853 -75.73759961,-10.232720603 -75.739029235,-10.2331698529999 -75.73973036,-10.233290978 -75.740038985,-10.2332206029999 -75.741019485,-10.232999978 -75.7413906099999,-10.233060478 -75.7417089849999,-10.2332108529999 -75.742089736,-10.2335097279999 -75.742958985,-10.234730478 -75.743779235,-10.235550728 -75.7444101099999,-10.2359296029999 -75.74598036,-10.236691353 -75.746499985,-10.2370702289999 -75.7469393599999,-10.237521478 -75.747708985,-10.238031228 -75.74889061,-10.238550728 -75.74936911,-10.238820228 -75.75019911,-10.2393906029999 -75.75135936,-10.240009728 -75.7514687349999,-10.240040978 -75.7519393599999,-10.2401698529999 -75.75237886,-10.2401796029999 -75.75262886,-10.240040978 -75.75290036,-10.2398202279999 -75.753249985,-10.239710853 -75.753999985,-10.239810479 -75.75442961,-10.2398299779999 -75.75462886,-10.239790978 -75.75512886,-10.239499978 -75.756038985,-10.2387206029999 -75.756958985,-10.2383104789999 -75.7575389849999,-10.237829978 -75.7576093599999,-10.237800728 -75.7580702349999,-10.237589853 -75.759060485,-10.2376014779999 -75.7595292349999,-10.2376796029999 -75.7600292349999,-10.2379608529999 -75.7605799849999,-10.2385097279999 -75.761038985,-10.238829978 -75.76223036,-10.239249978 -75.762968735,-10.239679603 -75.76561911,-10.241759728 -75.7659393599999,-10.241941353 -75.76714061,-10.242451103 -75.767208985,-10.2424804779999 -75.76741011,-10.242560478 -75.7687499849999,-10.2432499789999 -75.771439361,-10.245361228 -75.77162886,-10.245589853 -75.7720389849999,-10.2463104779999 -75.772529235,-10.2468202279999 -75.773048735,-10.247050728 -75.77416986,-10.247310478 -75.7745604849999,-10.247550728 -75.774718735,-10.2476698529999 -75.775259735,-10.248079978 -75.7770799849999,-10.2488711029999 -75.777310485,-10.2488808529999 -75.7773906099999,-10.248910103 -75.777839735,-10.249031228 -75.778339735,-10.249259728 -75.7786991099999,-10.249550728 -75.77891011,-10.2496913529999 -75.779169861,-10.249880853 -75.77939061,-10.2499608529999 -75.77966011,-10.250101478 -75.780038985,-10.250290978 -75.780279235,-10.2504198529999 -75.780548736,-10.2505214779999 -75.7809902349999,-10.250660103 -75.7813496099999,-10.2507206029999 -75.7815996099999,-10.2507714779999 -75.782048735,-10.250910103 -75.782519485,-10.2510702279999 -75.783048735,-10.2513007279999 -75.7837303599999,-10.251710853 -75.783990235,-10.251880854 -75.784769485,-10.2521601029999 -75.785599985,-10.252370103 -75.786549985,-10.2523199779999 -75.787969985,-10.251889978 -75.789289985,-10.251179978 -75.7898699849999,-10.250729978 -75.7904099849999,-10.2505698529999 -75.79079011,-10.2505498539999 -75.791079985,-10.250619978 -75.7923199849999,-10.250729979 -75.793439985,-10.250829978 -75.794239986,-10.2508599779999 -75.795279985,-10.2508599779999 -75.796229985,-10.250669978 -75.796679985,-10.2504799779999 -75.797199985,-10.250329978 -75.797489985,-10.250239979 -75.798169985,-10.2501399779999 -75.7986299849999,-10.250099978 -75.799339985,-10.249929978 -75.799609985,-10.249829978 -75.799969986,-10.249760103 -75.800279985,-10.2496699779999 -75.800869985,-10.249469978 -75.80113011,-10.249389978 -75.8022499849999,-10.2488099779999 -75.802799985,-10.248259978 -75.803179986,-10.248009978 -75.803709985,-10.2479299779999 -75.8040099849999,-10.247989979 -75.8043199849999,-10.2480401029999 -75.804809985,-10.2480899779999 -75.8052899859999,-10.248099979 -75.8057399849999,-10.247999853 -75.80627011,-10.2477299779999 -75.8069799849999,-10.247219978 -75.807849985,-10.2464899779999 -75.809459985,-10.245269978 -75.810249986,-10.2447399779999 -75.810989986,-10.244389978 -75.8114301099999,-10.2442199779999 -75.811719985,-10.2441499779999 -75.812149985,-10.244089978 -75.812709985,-10.244089978 -75.813189985,-10.244339979 -75.813559986,-10.2445398529999 -75.814189985,-10.2450299779999 -75.814669985,-10.2452499779999 -75.8153999849999,-10.2456299789999 -75.816199985,-10.2459699779999 -75.816679985,-10.246159978 -75.8171299859999,-10.2462899789999 -75.817799985,-10.246429978 -75.818039985,-10.2465099779999 -75.818379985,-10.2466899779999 -75.8187099849999,-10.246839978 -75.819219985,-10.247139978 -75.820089985,-10.2478699779999 -75.82090011,-10.2483599789999 -75.821359985,-10.2485399779999 -75.8217298599999,-10.2485599789999 -75.822079985,-10.248459978 -75.8231899849999,-10.2483199779999 -75.824129985,-10.248129978 -75.825119985,-10.248029978 -75.825789985,-10.2479299779999 -75.826259985,-10.247879978 -75.8266799849999,-10.2480699779999 -75.8268399849999,-10.248219978 -75.8270799859999,-10.248549978 -75.827229986,-10.2489199779999 -75.827569986,-10.249449978 -75.8276899849999,-10.2497099779999 -75.8277801099999,-10.249899979 -75.827849986,-10.2500499779999 -75.827929985,-10.250309978 -75.828069985,-10.2505698529999 -75.8284599849999,-10.250989978 -75.828799985,-10.251209979 -75.8290899849999,-10.251439853 -75.829349985,-10.2515999779999 -75.8294798599999,-10.2517299789999 -75.829599985,-10.251949978 -75.829709986,-10.2520799779999 -75.829859985,-10.252249978 -75.830339985,-10.2527099779999 -75.831029985,-10.2529699789999 -75.8316999849999,-10.2531598529999 -75.832229985,-10.2533999779999 -75.832499985,-10.253429979 -75.832569985,-10.2534299779999 -75.8328998599999,-10.253549978 -75.833159985,-10.2536699779999 -75.8337299849999,-10.253719979 -75.834049985,-10.2537399779999 -75.834319985,-10.2538299779999 -75.8345399849999,-10.253999979 -75.83470011,-10.254129978 -75.8349199849999,-10.254269979 -75.83555011,-10.254769978 -75.8357499849999,-10.2548899779999 -75.836119985,-10.255059978 -75.836619985,-10.255459978 -75.837069985,-10.2560199779999 -75.837389985,-10.256319978 -75.837419986,-10.256339978 -75.837659985,-10.256479978 -75.837999985,-10.256559979 -75.8382499859999,-10.256609978 -75.838509985,-10.2566699779999 -75.838799986,-10.256789978 -75.8389701099999,-10.256859978 -75.8390599849999,-10.256899978 -75.8393099849999,-10.2570999779999 -75.839569985,-10.2572899789999 -75.839679985,-10.2573899779999 -75.839789985,-10.2574999779999 -75.839929985,-10.257649978 -75.840049985,-10.257849978 -75.840149985,-10.258029978 -75.840129985,-10.2582699779999 -75.8400299849999,-10.2584001029999 -75.83984011,-10.258639978 -75.839619985,-10.2588099779999 -75.839349985,-10.259129978 -75.839069985,-10.259539978 -75.83894986,-10.259789978 -75.838889985,-10.260009978 -75.83892986,-10.2603399779999 -75.839029985,-10.2605199779999 -75.839249985,-10.260779978 -75.839679986,-10.261089978 -75.839899986,-10.261229978 -75.840239985,-10.261379978 -75.840449985,-10.2614399779999 -75.84071011,-10.2615099779999 -75.841209985,-10.2615299789999 -75.8416001099999,-10.261389978 -75.841959985,-10.261359978 -75.8421699849999,-10.261409978 -75.842289985,-10.2614899779999 -75.842739985,-10.261929978 -75.842859986,-10.262169978 -75.842899985,-10.2622999779999 -75.842899986,-10.262439978 -75.842859985,-10.2625199779999 -75.8427799849999,-10.262619978 -75.842699985,-10.2626799779999 -75.842539985,-10.262829978 -75.842029985,-10.263299978 -75.841729985,-10.263789978 -75.841679985,-10.2640099779999 -75.841659985,-10.2643199779999 -75.841679985,-10.264509978 -75.841759985,-10.2647099779999 -75.8419199849999,-10.264809978 -75.8423299849999,-10.264959978 -75.842649985,-10.265059978 -75.8428199849999,-10.265099979 -75.843039985,-10.265149978 -75.8430699849999,-10.265169978 -75.84332011,-10.265349978 -75.843669985,-10.2656899789999 -75.843849985,-10.2659399779999 -75.844009985,-10.2661899779999 -75.8442199849999,-10.266829978 -75.844349985,-10.267639979 -75.844229985,-10.2682599789999 -75.844159985,-10.2691599779999 -75.844139985,-10.2692999779999 -75.844009985,-10.2703598539999 -75.844049985,-10.2716199779999 -75.844099985,-10.272129978 -75.8440898599999,-10.272939978 -75.844069985,-10.273429978 -75.843899985,-10.2740899779999 -75.843819985,-10.274669854 -75.843839985,-10.2750899779999 -75.843869985,-10.2754199779999 -75.844139985,-10.275859979 -75.844469985,-10.2761599789999 -75.844769985,-10.276399978 -75.844949985,-10.2765499779999 -75.8450999849999,-10.276789978 -75.845269985,-10.2770199779999 -75.845339985,-10.277340103 -75.845519985,-10.277929979 -75.8456799859999,-10.278269978 -75.845879985,-10.2789399779999 -75.845999986,-10.279289978 -75.8463099849999,-10.279829854 -75.8468499849999,-10.280760103 -75.84756986,-10.281719978 -75.8476101099999,-10.281779978 -75.847679985,-10.281869978 -75.847779985,-10.2820599779999 -75.847939985,-10.282409978 -75.848039985,-10.282749978 -75.848139985,-10.2830599779999 -75.8481599849999,-10.2834099789999 -75.8481599849999,-10.283759979 -75.8481799849999,-10.2839999779999 -75.848229985,-10.2842699779999 -75.848299985,-10.284499979 -75.848469985,-10.284869978 -75.8488299859999,-10.2853699779999 -75.8488999859999,-10.2857999779999 -75.8488799849999,-10.2861399779999 -75.848759985,-10.2864599779999 -75.848679985,-10.286719978 -75.848639985,-10.287069978 -75.848579985,-10.2873799779999 -75.848529985,-10.287680103 -75.84848011,-10.2879599779999 -75.848509985,-10.288259979 -75.8486499859999,-10.2884999779999 -75.848799985,-10.288789978 -75.849009985,-10.289099978 -75.8490399849999,-10.289639978 -75.849029985,-10.289929978 -75.8489899849999,-10.290289978 -75.848979985,-10.290339978 -75.8489499849999,-10.290749978 -75.849069985,-10.290949978 -75.849189985,-10.291100103 -75.849319985,-10.291259978 -75.8495099849999,-10.2914299779999 -75.849659985,-10.2916099779999 -75.849839985,-10.2918599779999 -75.849969985,-10.2920399779999 -75.850109985,-10.2923299779999 -75.8502099849999,-10.2925599779999 -75.8503899849999,-10.292859978 -75.850529985,-10.292999978 -75.8508399849999,-10.293199978 -75.851549985,-10.293809978 -75.852019985,-10.294349978 -75.8525699859999,-10.2953901029999 -75.852899985,-10.296249979 -75.853049985,-10.2965399779999 -75.853169985,-10.296819979 -75.853319986,-10.2970999779999 -75.853459986,-10.297359978 -75.853589985,-10.2975499779999 -75.853749985,-10.297739978 -75.853949985,-10.2979198529999 -75.854139985,-10.2980999779999 -75.854309985,-10.298289978 -75.8544799859999,-10.298419978 -75.8546399849999,-10.2986399779999 -75.855119985,-10.299139979 -75.8558799849999,-10.300599978 -75.8562399849999,-10.3014601039999 -75.8563999849999,-10.301709979 -75.856659985,-10.301909979 -75.8569399849999,-10.3020399779999 -75.857199985,-10.302119978 -75.857449985,-10.302159978 -75.85793011,-10.302139978 -75.8581999849999,-10.3021699779999 -75.8585399849999,-10.302249853 -75.8588299849999,-10.3023499779999 -75.8591899849999,-10.3024899779999 -75.859489985,-10.3026799789999 -75.859726985,-10.302838354 -75.8600699849999,-10.303059978 -75.860929985,-10.303869978 -75.862049986,-10.305099979 -75.8628799849999,-10.3056898529999 -75.863499985,-10.3061099789999 -75.863749986,-10.306259978 -75.864059985,-10.306409979 -75.864199985,-10.306459978 -75.864559985,-10.3067799789999 -75.864759985,-10.306889978 -75.865189985,-10.307059979 -75.865459985,-10.307199979 -75.866019985,-10.307629978 -75.866649985,-10.308239854 -75.867289985,-10.3086499779999 -75.867919985,-10.3088299779999 -75.8684899849999,-10.308959978 -75.86914011,-10.309449979 -75.869719985,-10.3099598539999 -75.8701099849999,-10.3104599779999 -75.870679985,-10.3109499779999 -75.871339985,-10.311319978 -75.871849986,-10.3114899779999 -75.872329985,-10.311569978 -75.872749985,-10.311459978 -75.873109985,-10.311339978 -75.873229985,-10.311319978 -75.87336986,-10.311299978 -75.873549985,-10.3113999779999 -75.873689986,-10.311519979 -75.873899985,-10.3116899779999 -75.8741199849999,-10.311909978 -75.874439985,-10.3122599779999 -75.874989985,-10.3126799779999 -75.8753999849999,-10.3129299779999 -75.875679985,-10.3129799779999 -75.875969985,-10.3129999779999 -75.876429985,-10.3129799779999 -75.8770599859999,-10.312959978 -75.877209985,-10.312989978 -75.877509985,-10.313059978 -75.877959985,-10.313209978 -75.878759985,-10.313599978 -75.8794299849999,-10.314139978 -75.8797699849999,-10.3144199779999 -75.880119985,-10.3146899779999 -75.8803799849999,-10.3149099779999 -75.880859985,-10.3152699779999 -75.8809099859999,-10.3153199779999 -75.881249985,-10.315619978 -75.8814099849999,-10.315769979 -75.881559985,-10.315919978 -75.8818599849999,-10.316289979 -75.8820899849999,-10.3165599779999 -75.882329985,-10.3168299779999 -75.882729985,-10.3172299779999 -75.88370986,-10.3180399779999 -75.885159986,-10.319589978 -75.886009986,-10.3203801029999 -75.886219985,-10.320619979 -75.886489986,-10.3209199779999 -75.886959985,-10.3212101029999 -75.8880099849999,-10.321589978 -75.8884399849999,-10.321749978 -75.888649985,-10.321839978 -75.889489985,-10.3221899779999 -75.890729985,-10.3227299779999 -75.891959985,-10.3232899779999 -75.892899985,-10.323909978 -75.893539986,-10.3242799779999 -75.893969985,-10.3247299779999 -75.89411011,-10.324899978 -75.894529985,-10.325229978 -75.895119985,-10.3256899789999 -75.8953699849999,-10.3259499779999 -75.895539985,-10.3262599789999 -75.895629986,-10.3264199779999 -75.8957299849999,-10.326609978 -75.8958899849999,-10.326859978 -75.896029985,-10.327059978 -75.8962699849999,-10.327289978 -75.896529986,-10.327509979 -75.897069986,-10.3278599779999 -75.897409985,-10.328029979 -75.8981399849999,-10.328519979 -75.8985399859999,-10.3288899779999 -75.898709985,-10.329079978 -75.899029986,-10.329439979 -75.899270111,-10.329689978 -75.899649986,-10.330209978 -75.899799985,-10.3304499779999 -75.9001601099999,-10.331049978 -75.900449985,-10.331409978 -75.900679985,-10.331699978 -75.901509985,-10.332389979 -75.90184011,-10.332689978 -75.902199985,-10.3329899779999 -75.902549985,-10.3332599779999 -75.9029099859999,-10.333589978 -75.903169985,-10.3338499779999 -75.903439985,-10.3340499779999 -75.9036599849999,-10.3342299779999 -75.9039299849999,-10.334559978 -75.904139985,-10.334839979 -75.904359985,-10.335189978 -75.904529985,-10.335499979 -75.9046499849999,-10.335769978 -75.904749985,-10.336019978 -75.9050499849999,-10.336849978 -75.905619985,-10.337659978 -75.9059999849999,-10.338219979 -75.906159985,-10.338470103 -75.906429985,-10.3387499789999 -75.906769985,-10.3389999779999 -75.906849985,-10.3390499779999 -75.907179985,-10.3392299779999 -75.907499985,-10.339419979 -75.907859985,-10.3396599779999 -75.908109985,-10.3398099789999 -75.908329985,-10.3400099789999 -75.908489985,-10.340229979 -75.9085399849999,-10.340459978 -75.9085899849999,-10.340729978 -75.9085899849999,-10.341399978 -75.908649985,-10.3416199779999 -75.9087699849999,-10.341829854 -75.908829985,-10.342049978 -75.908849985,-10.3422199779999 -75.908869986,-10.3424399789999 -75.908929986,-10.3426299779999 -75.909039986,-10.3427899779999 -75.909229985,-10.342929979 -75.9093999849999,-10.3430299779999 -75.909639985,-10.343159978 -75.909879985,-10.3432799789999 -75.910079985,-10.343409978 -75.9104099859999,-10.3437499789999 -75.910549986,-10.343899978 -75.910559985,-10.3439099779999 -75.910689985,-10.3440199779999 -75.911099985,-10.344309978 -75.9116499849999,-10.3445799789999 -75.912089985,-10.3447199789999 -75.912449985,-10.3449899779999 -75.9126399849999,-10.345219979 -75.912859985,-10.3455299779999 -75.913119985,-10.346169978 -75.913279985,-10.346899978 -75.9135599849999,-10.3474899779999 -75.9137199849999,-10.347979978 -75.913909985,-10.3482799779999 -75.914109985,-10.3485499779999 -75.9143499849999,-10.348779978 -75.914639985,-10.3490199779999 -75.9149799849999,-10.3492199789999 -75.9157499849999,-10.3494999779999 -75.916719986,-10.349909979 -75.917399985,-10.350139978 -75.917619985,-10.3502199779999 -75.9179999849999,-10.3503699779999 -75.918299986,-10.350659978 -75.918729985,-10.3515199779999 -75.918989986,-10.3519299779999 -75.919589985,-10.352859978 -75.919719986,-10.353120103 -75.919909861,-10.3534599779999 -75.920079985,-10.3537499789999 -75.920599985,-10.354099978 -75.921109985,-10.3543499789999 -75.922039985,-10.3547199779999 -75.9227699849999,-10.354999978 -75.923659985,-10.355469978 -75.924409985,-10.356029978 -75.924939985,-10.3567199779999 -75.925139985,-10.3575099779999 -75.9251799849999,-10.358419979 -75.9251799849999,-10.358689979 -75.925169986,-10.3591799779999 -75.925130111,-10.359789979 -75.925119985,-10.3601699779999 -75.92509011,-10.360409978 -75.92509011,-10.3607799779999 -75.925209985,-10.3611999779999 -75.925349985,-10.3617799789999 -75.925529985,-10.362269978 -75.925619985,-10.3625701029999 -75.925749986,-10.3628899779999 -75.9260599849999,-10.363259978 -75.926299985,-10.363460104 -75.9266199849999,-10.363559978 -75.9272499849999,-10.363709978 -75.928079985,-10.3638099779999 -75.928359985,-10.3638599779999 -75.9286499849999,-10.363959978 -75.928969985,-10.3641999779999 -75.9292299849999,-10.364409979 -75.9294999849999,-10.364659979 -75.929589985,-10.3647599779999 -75.929759985,-10.364949978 -75.9302199859999,-10.365579979 -75.930549985,-10.366599978 -75.931029985,-10.3674199779999 -75.931539986,-10.367899979 -75.931759985,-10.3681599779999 -75.931919985,-10.368459978 -75.932169985,-10.3688999779999 -75.9324099849999,-10.3693099779999 -75.9327899849999,-10.3702398529999 -75.93286011,-10.3706399779999 -75.932889985,-10.370869978 -75.9331499849999,-10.3719399779999 -75.933189985,-10.372379978 -75.933589985,-10.3731399779999 -75.9337501099999,-10.373309978 -75.933989986,-10.3736299779999 -75.934179985,-10.3739199779999 -75.934359985,-10.374249979 -75.9344799849999,-10.374589853 -75.93453986,-10.3749799779999 -75.93451986,-10.375309978 -75.934469985,-10.3756999779999 -75.9343899849999,-10.376330104 -75.934129986,-10.377099979 -75.933629985,-10.378619978 -75.933139986,-10.3800899779999 -75.9330599849999,-10.380579854 -75.932749985,-10.3812199779999 -75.932549985,-10.382039978 -75.932419985,-10.382419978 -75.9323199849999,-10.3834199779999 -75.932189985,-10.3840598529999 -75.932079985,-10.3846199779999 -75.9318899849999,-10.385709978 -75.931659985,-10.386789979 -75.9314599849999,-10.387639978 -75.9313699849999,-10.3885099779999 -75.931309985,-10.389280104 -75.931229985,-10.389649979 -75.931109985,-10.3899999779999 -75.9309199849999,-10.3902899779999 -75.930639985,-10.390639978 -75.9301099849999,-10.3912099789999 -75.929579985,-10.391809854 -75.9292099849999,-10.392369978 -75.9289599849999,-10.392849978 -75.9283799849999,-10.394149979 -75.927939986,-10.3949899789999 -75.9277201099999,-10.395479978 -75.9276198599999,-10.395749978 -75.9275699849999,-10.3959899779999 -75.927539985,-10.396099853 -75.9272499849999,-10.396579979 -75.927099986,-10.3968699779999 -75.926839985,-10.397219978 -75.926489985,-10.398019978 -75.92600011,-10.398719978 -75.925799985,-10.3991799779999 -75.925659985,-10.3995198539999 -75.9255399849999,-10.399869978 -75.925489985,-10.4001099779999 -75.925459986,-10.400339978 -75.9254899859999,-10.4005799779999 -75.925509985,-10.400969978 -75.925549985,-10.4011199779999 -75.925549985,-10.401419979 -75.925489985,-10.401689978 -75.925389985,-10.402099979 -75.9253599849999,-10.4022499779999 -75.925079986,-10.402819978 -75.924869985,-10.403289978 -75.924589985,-10.4040399789999 -75.924669985,-10.404649978 -75.924859985,-10.405699978 -75.924859985,-10.405989978 -75.9249099849999,-10.4061399779999 -75.9249999849999,-10.406399979 -75.9250498599999,-10.406559979 -75.925149985,-10.406759978 -75.925229985,-10.406819979 -75.9254699859999,-10.4069299779999 -75.925679985,-10.406979978 -75.9259699849999,-10.407049978 -75.926269985,-10.407159978 -75.926549985,-10.4073701029999 -75.9266899849999,-10.4074899779999 -75.927079985,-10.407679979 -75.927369985,-10.4078299779999 -75.9275899849999,-10.407959978 -75.927909985,-10.408329979 -75.928189985,-10.4087999779999 -75.9285999859999,-10.4097899779999 -75.9287799859999,-10.410829979 -75.9290499859999,-10.411729979 -75.9290499849999,-10.4123299789999 -75.9290299849999,-10.412909978 -75.9290299849999,-10.4132499789999 -75.928969985,-10.4136399779999 -75.929059985,-10.4141099779999 -75.9291899849999,-10.4143999779999 -75.929349985,-10.4147599789999 -75.929539985,-10.415179978 -75.929959985,-10.415839978 -75.930299985,-10.4164099779999 -75.930859985,-10.417069978 -75.9312599849999,-10.417710104 -75.931649985,-10.4183899779999 -75.9326299849999,-10.4194499779999 -75.933319985,-10.4200999779999 -75.933949985,-10.420699978 -75.934219985,-10.4209099789999 -75.9347499849999,-10.4213199779999 -75.935459985,-10.421819979 -75.9358099849999,-10.4220799789999 -75.9367699859999,-10.422859979 -75.9373999859999,-10.423669978 -75.937869985,-10.4244199779999 -75.938559985,-10.4250499779999 -75.9393899849999,-10.425759979 -75.939469985,-10.4258199779999 -75.939889985,-10.426099978 -75.939989985,-10.426239978 -75.940159985,-10.4264699779999 -75.940339986,-10.426619978 -75.940439985,-10.426679979 -75.9407599849999,-10.4267599789999 -75.9409399849999,-10.426799979 -75.941179986,-10.426859978 -75.9415001099999,-10.4269899779999 -75.941869985,-10.4272399779999 -75.942449986,-10.4276399779999 -75.9428999849999,-10.427959979 -75.94313986,-10.428259978 -75.9433499849999,-10.4284999779999 -75.943489986,-10.428729978 -75.9435299849999,-10.428939978 -75.943559985,-10.429339979 -75.943589985,-10.429539978 -75.943589985,-10.4300699779999 -75.943719985,-10.430349978 -75.943759985,-10.4304299779999 -75.9439099849999,-10.430559853 -75.944099985,-10.4306599779999 -75.944389985,-10.4308399779999 -75.944569985,-10.4311299779999 -75.944659985,-10.4315999789999 -75.944759986,-10.4318099779999 -75.945319986,-10.432449978 -75.945609985,-10.4327699789999 -75.945739985,-10.432919978 -75.946109986,-10.433129853 -75.946429985,-10.4333099789999 -75.9465899849999,-10.433439979 -75.9467499849999,-10.4336499789999 -75.946799986,-10.4338799779999 -75.946779985,-10.434269978 -75.946719985,-10.434379978 -75.9465699849999,-10.434699978 -75.946539985,-10.4349101029999 -75.946649985,-10.435169979 -75.946809985,-10.435379978 -75.9471299849999,-10.4356799779999 -75.947409985,-10.436029979 -75.94749011,-10.4361799779999 -75.947549985,-10.436469979 -75.947519985,-10.436699978 -75.9474698609999,-10.436879979 -75.94746986,-10.437019978 -75.947519985,-10.437149978 -75.947729985,-10.437329978 -75.947969985,-10.4374398529999 -75.948179986,-10.4375201029999 -75.948559986,-10.437609978 -75.948769985,-10.4377499779999 -75.949029985,-10.4379799779999 -75.949119986,-10.438099978 -75.949159986,-10.4381599779999 -75.949219985,-10.438479978 -75.949139985,-10.4388099779999 -75.949139985,-10.438959978 -75.949299985,-10.439249978 -75.949509986,-10.439479978 -75.9497199849999,-10.439659978 -75.949849985,-10.439769978 -75.9499899849999,-10.4398699779999 -75.950269985,-10.440129978 -75.950359985,-10.4402899789999 -75.950409985,-10.440419978 -75.950469985,-10.4405699779999 -75.9505999849999,-10.440709978 -75.95088986,-10.4409401029999 -75.951419985,-10.441279978 -75.9515199849999,-10.441379979 -75.951549985,-10.441589979 -75.951549985,-10.4420899789999 -75.951629985,-10.442429978 -75.9517899849999,-10.442739979 -75.952029985,-10.4431799779999 -75.952319985,-10.443619978 -75.9524199859999,-10.443729978 -75.952769985,-10.443889978 -75.952979985,-10.444019979 -75.953159985,-10.444199978 -75.953269985,-10.444360103 -75.953399985,-10.444589978 -75.953509985,-10.4447699789999 -75.953719985,-10.445029978 -75.953959986,-10.4453199779999 -75.954259985,-10.445729979 -75.95441011,-10.4461201029999 -75.954499985,-10.446429978 -75.954549985,-10.4467799779999 -75.954529985,-10.447009979 -75.954499985,-10.4472499789999 -75.954499985,-10.4474999779999 -75.9545999859999,-10.447759853 -75.9547899849999,-10.448049979 -75.954999986,-10.448369978 -75.9552099859999,-10.448679978 -75.955429985,-10.4489199779999 -75.955749985,-10.449329979 -75.9559799849999,-10.4496399789999 -75.9560298599999,-10.4497699779999 -75.956090111,-10.4499799779999 -75.956090111,-10.450239978 -75.956119986,-10.4506299779999 -75.956169985,-10.4507699779999 -75.956379985,-10.4510299789999 -75.956589986,-10.4511499779999 -75.956779986,-10.4513099779999 -75.95693986,-10.4515299779999 -75.9570999859999,-10.451779979 -75.957229985,-10.452089854 -75.957469986,-10.4524499779999 -75.957659985,-10.452649978 -75.957709985,-10.452729978 -75.95781011,-10.452939854 -75.957819985,-10.452959853 -75.957899985,-10.453299979 -75.9578699859999,-10.4537999779999 -75.957819985,-10.4539399789999 -75.9577898599999,-10.4542499789999 -75.9577898599999,-10.4545299779999 -75.957929985,-10.454879978 -75.958059985,-10.455189978 -75.958169985,-10.455499979 -75.958199985,-10.455819978 -75.958239986,-10.456109979 -75.958299986,-10.4563699779999 -75.958379985,-10.456759979 -75.958479986,-10.4569599779999 -75.9587201099999,-10.457249853 -75.958989985,-10.457569979 -75.959339985,-10.4578499789999 -75.9596299849999,-10.4581401029999 -75.960179985,-10.4589698529999 -75.9608199849999,-10.460209979 -75.9609799849999,-10.460569978 -75.961129985,-10.4607599779999 -75.961319985,-10.460859978 -75.961509986,-10.4609199779999 -75.961749985,-10.460999979 -75.9620399849999,-10.461329978 -75.962089985,-10.4614799789999 -75.9621401109999,-10.461719979 -75.962279985,-10.462009979 -75.962519985,-10.462189978 -75.9627999849999,-10.4622899779999 -75.9631199849999,-10.462499979 -75.963329986,-10.462709979 -75.9635199849999,-10.4630799789999 -75.96384011,-10.463649978 -75.9644699849999,-10.464619979 -75.965219985,-10.465869853 -75.965919861,-10.4670156039999 -75.96697461,-10.4684766029999 -75.967835986,-10.469626978 -75.9681814849999,-10.4703178529999 -75.96845511,-10.4707373529999 -75.968881235,-10.4710568529999 -75.9694464849999,-10.471357354 -75.9699707349999,-10.471449229 -75.971025361,-10.4717851029999 -75.972054735,-10.4722871029999 -75.9727988609999,-10.472576229 -75.973300735,-10.4729824779999 -75.97366011,-10.473605479 -75.973821361,-10.474068353 -75.9739904849999,-10.4749132279999 -75.974270485,-10.4760889789999 -75.97454686,-10.477249979 -75.974942235,-10.4780206039999 -75.9757704849999,-10.4792763529999 -75.9758101099999,-10.479336353 -75.97592961,-10.479409603 -75.97673586,-10.479903103 -75.9777363599999,-10.480125104 -75.9782382349999,-10.480101604 -75.979773485,-10.4801972289999 -75.9810917349999,-10.4802207279999 -75.9818381109999,-10.4801513529999 -75.983077986,-10.480390353 -75.9835643599999,-10.480484104 -75.983920735,-10.4806659779999 -75.9848802349999,-10.4811559779999 -75.985496111,-10.4817998529999 -75.985496111,-10.4828356039999 -75.985663985,-10.483619478 -75.98630786,-10.484039353 -75.9877356109999,-10.484235353 -75.989023486,-10.4844394789999 -75.99022261,-10.4845839779999 -75.99127736,-10.484751979 -75.9917089849999,-10.4849902289999 -75.992466486,-10.485327103 -75.993222485,-10.485858978 -75.994370235,-10.4864748539999 -75.99477386,-10.486576354 -75.995038236,-10.4866427279999 -75.99638586,-10.4866427279999 -75.99761761,-10.486894728 -75.9983733609999,-10.4872867289999 -75.999577111,-10.487846603 -76.0004449849999,-10.488154478 -76.00136861,-10.4884066029999 -76.002478485,-10.4888222279999 -76.0027909849999,-10.4888907289999 -76.00298636,-10.488865228 -76.0031132349999,-10.4888066029999 -76.003271485,-10.488611353 -76.003353486,-10.488142479 -76.00307036,-10.487374979 -76.0029492359999,-10.486564603 -76.0028804849999,-10.4857469789999 -76.002949235,-10.4848672279999 -76.00307036,-10.483410104 -76.003152485,-10.482560604 -76.003273485,-10.482197228 -76.003595735,-10.4810253539999 -76.0039198599999,-10.4804982279999 -76.00448636,-10.479002103 -76.004979985,-10.478608478 -76.00567986,-10.478468478 -76.006040985,-10.478345228 -76.006508735,-10.4781854789999 -76.0069348599999,-10.477856228 -76.00693961,-10.477852604 -76.007303485,-10.477404728 -76.00733361,-10.4772908539999 -76.007668235,-10.476024104 -76.007720735,-10.474513729 -76.007478486,-10.4732187289999 -76.0073573609999,-10.4726132279999 -76.0073573609999,-10.4716814789999 -76.0075604849999,-10.4711562279999 -76.00796486,-10.470873103 -76.0084492349999,-10.4706718539999 -76.0090957359999,-10.470468728 -76.009425485,-10.4700736029999 -76.0095228599999,-10.4696926029999 -76.00954086,-10.469458978 -76.009501985,-10.468632978 -76.009365235,-10.4678163529999 -76.009126985,-10.4666913529999 -76.00890036,-10.4659062279999 -76.008871235,-10.465031354 -76.0089823599999,-10.4640762289999 -76.0092011099999,-10.4634433529999 -76.009404235,-10.462753854 -76.0094999849999,-10.462236354 -76.0096093609999,-10.4614961039999 -76.00974411,-10.4609784789999 -76.0098203599999,-10.4603339779999 -76.0098652359999,-10.459912103 -76.0098496109999,-10.459349604 -76.0097753599999,-10.458595729 -76.0097871099999,-10.457996104 -76.009716736,-10.4575624779999 -76.009682861,-10.456940978 -76.009934985,-10.456465103 -76.0106908609999,-10.455401353 -76.011334736,-10.454897478 -76.012208985,-10.454611353 -76.01297461,-10.4545606029999 -76.013425736,-10.454638728 -76.0138124859999,-10.454900353 -76.014146485,-10.4553984789999 -76.0143086099999,-10.455812479 -76.01447461,-10.456349603 -76.01472261,-10.4570117289999 -76.0151641099999,-10.4577303529999 -76.015511736,-10.4581444789999 -76.016158236,-10.4586131029999 -76.01666986,-10.459040853 -76.01756636,-10.4595117289999 -76.018656236,-10.459925729 -76.0195957349999,-10.460324229 -76.02107661,-10.4607762279999 -76.0217204849999,-10.4611121039999 -76.022437485,-10.4614979789999 -76.022837861,-10.4620234779999 -76.023335985,-10.4626426039999 -76.0237636109999,-10.463279353 -76.02416211,-10.4639687279999 -76.024259735,-10.4645898529999 -76.0243324849999,-10.4650668539999 -76.024211986,-10.4661511039999 -76.024323985,-10.4669349779999 -76.02493986,-10.467438979 -76.02589161,-10.4676348529999 -76.027304735,-10.467505853 -76.028115236,-10.467099603 -76.0293867349999,-10.4654297289999 -76.030593735,-10.462841854 -76.030585985,-10.4598027279999 -76.030759611,-10.458591853 -76.0309726099999,-10.457794978 -76.03119336,-10.457113228 -76.031449235,-10.456298853 -76.031669861,-10.4559277289999 -76.032246361,-10.455597229 -76.032918235,-10.4556253539999 -76.0336426109999,-10.455955103 -76.034271486,-10.455931603 -76.0356336099999,-10.4552053529999 -76.036417485,-10.454925478 -76.037636735,-10.4547357289999 -76.037677235,-10.4547294779999 -76.03922261,-10.454577978 -76.03986911,-10.454636728 -76.0403301109999,-10.4547558529999 -76.040751986,-10.454863228 -76.041546861,-10.4552851029999 -76.042124985,-10.4555586029999 -76.042449236,-10.4558437279999 -76.04286136,-10.456275354 -76.0432636099999,-10.456548853 -76.04377336,-10.4566874779999 -76.04453911,-10.4566679779999 -76.0455429849999,-10.456474478 -76.046876986,-10.456474478 -76.04772661,-10.4566992279999 -76.0488748609999,-10.4580608539999 -76.0494066099999,-10.4592646039999 -76.04985736,-10.460810603 -76.05011911,-10.4623749789999 -76.0506944859999,-10.464191478 -76.05128236,-10.4648913529999 -76.052648486,-10.465466853 -76.054078111,-10.465523479 -76.0553769859999,-10.465605479 -76.0561854859999,-10.4656407279999 -76.05703711,-10.4654199779999 -76.057640611,-10.4651523539999 -76.05805861,-10.464726604 -76.058697235,-10.463892604 -76.059310485,-10.462984353 -76.05994336,-10.4622499779999 -76.0631328599999,-10.4597616029999 -76.0689672349999,-10.4567892279999 -76.0698124849999,-10.4558437279999 -76.070441361,-10.454412103 -76.07104886,-10.4537187289999 -76.071699235,-10.4531543529999 -76.07250386,-10.452417978 -76.07365036,-10.4520273529999 -76.07447461,-10.451810603 -76.076626985,-10.451843729 -76.077542985,-10.4519101029999 -76.0782832359999,-10.4519882289999 -76.078238235,-10.451623103 -76.0779082349999,-10.451037103 -76.0775976099999,-10.4503203529999 -76.077443361,-10.4495019779999 -76.0771229859999,-10.448496104 -76.07700586,-10.4477441029999 -76.076968736,-10.4469941039999 -76.076968736,-10.4461117289999 -76.0767694849999,-10.4455351029999 -76.076394485,-10.445148478 -76.075929735,-10.4449374779999 -76.0754042359999,-10.4446659779999 -76.075035111,-10.4444843539999 -76.074802736,-10.4441856029999 -76.074615235,-10.443677728 -76.074581985,-10.4430253539999 -76.074392611,-10.442076229 -76.074431611,-10.4416269779999 -76.074305986,-10.440985853 -76.0744264859999,-10.440323228 -76.07472261,-10.439511728 -76.076210985,-10.436956978 -76.0764876109999,-10.436153603 -76.077020111,-10.435354854 -76.0777648599999,-10.434573729 -76.0782687349999,-10.4341537289999 -76.0788287359999,-10.434013853 -76.079708986,-10.4341152279999 -76.0815429849999,-10.4342633529999 -76.081571985,-10.434265603 -76.0832069849999,-10.434287103 -76.0844121109999,-10.434287103 -76.0851582349999,-10.4341152279999 -76.08647661,-10.4335996029999 -76.0870507349999,-10.4330253529999 -76.08813286,-10.432019478 -76.089195361,-10.430650354 -76.0897422359999,-10.4298299779999 -76.0901844859999,-10.429424728 -76.090278235,-10.4293388529999 -76.0904432359999,-10.429343354 -76.09060486,-10.429347853 -76.090941361,-10.429488229 -76.091591735,-10.4296933529999 -76.092206985,-10.4295897289999 -76.092892486,-10.429281229 -76.093404235,-10.4293163529999 -76.09422661,-10.4294179779999 -76.094636736,-10.4294179779999 -76.09504886,-10.429624979 -76.0955273599999,-10.4302069779999 -76.0957676099999,-10.4307891029999 -76.0960742359999,-10.431576229 -76.0963144849999,-10.432568354 -76.09672461,-10.433355478 -76.09710161,-10.4338691029999 -76.098197236,-10.4342109789999 -76.0991894859999,-10.4341093529999 -76.1005253599999,-10.4338007279999 -76.101312486,-10.433664103 -76.101689485,-10.433697228 -76.1021679849999,-10.433937479 -76.10254486,-10.4345877279999 -76.1030586109999,-10.4352029779999 -76.104187485,-10.4355468529999 -76.10541986,-10.435101603 -76.10627536,-10.4344159779999 -76.1078864849999,-10.4314943529999 -76.1082948609999,-10.4305137279999 -76.1089503599999,-10.4299547279999 -76.109482235,-10.429646729 -76.1107948599999,-10.4291797289999 -76.111855485,-10.4287676029999 -76.113345361,-10.4283869779999 -76.1144569849999,-10.428152354 -76.116784985,-10.4273652279999 -76.1183261099999,-10.426543103 -76.118804735,-10.4263731029999 -76.1195234849999,-10.426406228 -76.12037886,-10.426714854 -76.121238235,-10.4271797289999 -76.12282411,-10.428249853 -76.123921611,-10.4286529779999 -76.12517586,-10.429011228 -76.126591735,-10.429517604 -76.12744736,-10.430031229 -76.128218736,-10.430671853 -76.128859361,-10.430972604 -76.12963086,-10.430800728 -76.130101611,-10.4302441039999 -76.130486361,-10.4297304789999 -76.130914111,-10.4280624789999 -76.130956985,-10.4262656029999 -76.1309569859999,-10.425410104 -76.1311698599999,-10.4245957279999 -76.131427736,-10.4235703539999 -76.1319167349999,-10.4225838529999 -76.132387111,-10.4219343529999 -76.132543735,-10.421195353 -76.132667985,-10.420146479 -76.133052736,-10.419205103 -76.133523485,-10.418562478 -76.134165986,-10.4181777279999 -76.1357069859999,-10.418349604 -76.13686136,-10.4180078529999 -76.137845735,-10.417279353 -76.138316361,-10.416937479 -76.13921486,-10.4159531029999 -76.13985736,-10.415310604 -76.1401562349999,-10.414498104 -76.140285111,-10.4131718539999 -76.14028511,-10.4114178529999 -76.140414111,-10.4106464779999 -76.1413003599999,-10.409303354 -76.142552736,-10.408593728 -76.144480485,-10.4081164789999 -76.145174735,-10.4081164789999 -76.1456898609999,-10.4084076039999 -76.1466079849999,-10.408989854 -76.1479433599999,-10.4092773529999 -76.149740235,-10.4090646029999 -76.1507244859999,-10.4084218529999 -76.151966735,-10.408251978 -76.152480485,-10.4083788529999 -76.15312511,-10.4088107279999 -76.15386411,-10.409527354 -76.155230235,-10.4106918539999 -76.1569771109999,-10.4117221029999 -76.1585566099999,-10.412445353 -76.159882861,-10.4131718529999 -76.161679861,-10.413556479 -76.163134736,-10.413857478 -76.164331986,-10.4140273539999 -76.166685485,-10.413556479 -76.168913735,-10.4126851029999 -76.169943985,-10.4123042279999 -76.171949236,-10.4115468529999 -76.172629236,-10.4110733529999 -76.17307936,-10.4106918529999 -76.173594361,-10.4103559779999 -76.1746917359999,-10.409796103 -76.1763489849999,-10.4088331029999 -76.177767736,-10.407695353 -76.179949236,-10.406068354 -76.180760861,-10.4051826039999 -76.18118636,-10.4044436029999 -76.181490235,-10.403287104 -76.182345735,-10.400505854 -76.1828163599999,-10.3992226029999 -76.183458985,-10.3973828539999 -76.1842284859999,-10.396355478 -76.185396736,-10.3954631029999 -76.18777061,-10.3948136029999 -76.188759735,-10.394626978 -76.19001761,-10.394451228 -76.190732361,-10.394087853 -76.192529236,-10.393404478 -76.193599611,-10.393275353 -76.19449811,-10.393017603 -76.195054735,-10.392718728 -76.1957402359999,-10.392205104 -76.196679736,-10.391605479 -76.19753711,-10.3909218539999 -76.198349611,-10.390193354 -76.19916211,-10.3892109779999 -76.2004023599999,-10.3886113529999 -76.2016873599999,-10.388482478 -76.202456986,-10.388568479 -76.2034843599999,-10.389046853 -76.20473436,-10.3891894779999 -76.206113236,-10.389189479 -76.20667186,-10.389017603 -76.2071699859999,-10.3887099789999 -76.2070599859999,-10.388139978 -76.206779985,-10.387439978 -76.2066598609999,-10.386699978 -76.206649985,-10.386109978 -76.2067401099999,-10.384859978 -76.206609986,-10.384359978 -76.2062299849999,-10.3838099779999 -76.205719985,-10.383349978 -76.2054099859999,-10.382939979 -76.205129985,-10.382400103 -76.2050299859999,-10.382019978 -76.204299986,-10.3806099779999 -76.2041501099999,-10.3801799779999 -76.203709985,-10.379629978 -76.202839986,-10.3791699779999 -76.202639985,-10.378979978 -76.202313486,-10.3782464779999 -76.20247261,-10.377884729 -76.20281836,-10.3775841039999 -76.203312486,-10.377347603 -76.2037011099999,-10.3771307279999 -76.20416986,-10.376865229 -76.205396486,-10.376562479 -76.208464861,-10.376812479 -76.213990235,-10.376746103 -76.2174863609999,-10.376244103 -76.21883786,-10.376183603 -76.220152485,-10.3758398529999 -76.2230389859999,-10.374882853 -76.2241464849999,-10.374387353 -76.226332235,-10.373279978 -76.22834311,-10.3722599779999 -76.230888611,-10.371790978 -76.2310824849999,-10.373134228 -76.23096586,-10.374387353 -76.230677735,-10.375925728 -76.230396485,-10.376826228 -76.22994536,-10.378121103 -76.229550736,-10.379472603 -76.2292129859999,-10.3807127279999 -76.2288183599999,-10.3820078529999 -76.22842386,-10.383415978 -76.228199236,-10.384597604 -76.2278047359999,-10.3856113539999 -76.227355486,-10.3869628529999 -76.2271854849999,-10.3880898529999 -76.227128735,-10.3891033539999 -76.2272422359999,-10.3902284779999 -76.2271854849999,-10.391017604 -76.226228485,-10.392650353 -76.226058736,-10.3945644779999 -76.22545511,-10.395521478 -76.2252436099999,-10.3960921029999 -76.2252436109999,-10.3966042289999 -76.225596485,-10.3969343539999 -76.2263299849999,-10.3969299779999 -76.22816986,-10.395079978 -76.229579986,-10.394279979 -76.2306799849999,-10.393539978 -76.230999986,-10.393199979 -76.231499985,-10.3923399779999 -76.231699985,-10.3917999779999 -76.231969985,-10.391339979 -76.231839985,-10.389539978 -76.231909985,-10.389109978 -76.232149985,-10.3887599779999 -76.2329099849999,-10.3883999779999 -76.2338699859999,-10.388079978 -76.234389985,-10.3879899789999 -76.234939986,-10.387619978 -76.235569985,-10.387329979 -76.235679986,-10.387329978 -76.235849985,-10.387309978 -76.236469986,-10.3874299779999 -76.238159986,-10.3873399779999 -76.239440111,-10.387019978 -76.240579985,-10.386509979 -76.242079986,-10.385479978 -76.2430599859999,-10.3844399779999 -76.243909985,-10.383769978 -76.244609985,-10.383349978 -76.247059986,-10.3822299779999 -76.2478799849999,-10.3813499779999 -76.249549986,-10.379949978 -76.250029985,-10.379469979 -76.2506199859999,-10.379049978 -76.2515899859999,-10.378119978 -76.2518399859999,-10.377989853 -76.2522199859999,-10.3778899779999 -76.252479985,-10.3777699779999 -76.2526699859999,-10.3775699779999 -76.254119986,-10.377089978 -76.256129986,-10.374949979 -76.257479986,-10.373869978 -76.259059986,-10.373099978 -76.2603299849999,-10.3726799789999 -76.261749986,-10.371969978 -76.26233236,-10.371794978 -76.2639124849999,-10.370886728 -76.264924111,-10.3702109779999 -76.2664827359999,-10.369199228 -76.2675803609999,-10.3687773529999 -76.268465111,-10.368736353 -76.269476861,-10.368988229 -76.270150735,-10.3697481029999 -76.270656735,-10.3705488529999 -76.271121486,-10.3710957279999 -76.27137336,-10.3716034779999 -76.271416361,-10.3722343539999 -76.2715003609999,-10.372699229 -76.271670236,-10.3735839779999 -76.271838236,-10.374300728 -76.271922235,-10.3750176029999 -76.271965361,-10.375396479 -76.271838235,-10.3758183529999 -76.271838235,-10.376240228 -76.27221711,-10.376746103 -76.27251211,-10.377673854 -76.2728928609999,-10.3788964779999 -76.272806986,-10.379992229 -76.272849986,-10.380667978 -76.27318786,-10.381257853 -76.2737347349999,-10.381763728 -76.27386161,-10.382185604 -76.274283485,-10.3826913529999 -76.274494486,-10.383408228 -76.2742834859999,-10.3844628529999 -76.27407261,-10.385220728 -76.2737777359999,-10.3858534779999 -76.2734397359999,-10.3866972279999 -76.2731448599999,-10.387665978 -76.27306086,-10.3883828539999 -76.272765985,-10.389142604 -76.27322886,-10.3897324779999 -76.273945611,-10.390406228 -76.274547236,-10.3906894789999 -76.275463235,-10.3911231029999 -76.276072611,-10.391822228 -76.2765178609999,-10.392345728 -76.2774027359999,-10.3930624779999 -76.277783485,-10.393443353 -76.2779514859999,-10.394117228 -76.278246361,-10.3947069779999 -76.278330361,-10.3962246039999 -76.27774061,-10.397363228 -76.277191736,-10.398755853 -76.276896861,-10.399386729 -76.27660186,-10.4000624779999 -76.2765178609999,-10.4003984779999 -76.275885111,-10.401201229 -76.275295235,-10.401537103 -76.274789361,-10.401917979 -76.274705361,-10.402464729 -76.275084361,-10.403054728 -76.276474986,-10.4036874789999 -76.277107735,-10.404363103 -76.277568736,-10.4048262279999 -76.278795235,-10.4067656029999 -76.279595985,-10.4081152279999 -76.280144736,-10.409253728 -76.2815354859999,-10.410812478 -76.2821683609999,-10.411445354 -76.282903985,-10.4120736039999 -76.2834319849999,-10.412837854 -76.283853861,-10.413679729 -76.284740486,-10.415029354 -76.285035361,-10.415789103 -76.285287486,-10.416419978 -76.285877236,-10.416884728 -76.2868049859999,-10.4168007279999 -76.287828485,-10.4163731039999 -76.289461236,-10.415581978 -76.291517861,-10.414792978 -76.2929397359999,-10.4140547289999 -76.294310861,-10.413105478 -76.2954691099999,-10.412208978 -76.2963128609999,-10.411367228 -76.297631235,-10.410048853 -76.29826386,-10.4096798529999 -76.2993694849999,-10.409890603 -76.3001603609999,-10.4103652279999 -76.300898736,-10.411103479 -76.30185911,-10.411792603 -76.302930236,-10.4123964779999 -76.30400136,-10.412692853 -76.304810486,-10.4127042279999 -76.305517111,-10.4125447289999 -76.3058799849999,-10.412169978 -76.305880611,-10.412166229 -76.3060299859999,-10.411259979 -76.3060299859999,-10.4100099779999 -76.306699986,-10.409409979 -76.307149986,-10.4088599789999 -76.307739985,-10.408679978 -76.308029985,-10.408449978 -76.3088499849999,-10.4068999789999 -76.309309986,-10.4056199779999 -76.309309985,-10.405049978 -76.309170111,-10.404389979 -76.309149861,-10.403829854 -76.309309986,-10.403339978 -76.3093199849999,-10.402789979 -76.3092499859999,-10.402589978 -76.309170111,-10.402369979 -76.308799985,-10.401829979 -76.308549985,-10.401039978 -76.30832011,-10.3997899789999 -76.308479986,-10.3982799779999 -76.3088699859999,-10.397279978 -76.3089599849999,-10.3965899789999 -76.309689986,-10.395439978 -76.3096799859999,-10.3949699779999 -76.309659986,-10.3937499789999 -76.309759986,-10.3935999789999 -76.310419985,-10.393119978 -76.310499985,-10.392999978 -76.310589985,-10.3921999789999 -76.311309985,-10.390179979 -76.3115699859999,-10.388889978 -76.311939985,-10.3884699779999 -76.312630111,-10.3878399779999 -76.3127199859999,-10.3876299779999 -76.312659986,-10.3860399779999 -76.312549861,-10.385889979 -76.312459985,-10.385459979 -76.3124899859999,-10.3852899789999 -76.312610111,-10.3851099779999 -76.312709986,-10.384499978 -76.312619986,-10.383459978 -76.312799985,-10.383099978 -76.3134198609999,-10.3822998529999 -76.3136199849999,-10.3818699789999 -76.313829986,-10.381159978 -76.314129985,-10.380579853 -76.315129986,-10.3793899779999 -76.315549986,-10.3786299779999 -76.315839985,-10.377689978 -76.316269985,-10.3768999779999 -76.3169299859999,-10.376339978 -76.317679986,-10.375379978 -76.317869985,-10.375019978 -76.3181199859999,-10.3743299779999 -76.3191099859999,-10.3729301029999 -76.319209985,-10.3727099779999 -76.319429986,-10.3722499789999 -76.3197399859999,-10.3717799779999 -76.319789986,-10.370799979 -76.3197199849999,-10.370349978 -76.319609986,-10.370039978 -76.319329986,-10.369679978 -76.319069986,-10.3691299779999 -76.318919986,-10.3685801039999 -76.318949986,-10.3684299779999 -76.319209985,-10.367989979 -76.319309985,-10.367649978 -76.319339986,-10.3672099779999 -76.319189986,-10.3661099779999 -76.319279985,-10.365219978 -76.319589986,-10.3643999779999 -76.319579986,-10.363569979 -76.319669986,-10.363109978 -76.3202799859999,-10.3625098529999 -76.320809986,-10.3623199789999 -76.320889985,-10.362289978 -76.3216099859999,-10.361720103 -76.3221499859999,-10.3614999779999 -76.322479985,-10.361279978 -76.322609985,-10.361099979 -76.322789986,-10.3603399789999 -76.323409985,-10.3595799789999 -76.323449986,-10.357809979 -76.323249985,-10.3567899779999 -76.323309986,-10.356329978 -76.322819986,-10.3548299779999 -76.3216299859999,-10.353619979 -76.321439985,-10.353249978 -76.320209985,-10.3522199789999 -76.320049986,-10.351849978 -76.3193599859999,-10.351059978 -76.3192699859999,-10.3508699779999 -76.319239986,-10.350359979 -76.320199985,-10.3494499779999 -76.3205099849999,-10.3489599779999 -76.320539985,-10.348609978 -76.320459985,-10.347949978 -76.320569985,-10.347209978 -76.320539985,-10.347019979 -76.320269986,-10.3467699779999 -76.319969986,-10.3466299789999 -76.319029985,-10.346629978 -76.318589985,-10.346479979 -76.318019986,-10.346129979 -76.317599985,-10.345330103 -76.3174699859999,-10.344799979 -76.3174699849999,-10.3435099779999 -76.317209985,-10.3428499779999 -76.317179986,-10.342709978 -76.3169499859999,-10.3417499789999 -76.316849986,-10.340989978 -76.316940111,-10.340229978 -76.3171499859999,-10.3395899779999 -76.317879986,-10.3380799779999 -76.318209985,-10.3372499779999 -76.318699985,-10.3363899789999 -76.318719986,-10.336329978 -76.318779986,-10.3357599779999 -76.318699986,-10.335119978 -76.318739986,-10.333489979 -76.318949986,-10.332669978 -76.319419985,-10.3317799779999 -76.319979986,-10.331039978 -76.320069986,-10.330139978 -76.320269986,-10.329489978 -76.320609986,-10.3288199789999 -76.320739986,-10.327999978 -76.321219986,-10.327149978 -76.321969985,-10.325389978 -76.323089985,-10.324129978 -76.323739985,-10.322959979 -76.3240399859999,-10.322579978 -76.3243799859999,-10.322489978 -76.3247599859999,-10.3220299779999 -76.3251199859999,-10.321199978 -76.326079986,-10.319949978 -76.326669985,-10.319530104 -76.3273001109999,-10.3183599779999 -76.327679986,-10.3179799779999 -76.3279399859999,-10.3178101039999 -76.3291299859999,-10.3174099779999 -76.3293599849999,-10.3172799779999 -76.329859985,-10.316789978 -76.330539986,-10.3163499779999 -76.330579986,-10.316269978 -76.330679861,-10.316119979 -76.330899985,-10.3145499779999 -76.3309099859999,-10.314089978 -76.330849985,-10.3138299789999 -76.330309986,-10.3129299779999 -76.329589986,-10.312359978 -76.3294499849999,-10.312199978 -76.329069986,-10.3111299779999 -76.328719986,-10.3105699779999 -76.328449985,-10.309879978 -76.328059986,-10.309179978 -76.327389985,-10.308399978 -76.3272198609999,-10.3081799779999 -76.326430111,-10.307139978 -76.3259999859999,-10.306329978 -76.3257599849999,-10.305529978 -76.326259985,-10.3043299789999 -76.326869985,-10.303709978 -76.327269985,-10.303469978 -76.3279399859999,-10.302659978 -76.329039985,-10.301079978 -76.3293799849999,-10.300779978 -76.330359985,-10.3000799779999 -76.330959986,-10.2990199779999 -76.3318099859999,-10.297929978 -76.332709985,-10.296149978 -76.333169985,-10.295379978 -76.333099986,-10.293179978 -76.333439986,-10.291669978 -76.334009986,-10.2902501039999 -76.335069986,-10.2887999779999 -76.3353199859999,-10.288179978 -76.335599986,-10.286799978 -76.335789986,-10.2863199789999 -76.335979986,-10.2863699779999 -76.336659985,-10.286779978 -76.3373499859999,-10.286919978 -76.338169985,-10.2867901029999 -76.339129986,-10.286479979 -76.340269986,-10.2864099779999 -76.341499985,-10.2859799779999 -76.342079986,-10.285839978 -76.342559986,-10.2858699779999 -76.3430899859999,-10.286029979 -76.343779985,-10.286439978 -76.344279985,-10.2868799779999 -76.3447099859999,-10.287519978 -76.3451799859999,-10.288159978 -76.346169985,-10.289119978 -76.346679986,-10.289689978 -76.3467799859999,-10.2899699779999 -76.3472099859999,-10.291120103 -76.347509986,-10.2913599779999 -76.348199985,-10.291649978 -76.348389986,-10.292139978 -76.348409986,-10.2925799779999 -76.348329986,-10.2929399779999 -76.348479986,-10.2931899779999 -76.349359986,-10.2939299779999 -76.349609986,-10.2942899779999 -76.349919986,-10.294540103 -76.3504299859999,-10.2948299789999 -76.350839986,-10.294859978 -76.3511999849999,-10.295049978 -76.3518499859999,-10.295699978 -76.3523199859999,-10.2959999779999 -76.353039861,-10.296579978 -76.354319985,-10.2970599779999 -76.3555399859999,-10.2976399779999 -76.356809985,-10.297649978 -76.357399985,-10.2977999779999 -76.358549985,-10.297809978 -76.359969986,-10.2980499779999 -76.360569985,-10.2982999779999 -76.3615299859999,-10.2984299789999 -76.3618899859999,-10.2985499779999 -76.3621599859999,-10.298729979 -76.3634899859999,-10.299069978 -76.3640699859999,-10.299409978 -76.364499985,-10.2994699779999 -76.3646599859999,-10.299409979 -76.365229985,-10.298959978 -76.365879986,-10.2989099779999 -76.3665499849999,-10.298779978 -76.367229986,-10.2984799779999 -76.3677899849999,-10.2978899779999 -76.368279985,-10.2974899779999 -76.369829985,-10.296699979 -76.370029986,-10.296479978 -76.370149985,-10.2962499779999 -76.3702199859999,-10.2959099779999 -76.370199986,-10.2954599779999 -76.370249986,-10.2950699789999 -76.3704899859999,-10.294659978 -76.370749986,-10.2944699779999 -76.371190111,-10.294299978 -76.371929985,-10.294229978 -76.372139985,-10.294139979 -76.372439985,-10.2939299779999 -76.3730299859999,-10.293619979 -76.3733699859999,-10.2934299779999 -76.374139986,-10.2939099779999 -76.374689986,-10.293799978 -76.375109986,-10.2935699779999 -76.3769299859999,-10.293419978 -76.377249986,-10.293309978 -76.378009861,-10.2928401029999 -76.3783899859999,-10.2926899779999 -76.3789999859999,-10.292679978 -76.379279986,-10.2927398529999 -76.379689986,-10.2926699779999 -76.3807299859999,-10.292099978 -76.382529985,-10.2913899779999 -76.3832599849999,-10.290949978 -76.385069986,-10.2903099779999 -76.386229986,-10.289529978 -76.3872199859999,-10.2892899779999 -76.387569985,-10.289639978 -76.388079986,-10.289889978 -76.388259986,-10.290049978 -76.388539986,-10.290679978 -76.388759986,-10.2909999779999 -76.388889986,-10.291839979 -76.389089986,-10.292409979 -76.389209986,-10.292479978 -76.389300111,-10.2926899779999 -76.389709986,-10.293019979 -76.390319986,-10.2937899779999 -76.390919861,-10.294339979 -76.3912299849999,-10.2947399779999 -76.3916099849999,-10.2957499789999 -76.3918999859999,-10.296199853 -76.392299985,-10.2977799779999 -76.392559986,-10.2980499779999 -76.393559985,-10.2994899779999 -76.393929986,-10.300149978 -76.394329985,-10.3006099789999 -76.394989986,-10.301169978 -76.395399985,-10.3017599789999 -76.3959599849999,-10.302159979 -76.396279986,-10.302299978 -76.3970101099999,-10.303299979 -76.397939986,-10.304159979 -76.398039986,-10.304539979 -76.398599986,-10.3053699779999 -76.398999986,-10.3057699779999 -76.399809986,-10.3063399779999 -76.4002499859999,-10.3067899779999 -76.400490111,-10.307179978 -76.4004999859999,-10.3080699779999 -76.400679985,-10.3084299779999 -76.401489985,-10.3087899779999 -76.401809986,-10.308999979 -76.4023499849999,-10.3091901029999 -76.4028399859999,-10.3090999789999 -76.404019986,-10.3091098529999 -76.404789985,-10.3087399779999 -76.4051599859999,-10.308759978 -76.406669985,-10.3096899779999 -76.4074799859999,-10.310309978 -76.40824011,-10.310739978 -76.410109986,-10.312019978 -76.410689985,-10.3122099779999 -76.411499985,-10.3123699779999 -76.412689986,-10.312699978 -76.413839986,-10.3127299779999 -76.414519986,-10.313500104 -76.415219986,-10.3138999779999 -76.416319985,-10.314719979 -76.417089986,-10.315129978 -76.418119986,-10.315149979 -76.419399985,-10.315979979 -76.420929986,-10.3167599779999 -76.4217099859999,-10.317559978 -76.422149986,-10.3179099779999 -76.422709986,-10.318529978 -76.422939985,-10.318680103 -76.42372011,-10.3187399779999 -76.424599986,-10.3191399789999 -76.4248399849999,-10.319199979 -76.424939986,-10.319219978 -76.425429986,-10.319129978 -76.4261199859999,-10.319139978 -76.426699986,-10.318959978 -76.4276999859999,-10.3189199779999 -76.428229986,-10.319019978 -76.428859861,-10.3194199779999 -76.429519985,-10.3195899789999 -76.4308499859999,-10.319159978 -76.431809986,-10.3190599779999 -76.432479986,-10.3188299779999 -76.433999861,-10.318529978 -76.435319986,-10.3189399789999 -76.436009986,-10.319269979 -76.436809986,-10.3193899779999 -76.436979986,-10.319490103 -76.437589985,-10.319530103 -76.438350111,-10.3197499789999 -76.4392201109999,-10.3197699789999 -76.439889986,-10.320039978 -76.440699986,-10.320149978 -76.442249986,-10.320059978 -76.4424699859999,-10.319989979 -76.4432299859999,-10.319919978 -76.4434399849999,-10.320009978 -76.443939986,-10.320529978 -76.444309986,-10.3205399779999 -76.445339986,-10.320309978 -76.4462299859999,-10.320779979 -76.4467699849999,-10.320869978 -76.446829986,-10.3207899789999 -76.446839986,-10.3204001039999 -76.4467199859999,-10.3197799779999 -76.4467499849999,-10.319530103 -76.446959986,-10.3190799779999 -76.447209986,-10.3187599779999 -76.447589986,-10.3181299779999 -76.447969986,-10.3170299779999 -76.448249985,-10.3167399779999 -76.448419986,-10.3166499779999 -76.449201611,-10.316229978 -76.4498916109999,-10.316019979 -76.4505216109999,-10.315819978 -76.451341611,-10.315549978 -76.452831611,-10.315529978 -76.453371611,-10.315919978 -76.453791611,-10.316139978 -76.45524161,-10.316459978 -76.455891611,-10.316299978 -76.4567816109999,-10.316209978 -76.457921486,-10.315889978 -76.458161611,-10.315909978 -76.45884161,-10.316379979 -76.459151611,-10.316429978 -76.459781611,-10.316119978 -76.460391611,-10.316029853 -76.460931611,-10.315839979 -76.4612816109999,-10.315599978 -76.461751611,-10.315439978 -76.4624616099999,-10.315389979 -76.462781611,-10.3152999779999 -76.4638716109999,-10.314489979 -76.4641916099999,-10.3140999779999 -76.4642816109999,-10.3138699789999 -76.4647716109999,-10.313209978 -76.465989986,-10.3124999779999 -76.466169986,-10.3123499779999 -76.4666998609999,-10.3120799779999 -76.4678399859999,-10.311780104 -76.469269985,-10.3111499779999 -76.469719985,-10.3110399779999 -76.4705399859999,-10.3110399779999 -76.471409985,-10.3107499779999 -76.4721699849999,-10.310329978 -76.4725499859999,-10.309909978 -76.47255086,-10.309908478 -76.473416361,-10.3100078529999 -76.474771861,-10.310394479 -76.4756511109999,-10.310547228 -76.4776393609999,-10.3106276039999 -76.478804111,-10.310888603 -76.479888611,-10.311571478 -76.4812341109999,-10.312173979 -76.483101861,-10.3125152289999 -76.4843049849999,-10.312255853 -76.48542811,-10.3119062289999 -76.486551111,-10.3117128539999 -76.486721485,-10.3116669779999 -76.487961736,-10.3112181029999 -76.489233611,-10.3107748529999 -76.4906284859999,-10.310646603 -76.492456111,-10.310534354 -76.493273861,-10.310438104 -76.4939761109999,-10.3105312279999 -76.493681486,-10.311159603 -76.493344736,-10.311592478 -76.492975986,-10.3121376029999 -76.49290586,-10.312317853 -76.492314611,-10.313078603 -76.491773236,-10.3135296029999 -76.491452736,-10.3138301029999 -76.489515236,-10.315923853 -76.487837486,-10.3174961039999 -76.4862144859999,-10.319224603 -76.4851148609999,-10.3207967279999 -76.4844858609999,-10.321738228 -76.4840661109999,-10.322681603 -76.4839624859999,-10.323781228 -76.483909861,-10.3250918529999 -76.483648111,-10.3263496029999 -76.482442985,-10.327343604 -76.48165786,-10.327658228 -76.481028986,-10.328287103 -76.480661735,-10.328757853 -76.480243736,-10.329492229 -76.47998011,-10.3302773529999 -76.479142236,-10.331535103 -76.4778179859999,-10.3325312279999 -76.475476236,-10.3345214779999 -76.4742183609999,-10.335515603 -76.473274986,-10.3365117279999 -76.472962486,-10.337140603 -76.472804361,-10.337767603 -76.473224236,-10.338501978 -76.4741656099999,-10.339078103 -76.47484736,-10.339654353 -76.475794235,-10.3408724779999 -76.476197486,-10.3420439779999 -76.476062611,-10.343510603 -76.4757424859999,-10.344684479 -76.4754934859999,-10.346071853 -76.4759914859999,-10.3473168529999 -76.4764537359999,-10.347530353 -76.4778336109999,-10.347564479 -76.47940636,-10.346996729 -76.480686986,-10.347138978 -76.481271611,-10.347531228 -76.4820231099999,-10.348035103 -76.482685236,-10.3489999779999 -76.483804361,-10.3499218539999 -76.484694986,-10.350550728 -76.48542936,-10.3510743529999 -76.486319986,-10.351859353 -76.4865817359999,-10.3524356029999 -76.486634361,-10.3534824779999 -76.486319986,-10.354740228 -76.485743736,-10.3557363539999 -76.485218361,-10.3565742279999 -76.484905861,-10.357203103 -76.484642236,-10.357935604 -76.4844858609999,-10.3585644779999 -76.4845543599999,-10.358970728 -76.485060236,-10.3595859779999 -76.48549186,-10.3601621029999 -76.485853111,-10.3612812279999 -76.485925486,-10.3627246029999 -76.485528986,-10.3637343529999 -76.4854196109999,-10.3643124779999 -76.485552736,-10.3651883539999 -76.48603286,-10.3660078529999 -76.486467736,-10.366661478 -76.4868918609999,-10.3670632279999 -76.487368735,-10.3674512279999 -76.490003611,-10.369003854 -76.491122736,-10.369761728 -76.491915736,-10.370339853 -76.492312111,-10.3710253529999 -76.492421486,-10.371783228 -76.492456736,-10.3729726029999 -76.4923277359999,-10.373703103 -76.49211486,-10.3745662279999 -76.491663735,-10.3757382279999 -76.4909859859999,-10.376820353 -76.490534861,-10.377363228 -76.490445111,-10.3783554779999 -76.490941111,-10.3788964779999 -76.492249611,-10.3791659779999 -76.493558236,-10.379664103 -76.49477511,-10.380205104 -76.496083611,-10.3803398539999 -76.496761361,-10.380339853 -76.497616861,-10.380205103 -76.4984742359999,-10.380068353 -76.499511361,-10.379572228 -76.500685236,-10.379347604 -76.501901986,-10.379572228 -76.5023999859999,-10.3799336029999 -76.503347361,-10.380384728 -76.504157861,-10.380656228 -76.5052418609999,-10.3805644779999 -76.50650361,-10.3806113529999 -76.507767235,-10.380925853 -76.508985985,-10.381828103 -76.509841486,-10.382099603 -76.5110602359999,-10.3819179779999 -76.512142236,-10.381511729 -76.513495736,-10.3816933529999 -76.5144879859999,-10.381783228 -76.5152106099999,-10.381783228 -76.516202736,-10.3816933529999 -76.516833611,-10.3816034779999 -76.517466486,-10.381242228 -76.517872736,-10.380878853 -76.5188179849999,-10.3799336029999 -76.519630486,-10.378806604 -76.520308235,-10.3785351029999 -76.521255486,-10.378400354 -76.522110986,-10.378265604 -76.52287861,-10.377949228 -76.523034861,-10.3777363529999 -76.52332186,-10.3773337289999 -76.523839986,-10.377215979 -76.524193236,-10.377357353 -76.524364861,-10.3779746029999 -76.524388361,-10.3785683529999 -76.524411861,-10.3790898529999 -76.52453086,-10.3797069779999 -76.5249821099999,-10.3802284779999 -76.526097361,-10.381013729 -76.5264058609999,-10.381488228 -76.52683361,-10.3822481029999 -76.5272144859999,-10.383244103 -76.5275464859999,-10.384003853 -76.5280914859999,-10.3848106039999 -76.5292086109999,-10.385523478 -76.530489861,-10.3860937279999 -76.531895361,-10.3868729779999 -76.5337326109999,-10.387555979 -76.534392111,-10.387485478 -76.5357347359999,-10.3870612279999 -76.537359861,-10.386284228 -76.5383491109999,-10.385836604 -76.538817986,-10.385836603 -76.539108986,-10.385951228 -76.540200861,-10.386521478 -76.540794611,-10.386806603 -76.541577736,-10.387066353 -76.5418043609999,-10.3871933529999 -76.5445211109999,-10.386845728 -76.548855111,-10.385224604 -76.549483986,-10.384906229 -76.550575861,-10.3847637289999 -76.551454736,-10.384644479 -76.551880486,-10.384644479 -76.552523111,-10.385072228 -76.552831735,-10.385476603 -76.5532574859999,-10.385998103 -76.5534723609999,-10.386734353 -76.5534723609999,-10.387162103 -76.5537086109999,-10.387683603 -76.554185236,-10.3883496039999 -76.554706735,-10.388871104 -76.55489611,-10.389322228 -76.555085611,-10.389796853 -76.555702735,-10.390390603 -76.556321736,-10.390675728 -76.556771111,-10.3909121039999 -76.556941111,-10.3912519789999 -76.557151986,-10.391624978 -76.55729461,-10.392242229 -76.557603236,-10.392955103 -76.557864861,-10.3933339779999 -76.558243736,-10.3934297289999 -76.559146111,-10.3930507279999 -76.5598824859999,-10.392480478 -76.560618736,-10.3920058529999 -76.561116861,-10.3916718529999 -76.5618317349999,-10.390730478 -76.5626714859999,-10.389859353 -76.563636361,-10.388785104 -76.564452736,-10.3875234779999 -76.5649352359999,-10.386744103 -76.565603111,-10.386076229 -76.566196861,-10.385742229 -76.567827736,-10.3844433529999 -76.568903986,-10.3836288529999 -76.570573861,-10.3821444779999 -76.571761361,-10.380808604 -76.5724273609999,-10.379843728 -76.573392236,-10.378730478 -76.573911736,-10.3778789789999 -76.574616861,-10.3769141029999 -76.57483961,-10.3761718539999 -76.575099236,-10.3758007279999 -76.5762496099999,-10.3755038529999 -76.578103111,-10.3755038539999 -76.579253611,-10.375874853 -76.579847361,-10.376394478 -76.580923486,-10.377619104 -76.581962486,-10.3788788529999 -76.582667611,-10.380122978 -76.583263361,-10.381193229 -76.5839117359999,-10.384367228 -76.585095361,-10.3858262279999 -76.5858883609999,-10.3860468529999 -76.586833611,-10.385925729 -76.588649986,-10.3847676029999 -76.589587486,-10.384591853 -76.591616861,-10.385376978 -76.5933804859999,-10.3872402289999 -76.594265236,-10.389658228 -76.5942947359999,-10.394648478 -76.593686111,-10.396752353 -76.593032111,-10.399286603 -76.5928277359999,-10.4007581029999 -76.5933589859999,-10.401493979 -76.5965882359999,-10.401984478 -76.600806236,-10.402695353 -76.602142236,-10.4028808539999 -76.604355111,-10.403410853 -76.605404611,-10.403644104 -76.6063206109999,-10.403977229 -76.606860986,-10.404449229 -76.6073727359999,-10.4051523529999 -76.6081988609999,-10.4056034779999 -76.6089859859999,-10.4059746029999 -76.6097749859999,-10.406160104 -76.610284736,-10.406642228 -76.610734486,-10.407458478 -76.611017611,-10.408058104 -76.611630486,-10.408802728 -76.612696861,-10.4098691029999 -76.613669736,-10.410564479 -76.6146442359999,-10.410888728 -76.6153394849999,-10.411398479 -76.616497736,-10.412001978 -76.6173786109999,-10.412697228 -76.618028986,-10.4137637279999 -76.619001611,-10.4145527279999 -76.620394236,-10.415248103 -76.6218766109999,-10.4154804789999 -76.6237789859999,-10.4156659779999 -76.624374361,-10.4155754779999 -76.625308861,-10.415136979 -76.625995111,-10.4149371029999 -76.6273442359999,-10.4146207279999 -76.628043861,-10.414703978 -76.628759986,-10.415136978 -76.630067111,-10.4159062279999 -76.631841611,-10.416336228 -76.632774236,-10.4161531039999 -76.633018985,-10.4159589779999 -76.633656861,-10.415452978 -76.6344039849999,-10.415013729 -76.635355986,-10.414703979 -76.6364886109999,-10.414620729 -76.6380377359999,-10.414703979 -76.638820486,-10.4146373529999 -76.639833486,-10.414571603 -76.640978736,-10.414599854 -76.641558236,-10.414689478 -76.6427848609999,-10.4148144779999 -76.6441852359999,-10.4149141039999 -76.645511361,-10.414988228 -76.6471968609999,-10.4151387279999 -76.648976236,-10.415835978 -76.649806236,-10.4165273529999 -76.6506383609999,-10.417589978 -76.650963986,-10.418283603 -76.651162986,-10.419234478 -76.6513794859999,-10.4195343539999 -76.651956861,-10.4198407289999 -76.6526643609999,-10.420167729 -76.653191111,-10.4202422289999 -76.654116861,-10.4202168529999 -76.655191111,-10.420367229 -76.655481986,-10.420488103 -76.655486861,-10.420490103 -76.6564429859999,-10.420533728 -76.657209236,-10.420500354 -76.657942111,-10.4207002279999 -76.658391861,-10.420933353 -76.658824861,-10.4212998529999 -76.659012861,-10.4217987279999 -76.659124736,-10.4222159779999 -76.659669611,-10.4227187279999 -76.660074111,-10.423298604 -76.660183236,-10.4238628529999 -76.6603707359999,-10.424218604 -76.660940236,-10.424781228 -76.6612203609999,-10.4252461039999 -76.6613961099999,-10.4259961029999 -76.661396111,-10.426671853 -76.661319861,-10.4271718529999 -76.661046486,-10.4276464779999 -76.660995735,-10.427871103 -76.6611714859999,-10.4282226039999 -76.661656486,-10.4284954789999 -76.662171486,-10.4290976039999 -76.662405986,-10.4298279779999 -76.662972361,-10.4302734789999 -76.663796486,-10.430699228 -76.6640549859999,-10.4310772279999 -76.664138236,-10.431493603 -76.664030611,-10.431718729 -76.663701611,-10.4324066029999 -76.6634214859999,-10.4327246029999 -76.663222361,-10.4330253539999 -76.6630973599999,-10.4336251039999 -76.6631227359999,-10.4342012289999 -76.6630718609999,-10.4346757279999 -76.6628727359999,-10.435101604 -76.662646111,-10.4354766029999 -76.662396111,-10.4358027289999 -76.6623238609999,-10.435917978 -76.6623517359999,-10.436347353 -76.662578986,-10.436893853 -76.662883736,-10.4373146029999 -76.663247736,-10.437628853 -76.6642613609999,-10.4381256029999 -76.6652484859999,-10.4385566039999 -76.666225361,-10.438741604 -76.667249611,-10.438804728 -76.668219111,-10.4390223529999 -76.668580736,-10.439316978 -76.669169611,-10.439796854 -76.670075861,-10.4402792289999 -76.670994111,-10.440321604 -76.671823861,-10.440013979 -76.6726457359999,-10.4395598529999 -76.673475861,-10.4389557279999 -76.6742754859999,-10.438589228 -76.675079736,-10.438378853 -76.675874361,-10.437856354 -76.676790486,-10.4376232289999 -76.6784821109999,-10.437527228 -76.680121736,-10.4376898529999 -76.6810378609999,-10.4379063539999 -76.681787361,-10.4383393529999 -76.682357111,-10.438890478 -76.683138361,-10.4396718529999 -76.683473611,-10.440061354 -76.683687236,-10.440558354 -76.6841306109999,-10.440854853 -76.684579361,-10.440895354 -76.685601236,-10.440767604 -76.686728111,-10.4408437279999 -76.6880168609999,-10.441070979 -76.6891662359999,-10.4414708529999 -76.689768236,-10.441601228 -76.6901656109999,-10.441687353 -76.691314861,-10.441653979 -76.691564736,-10.441670729 -76.692297611,-10.441604103 -76.692980486,-10.4414708539999 -76.6934301109999,-10.4416206029999 -76.694317986,-10.4422519779999 -76.695060236,-10.442447229 -76.6954898609999,-10.442525229 -76.696233986,-10.442330103 -76.696819986,-10.4424863529999 -76.697483986,-10.4431114779999 -76.698108986,-10.4438554779999 -76.698460611,-10.444558603 -76.698421486,-10.445144354 -76.698187111,-10.445613228 -76.698108986,-10.4461992289999 -76.698108986,-10.447021478 -76.698069986,-10.447568353 -76.698226236,-10.448193353 -76.698405861,-10.4485663529999 -76.698761361,-10.4491933529999 -76.699013361,-10.4497168529999 -76.699075861,-10.450199228 -76.698991861,-10.450994103 -76.698866736,-10.451558603 -76.6988023609999,-10.452062478 -76.698468361,-10.4525859789999 -76.698069986,-10.453003854 -76.6977144859999,-10.4531933539999 -76.697546486,-10.4534648539999 -76.6974429859999,-10.4539668529999 -76.697505486,-10.454679728 -76.6974624859999,-10.4552851029999 -76.697505486,-10.4557051039999 -76.697673486,-10.4559551039999 -76.698175486,-10.4563749779999 -76.698698861,-10.456605479 -76.6991168609999,-10.4567304779999 -76.699493736,-10.457085978 -76.699786736,-10.457503854 -76.700163736,-10.4579453539999 -76.7002692359999,-10.4583632279999 -76.700331736,-10.4586562279999 -76.700310111,-10.4592832279999 -76.7003459859999,-10.459876978 -76.700419611,-10.460278354 -76.700875611,-10.461008728 -76.7021748609999,-10.461541853 -76.703057611,-10.4615251029999 -76.704007111,-10.461225354 -76.705256236,-10.4611087279999 -76.7060058609999,-10.4612086029999 -76.706840986,-10.461374979 -76.7082876109999,-10.461608353 -76.709736861,-10.461558478 -76.710702861,-10.4616251039999 -76.712064111,-10.461831978 -76.713196861,-10.461831979 -76.714829736,-10.462066353 -76.715663736,-10.462464854 -76.716495736,-10.4631659779999 -76.717130486,-10.464031228 -76.717581986,-10.4646564779999 -76.718248236,-10.465422728 -76.7189312359999,-10.4661389789999 -76.719664111,-10.466721853 -76.720313736,-10.467321603 -76.7206133609999,-10.467904479 -76.7205953609999,-10.4687968539999 -76.7205136109999,-10.469236978 -76.720661736,-10.4697968529999 -76.7209293609999,-10.470296854 -76.721394361,-10.470896479 -76.7220289859999,-10.4714628529999 -76.7231286109999,-10.4720624779999 -76.7236949859999,-10.472595729 -76.724159861,-10.474128854 -76.724476586,-10.475640547 -76.7253336759999,-10.477669067 -76.726244242,-10.4784415149999 -76.727395158,-10.478973459 -76.729150718,-10.4790660579999 -76.7294277359999,-10.478603479 -76.729265611,-10.4782597289999 -76.729081986,-10.4778437279999 -76.728828111,-10.4774297279999 -76.728736361,-10.476853478 -76.728783236,-10.476462854 -76.7291738609999,-10.475863228 -76.729566361,-10.4752187289999 -76.729818361,-10.4748731039999 -76.730509736,-10.4742968529999 -76.730728486,-10.474203104 -76.731810486,-10.473914103 -76.732646486,-10.4737402279999 -76.733826111,-10.4733964779999 -76.734691361,-10.4731367279999 -76.735179611,-10.4726464779999 -76.7356113609999,-10.4719843529999 -76.7359297359999,-10.4714961029999 -76.736072236,-10.4708906029999 -76.736246111,-10.470314478 -76.736361361,-10.4698828529999 -76.736591736,-10.4693926039999 -76.7369648609999,-10.468818353 -76.737484361,-10.468414104 -76.738289111,-10.4678378529999 -76.7389804859999,-10.467464853 -76.739210986,-10.467234353 -76.739615236,-10.4670606029999 -76.740277361,-10.4670898529999 -76.7408808609999,-10.4668027289999 -76.7417461109999,-10.4667148529999 -76.742638611,-10.4668027289999 -76.743009861,-10.466956979 -76.744066361,-10.4675116029999 -76.7447871109999,-10.467915978 -76.745415861,-10.468771478 -76.7460021109999,-10.469175728 -76.7470351109999,-10.4690409789999 -76.7473516109999,-10.4689961039999 -76.7482051109999,-10.4689961039999 -76.748656236,-10.468816354 -76.749195361,-10.4684121029999 -76.749781236,-10.467691353 -76.750185486,-10.4671523539999 -76.751130861,-10.466476604 -76.7520742359999,-10.4659374779999 -76.7531992359999,-10.4654863539999 -76.754548861,-10.4653964779999 -76.7559433609999,-10.4654863539999 -76.7573828609999,-10.465892604 -76.758013611,-10.466296853 -76.758417986,-10.466431604 -76.759093736,-10.466162104 -76.759542986,-10.4654413539999 -76.759994111,-10.4651269789999 -76.760667986,-10.464722604 -76.761474611,-10.464613228 -76.7637617359999,-10.464435603 -76.764681611,-10.464337854 -76.766183611,-10.464406228 -76.768099611,-10.4645683529999 -76.768630861,-10.4648457279999 -76.769232361,-10.464915979 -76.770040986,-10.4647988529999 -76.770941361,-10.4645683529999 -76.7715878609999,-10.4643613539999 -76.772349611,-10.464152353 -76.772812486,-10.4636444779999 -76.7729511109999,-10.462951228 -76.773019486,-10.462236353 -76.7729511109999,-10.4617499789999 -76.773019486,-10.461451229 -76.773066361,-10.4611034779999 -76.772997986,-10.4606191029999 -76.772904236,-10.4601113529999 -76.772789111,-10.459695353 -76.772650361,-10.459349603 -76.772603486,-10.4590488539999 -76.772626986,-10.4588632279999 -76.7727207359999,-10.458632854 -76.772859361,-10.4584023529999 -76.773042986,-10.458193353 -76.773412111,-10.4577773529999 -76.774013611,-10.457154353 -76.774382986,-10.4567382289999 -76.7746836109999,-10.456554604 -76.775398611,-10.456115229 -76.775861361,-10.4556757289999 -76.776162111,-10.455492229 -76.776460986,-10.4550527279999 -76.776970736,-10.454636728 -76.7774551109999,-10.4542207279999 -76.777871111,-10.453134604 -76.777939486,-10.4524882279999 -76.777939486,-10.451865228 -76.777847611,-10.4512637289999 -76.777871111,-10.4509179779999 -76.778193361,-10.450363228 -76.7788632359999,-10.449902354 -76.779349611,-10.4494628529999 -76.779902361,-10.449046853 -76.780296861,-10.448769478 -76.780757861,-10.448423853 -76.781197236,-10.4478692289999 -76.781542986,-10.447429728 -76.782328111,-10.4463672279999 -76.783390486,-10.4452363529999 -76.784568361,-10.444103479 -76.785099611,-10.443757854 -76.785630861,-10.4433652279999 -76.786046861,-10.442925854 -76.786300736,-10.442671854 -76.786486361,-10.4422793529999 -76.786831986,-10.4419102279999 -76.787179736,-10.4413554779999 -76.787410111,-10.440685604 -76.787363236,-10.4394843539999 -76.787294861,-10.439068353 -76.787386736,-10.4386523539999 -76.788148486,-10.4381211039999 -76.788519486,-10.4380762279999 -76.789281236,-10.4380762279999 -76.790435486,-10.438214853 -76.7914062359999,-10.438353478 -76.792374986,-10.438699228 -76.7927694859999,-10.438722603 -76.793738236,-10.4388613539999 -76.794572236,-10.4391444789999 -76.796027361,-10.439523478 -76.797290986,-10.439884728 -76.7984453609999,-10.4399569779999 -76.799275361,-10.439775353 -76.799853361,-10.439558478 -76.800214861,-10.438728479 -76.800394486,-10.4374668529999 -76.800720736,-10.436165979 -76.801333986,-10.435300728 -76.8017304859999,-10.434904353 -76.8019823609999,-10.434578104 -76.802164111,-10.433964854 -76.802091736,-10.433496104 -76.801910236,-10.432882854 -76.801947236,-10.432558603 -76.8022714859999,-10.4321972279999 -76.802740236,-10.431656228 -76.802921861,-10.430968729 -76.8028496109999,-10.430138729 -76.802808611,-10.4293847289999 -76.802808611,-10.428994103 -76.8023027359999,-10.4282578529999 -76.801750111,-10.427568354 -76.801542986,-10.4271562279999 -76.8014511109999,-10.426742228 -76.8014062359999,-10.425914103 -76.8014062359999,-10.425179853 -76.801290986,-10.4246972289999 -76.800968736,-10.423960978 -76.800669861,-10.4235019779999 -76.800187486,-10.422789103 -76.799544861,-10.422306604 -76.7991307359999,-10.422007853 -76.799015611,-10.421732354 -76.799062486,-10.421158229 -76.7992911109999,-10.420628854 -76.799568361,-10.420353479 -76.7997968609999,-10.4195957279999 -76.799896486,-10.4191269789999 -76.799990236,-10.418681603 -76.800535111,-10.418138728 -76.801290986,-10.4173808529999 -76.8020488609999,-10.4165038529999 -76.8029258609999,-10.4150819779999 -76.804013611,-10.4123906029999 -76.8042558609999,-10.410787103 -76.804316236,-10.4093359779999 -76.804316236,-10.408851478 -76.804619111,-10.407732478 -76.8050742359999,-10.4065488529999 -76.8053749859999,-10.405855478 -76.8056778609999,-10.404978479 -76.805951111,-10.404162104 -76.8061933609999,-10.403847603 -76.806513611,-10.4034218529999 -76.806710986,-10.403222604 -76.8067871109999,-10.4031172279999 -76.806878861,-10.402841854 -76.8069999859999,-10.402158228 -76.806955111,-10.4015488539999 -76.806863236,-10.4009843539999 -76.8067578609999,-10.400406228 -76.806482361,-10.3997832279999 -76.806253861,-10.3993262279999 -76.806101611,-10.3990058529999 -76.806056611,-10.3987012289999 -76.806087861,-10.398244103 -76.806027362,-10.397529353 -76.805859361,-10.397072228 -76.805767611,-10.396615229 -76.8055996109999,-10.396249978 -76.805494111,-10.396005853 -76.8053183609999,-10.395783353 -76.805177737,-10.3955644779999 -76.804943361,-10.3953691039999 -76.8047479859999,-10.395212853 -76.804708986,-10.3950878529999 -76.804746111,-10.394992228 -76.805497986,-10.393308603 -76.805675735,-10.392298852 -76.8071659839999,-10.3926992259999 -76.8083339839999,-10.3929648509999 -76.8102441089999,-10.3928047269999 -76.811515609,-10.3930703509999 -76.812259734,-10.392964852 -76.813585984,-10.3929648509999 -76.8150703589999,-10.393123101 -76.8166092339999,-10.392857476 -76.817882859,-10.392804726 -76.820216859,-10.392857476 -76.822708984,-10.392964852 -76.824455109,-10.392671852 -76.8256229839999,-10.392267601 -76.826747984,-10.391138726 -76.827224609,-10.390628851 -76.827699109,-10.3904589759999 -76.828785109,-10.3908672269999 -76.829056609,-10.391478476 -76.830177734,-10.392904351 -76.831671859,-10.3930742269999 -76.831943359,-10.392665977 -76.8323163599999,-10.391443352 -76.832384734,-10.3906972259999 -76.832894484,-10.389203101 -76.833335984,-10.388185601 -76.834218734,-10.3878458519999 -76.8351014839999,-10.386826227 -76.8353729839999,-10.3860468509999 -76.835609484,-10.3852656019999 -76.835814484,-10.3842127259999 -76.836119109,-10.3829902259999 -76.8362558589999,-10.381361351 -76.836560484,-10.380613226 -76.837097609,-10.3799043509999 -76.8379864839999,-10.377150351 -76.838326109,-10.3759628509999 -76.8390391089999,-10.3737558519999 -76.839208984,-10.373111351 -76.839310484,-10.3721269759999 -76.839343734,-10.3715488509999 -76.8392773589999,-10.370292976 -76.839378734,-10.3698847269999 -76.839683609,-10.3693086009999 -76.840261734,-10.368255851 -76.840261735,-10.367746101 -76.840330109,-10.3667949759999 -76.840533235,-10.3653359759999 -76.840464859,-10.364622976 -76.8403964839999,-10.3639101009999 -76.840497984,-10.3633319759999 -76.840771484,-10.3631972269999 -76.841347609,-10.363298851 -76.841896484,-10.363943352 -76.843232359,-10.367781226 -76.844494109,-10.3700566009999 -76.846230484,-10.3714824759999 -76.848052734,-10.372232477 -76.848902359,-10.372507852 -76.851496109,-10.3732207259999 -76.852863234,-10.373818351 -76.8534608589999,-10.374189476 -76.854001984,-10.374787101 -76.854771484,-10.3754141009999 -76.855625109,-10.376496102 -76.856394484,-10.377265601 -76.857246109,-10.3773867269999 -76.858074234,-10.3762968509999 -76.859841734,-10.375839851 -76.860609359,-10.375839851 -76.8615781089999,-10.3756406009999 -76.862261734,-10.3754141009999 -76.862632859,-10.375355476 -76.8635722339999,-10.375527226 -76.8646836089999,-10.3754707269999 -76.865394484,-10.3751562259999 -76.8658516089999,-10.3748437269999 -76.865994234,-10.374415977 -76.865964859,-10.3739882259999 -76.8657929839999,-10.3735332259999 -76.8658222339999,-10.3726797269999 -76.866107359,-10.371654351 -76.8660781089999,-10.371140601 -76.865622984,-10.3703711009999 -76.865337859,-10.369945351 -76.865310484,-10.3695742259999 -76.865337859,-10.3692891019999 -76.865167984,-10.3690038509999 -76.864626984,-10.3681778509999 -76.864226609,-10.3676367259999 -76.8638007339999,-10.367124976 -76.863486359,-10.366925727 -76.863087859,-10.366611351 -76.8630019839999,-10.3661856009999 -76.863372985,-10.3657012269999 -76.864001984,-10.3650586009999 -76.864548859,-10.3645586009999 -76.864914109,-10.3642617259999 -76.8652558589999,-10.363373102 -76.865460985,-10.362734351 -76.8654843589999,-10.361892602 -76.8655527339999,-10.3611406009999 -76.865962859,-10.359863226 -76.866988234,-10.358587851 -76.8673302349999,-10.357972601 -76.867808609,-10.3576074759999 -76.8682636089999,-10.3573339769999 -76.86851361,-10.357060476 -76.868628859,-10.356423852 -76.8688104839999,-10.355761726 -76.8689023589999,-10.355146476 -76.869060484,-10.3544628509999 -76.8694257339999,-10.353984351 -76.870085984,-10.3535059769999 -76.870701109,-10.3531191009999 -76.871247984,-10.3525488519999 -76.872341734,-10.351249977 -76.873001984,-10.350427726 -76.873738234,-10.3491738509999 -76.8741073589999,-10.3478457259999 -76.874585984,-10.3463984759999 -76.875454984,-10.345302601 -76.8755683589999,-10.344359352 -76.8755683589999,-10.343453101 -76.875492234,-10.3427734759999 -76.874888609,-10.3419804759999 -76.874322234,-10.341753851 -76.8738319839999,-10.341263726 -76.873226609,-10.340470726 -76.8727753589999,-10.339790977 -76.871755859,-10.3391874769999 -76.8708104839999,-10.3388847259999 -76.870132859,-10.338697226 -76.869640609,-10.338394476 -76.8691718589999,-10.3381367269999 -76.8691386089999,-10.3377793509999 -76.8691816099999,-10.337611351 -76.869490234,-10.337076226 -76.869855484,-10.3368378509999 -76.870290984,-10.3366543509999 -76.870910109,-10.3363027259999 -76.871177734,-10.3360371009999 -76.8716562339999,-10.335572226 -76.872062484,-10.335107476 -76.872263609,-10.3347793519999 -76.87234961,-10.334199226 -76.8721757339999,-10.3335898509999 -76.872146484,-10.332632851 -76.8724941089999,-10.3318496009999 -76.872349609,-10.330632851 -76.872263609,-10.329761726 -76.872349609,-10.328689477 -76.872581984,-10.3281972259999 -76.872697234,-10.3277324759999 -76.872843734,-10.327037101 -76.872958984,-10.326456977 -76.873017609,-10.3257891009999 -76.8733359839999,-10.325296851 -76.8736836099999,-10.325064476 -76.874322234,-10.3246288509999 -76.8746698589999,-10.3243984759999 -76.8747558589999,-10.323992226 -76.874771484,-10.3235429769999 -76.874814484,-10.323150351 -76.8747284839999,-10.322542977 -76.87461136,-10.3217597259999 -76.8746698589999,-10.320861351 -76.874929734,-10.320222601 -76.8753359839999,-10.3199043509999 -76.876033234,-10.3193242259999 -76.876177734,-10.318917977 -76.87607611,-10.318447227 -76.87614861,-10.3179023509999 -76.876292984,-10.317468726 -76.876701109,-10.3168066009999 -76.876960985,-10.315814476 -76.877367234,-10.314857477 -76.877888609,-10.314423851 -76.8786132339999,-10.313958976 -76.8791347339999,-10.313525351 -76.879308609,-10.313089851 -76.879714859,-10.3119882259999 -76.879947234,-10.311611351 -76.880410109,-10.3104218509999 -76.8805839839999,-10.309812601 -76.880990234,-10.3089433509999 -76.881367234,-10.3085078509999 -76.882441359,-10.3082481009999 -76.8831367339999,-10.307956976 -76.883831984,-10.307724602 -76.884703109,-10.307464851 -76.886093734,-10.307435601 -76.8880663589999,-10.306941351 -76.8889354839999,-10.3067402259999 -76.889574234,-10.3067968509999 -76.889978484,-10.3067968509999 -76.8908788589999,-10.306884726 -76.8918066099999,-10.306681601 -76.8922988589999,-10.3064784759999 -76.892734359,-10.3062168509999 -76.892966734,-10.305810601 -76.893343734,-10.3053183509999 -76.893894609,-10.3048554759999 -76.894507984,-10.3043281019999 -76.894415984,-10.303898476 -76.894328109,-10.303550726 -76.8942128589999,-10.3031738509999 -76.8939511089999,-10.3028534769999 -76.893517609,-10.302216851 -76.893371109,-10.301665976 -76.893343734,-10.300794976 -76.893285109,-10.2995859759999 -76.893197234,-10.299035101 -76.892994109,-10.298165976 -76.89273436,-10.297759851 -76.892531359,-10.297150351 -76.891921859,-10.296164102 -76.8914863589999,-10.2955839759999 -76.891255859,-10.295206976 -76.891023484,-10.2947441009999 -76.891168109,-10.294540976 -76.8914863589999,-10.294105476 -76.891980484,-10.2934961019999 -76.892240234,-10.292945351 -76.892501984,-10.2919316009999 -76.8926172339999,-10.2908867259999 -76.89311136,-10.290191352 -76.8936913589999,-10.289378851 -76.894124984,-10.288886851 -76.894357359,-10.288335977 -76.8948516089999,-10.2877851009999 -76.895576109,-10.2873203519999 -76.8961854839999,-10.287146476 -76.897720734,-10.286828101 -76.898533234,-10.286537101 -76.899460984,-10.2861894759999 -76.900562484,-10.2855527259999 -76.900794859,-10.2853203509999 -76.901316359,-10.284304726 -76.901722609,-10.2833476009999 -76.902302734,-10.282363226 -76.902968734,-10.280970726 -76.903548859,-10.280128851 -76.903869109,-10.2794336009999 -76.9040429839999,-10.278970726 -76.904505859,-10.2782441009999 -76.904825984,-10.2772597269999 -76.9051444839999,-10.2764179759999 -76.905550734,-10.275896476 -76.906101609,-10.275230601 -76.9062167339999,-10.274880852 -76.9062461089999,-10.2741856009999 -76.9059843589999,-10.273169976 -76.905636734,-10.272097602 -76.905521484,-10.270966851 -76.905492109,-10.270154351 -76.905289109,-10.269488226 -76.905029235,-10.268956977 -76.905335986,-10.268539103 -76.905507861,-10.268023478 -76.9054823609999,-10.267628853 -76.9058027359999,-10.266548853 -76.905949236,-10.2658359779999 -76.906195361,-10.2653438529999 -76.906269486,-10.264927728 -76.906195361,-10.2645586039999 -76.905949236,-10.2639199779999 -76.905925736,-10.2632812279999 -76.9059744859999,-10.262714853 -76.906244111,-10.2621757279999 -76.906417986,-10.2616093529999 -76.9066132359999,-10.260947229 -76.906710986,-10.259669978 -76.906687486,-10.2585624779999 -76.9066034859999,-10.2580429779999 -76.906693361,-10.2569961029999 -76.9057851109999,-10.255183603 -76.904747986,-10.2541328529999 -76.903787111,-10.253429728 -76.903154236,-10.2527266029999 -76.902800736,-10.252070353 -76.902847736,-10.251507853 -76.902941361,-10.251011728 -76.903130861,-10.2505194779999 -76.9032714859999,-10.249511728 -76.903412111,-10.248761728 -76.903716736,-10.2482441029999 -76.9041152359999,-10.246790978 -76.904513611,-10.2455253539999 -76.904888611,-10.243742228 -76.904982361,-10.2423632279999 -76.904818361,-10.241496104 -76.904701111,-10.2407929789999 -76.904607361,-10.2404394779999 -76.904584111,-10.2399707279999 -76.9046542359999,-10.2393847279999 -76.9047246109999,-10.238915979 -76.904912111,-10.238423853 -76.904912111,-10.238048853 -76.904841736,-10.2376972279999 -76.9049354859999,-10.2374141029999 -76.905263611,-10.236921853 -76.905497987,-10.2366172279999 -76.905872986,-10.2360547279999 -76.906601611,-10.234789103 -76.9069999869999,-10.234484353 -76.907304736,-10.234201228 -76.907703112,-10.233638728 -76.908007861,-10.2334981029999 -76.908570362,-10.2332168529999 -76.9094374859999,-10.232607478 -76.910259737,-10.232021478 -76.911267611,-10.231646478 -76.9124863609999,-10.2310137279999 -76.913449236,-10.2304492279999 -76.913730486,-10.230191353 -76.9138944859999,-10.2299337279999 -76.914009736,-10.229455104 -76.914222611,-10.228550728 -76.9144101109999,-10.2281288529999 -76.9147148609999,-10.227470728 -76.9150429859999,-10.2268378529999 -76.915511736,-10.2259472279999 -76.916003862,-10.225267603 -76.9160996109999,-10.2245878529999 -76.916076236,-10.2240214779999 -76.9158163609999,-10.2234121029999 -76.9156054859999,-10.2231777279999 -76.9155819859999,-10.2226621029999 -76.9155586109999,-10.2217461029999 -76.915652361,-10.221113228 -76.915792986,-10.220714728 -76.9158867359999,-10.220269478 -76.915980486,-10.219613228 -76.916193361,-10.218880853 -76.916216736,-10.218576103 -76.916240236,-10.218060603 -76.916216736,-10.217521478 -76.915933611,-10.216982478 -76.9155351109999,-10.2162774789999 -76.915113361,-10.2156211029999 -76.914621112,-10.215246103 -76.9141992359999,-10.214894478 -76.914105486,-10.2144961029999 -76.9141523609999,-10.2139569779999 -76.9141523609999,-10.213228478 -76.914290986,-10.2128652279999 -76.9141288609999,-10.212501978 -76.913706986,-10.2120332279999 -76.9133086109999,-10.2117284779999 -76.912816236,-10.211283228 -76.912275361,-10.210744103 -76.911994111,-10.2100409779999 -76.911806611,-10.2095468529999 -76.911759736,-10.2089141029999 -76.911759736,-10.208187478 -76.9116191109999,-10.2078828539999 -76.911501986,-10.2075312279999 -76.911290986,-10.206898478 -76.911173861,-10.2064746029999 -76.9108457359999,-10.2056543529999 -76.910705111,-10.2052558529999 -76.910189486,-10.203873103 -76.909837861,-10.2030038529999 -76.909744111,-10.202417978 -76.909837861,-10.2013632279999 -76.9097677359999,-10.2005898529999 -76.909603486,-10.199790978 -76.9094374859999,-10.199017603 -76.909533236,-10.198478478 -76.9096503609999,-10.198197228 -76.9099784859999,-10.197423853 -76.910142487,-10.196835978 -76.910376986,-10.1966249779999 -76.9105644859999,-10.1961562279999 -76.910986361,-10.195687478 -76.9111034859999,-10.1953593539999 -76.911173861,-10.1950547279999 -76.911220737,-10.1946797279999 -76.910986362,-10.1941641029999 -76.9111034859999,-10.193789103 -76.9113378609999,-10.1936016029999 -76.911830111,-10.193248104 -76.912345736,-10.1928027279999 -76.912863236,-10.1917716029999 -76.913261736,-10.191162103 -76.9139179859999,-10.1899413529999 -76.9141757369999,-10.188980478 -76.914222611,-10.1885819789999 -76.9141992359999,-10.1881368529999 -76.914035111,-10.187550603 -76.913738236,-10.1869218539999 -76.913185486,-10.1863359779999 -76.912892611,-10.185880853 -76.912113236,-10.185394478 -76.9119179859999,-10.185068353 -76.911787111,-10.184548853 -76.911853611,-10.183996103 -76.911853611,-10.183052728 -76.9118847359999,-10.182597603 -76.911853611,-10.182206978 -76.9115603609999,-10.1815957279999 -76.911462861,-10.1810742279999 -76.911234361,-10.180326228 -76.9108769859999,-10.179513728 -76.910617236,-10.1788319779999 -76.910128861,-10.178115353 -76.909515611,-10.1773671029999 -76.908958986,-10.1772051029999 -76.9086328609999,-10.1770741029999 -76.9085351109999,-10.176783228 -76.9085996109999,-10.1762949779999 -76.908730486,-10.1753847279999 -76.908925736,-10.174539103 -76.909347611,-10.173693353 -76.909347611,-10.173107478 -76.909576111,-10.172587853 -76.910162111,-10.172294978 -76.910648486,-10.1720351029999 -76.910746111,-10.171513853 -76.9105839859999,-10.1706679779999 -76.9102909859999,-10.1700177279999 -76.910162112,-10.169171853 -76.910226611,-10.168652353 -76.9107792359999,-10.167773353 -76.911203111,-10.167025478 -76.911494111,-10.1662461029999 -76.9116894859999,-10.1656601029999 -76.911853611,-10.165009728 -76.9124794859999,-10.163981603 -76.912613236,-10.163290978 -76.912031736,-10.1627131029999 -76.911173736,-10.1623026029999 -76.9108379859999,-10.161556478 -76.910821861,-10.161544728 -76.9107322359999,-10.1611463529999 -76.910703111,-10.1604336029999 -76.910689487,-10.159953104 -76.910777361,-10.1595878529999 -76.910878861,-10.158933603 -76.911169862,-10.158306603 -76.9113437359999,-10.157753853 -76.911314486,-10.156341853 -76.911460986,-10.1550898529999 -76.9119413619999,-10.153871103 -76.912290986,-10.152894478 -76.9125097359999,-10.151890603 -76.912683611,-10.151001978 -76.912320361,-10.149720728 -76.9122617359999,-10.149195353 -76.912349611,-10.1486718529999 -76.912494236,-10.148015603 -76.912494236,-10.1472578529999 -76.912581986,-10.146849478 -76.9127851109999,-10.1459609779999 -76.913033236,-10.1453496029999 -76.913179736,-10.1447812279999 -76.9133534859999,-10.144054728 -76.913511736,-10.1433808529999 -76.913835986,-10.142382853 -76.9141288609999,-10.1414413529999 -76.914335987,-10.1402949779999 -76.914246111,-10.139619103 -76.9141874859999,-10.139179729 -76.913982361,-10.138796853 -76.9135996109999,-10.138474603 -76.913482361,-10.138208978 -76.913540986,-10.1378281029999 -76.913660111,-10.1372402279999 -76.9139238619999,-10.136564478 -76.914482361,-10.135417978 -76.914804736,-10.134388728 -76.915040986,-10.133771478 -76.9150117359999,-10.133449228 -76.914892611,-10.1330957279999 -76.914568361,-10.132923854 -76.914126986,-10.1322422279999 -76.913564487,-10.1313984779999 -76.913523486,-10.1308769779999 -76.9136034859999,-10.130154353 -76.913804736,-10.1291093529999 -76.914566362,-10.1274433529999 -76.9150273609999,-10.126749978 -76.915156236,-10.125902353 -76.915080111,-10.125335853 -76.914976611,-10.1246678529999 -76.915310486,-10.123152353 -76.915490236,-10.122072228 -76.915697236,-10.120890603 -76.915697237,-10.120427728 -76.915464861,-10.1199141029999 -76.914642611,-10.1191426029999 -76.913562486,-10.1182441029999 -76.912613236,-10.1174981029999 -76.910632861,-10.116212853 -76.908462861,-10.115623103 -76.905919861,-10.115080104 -76.904371111,-10.1151249779999 -76.903925736,-10.115359353 -76.903429736,-10.1142968529999 -76.902828112,-10.113624978 -76.901943361,-10.113341853 -76.900880861,-10.113306603 -76.899712861,-10.1132714779999 -76.898369111,-10.1132714779999 -76.897589861,-10.113306603 -76.8958203609999,-10.113589853 -76.8940468609999,-10.1138418529999 -76.891503861,-10.1131659779999 -76.890867237,-10.1127754779999 -76.8896641109999,-10.112527353 -76.888849611,-10.1126699779999 -76.886726611,-10.1130234779999 -76.885806611,-10.113376978 -76.885593736,-10.113695353 -76.885382861,-10.114226603 -76.884992236,-10.114792978 -76.884335987,-10.1160253529999 -76.883576111,-10.116787103 -76.8829316109999,-10.117197228 -76.882169861,-10.116962853 -76.880997986,-10.116787103 -76.8798867359999,-10.1165527279999 -76.879710987,-10.1160839779999 -76.879476612,-10.114738228 -76.879183611,-10.113742228 -76.878949236,-10.1126874779999 -76.877953111,-10.110521478 -76.876724611,-10.108003853 -76.876080112,-10.106128853 -76.875025361,-10.1040214779999 -76.874908236,-10.102792978 -76.8748516109999,-10.101152353 -76.8747342359999,-10.0990449779999 -76.8739687359999,-10.096828103 -76.872683611,-10.0948867279999 -76.871337861,-10.094300728 -76.869404236,-10.093892603 -76.868175736,-10.0940684779999 -76.866417986,-10.094300728 -76.864134736,-10.0947694779999 -76.863255861,-10.095589853 -76.8622617359999,-10.095882853 -76.859861361,-10.0964101029999 -76.8575761119999,-10.097990228 -76.856640736,-10.0985176029999 -76.855996111,-10.099396478 -76.855234361,-10.1005079779999 -76.854610486,-10.1015233529999 -76.854013486,-10.101784478 -76.853580111,-10.1017793529999 -76.852247986,-10.100859353 -76.851486361,-10.099982478 -76.849964861,-10.099337853 -76.8492617369999,-10.0988106029999 -76.848499986,-10.0979316029999 -76.847861361,-10.096087853 -76.846039111,-10.0887402279999 -76.8432382359999,-10.086785103 -76.840886736,-10.0859218529999 -76.839040986,-10.0854357279999 -76.8380253609999,-10.0851152279999 -76.835593736,-10.0851152279999 -76.829910736,-10.084919978 -76.825172236,-10.084099228 -76.8220331109999,-10.083806728 -76.818386736,-10.0843673529999 -76.816140611,-10.0851152279999 -76.813617236,-10.084648478 -76.812306486,-10.0850214779999 -76.8104356109999,-10.0850214779999 -76.8084218609999,-10.0848457279999 -76.807337861,-10.084601603 -76.807189486,-10.0844784779999 -76.807171861,-10.084363228 -76.807236361,-10.084169978 -76.807261736,-10.0840019779999 -76.807249986,-10.083796853 -76.807509736,-10.0817343529999 -76.807736236,-10.081007853 -76.808871111,-10.079556603 -76.810232361,-10.077650353 -76.810867236,-10.0764707279999 -76.8111834859999,-10.0755194779999 -76.811865236,-10.073250103 -76.812455111,-10.0722069779999 -76.812410111,-10.071572228 -76.8114569859999,-10.071027353 -76.810458986,-10.070708978 -76.8101407359999,-10.070119103 -76.810185486,-10.069212853 -76.810339861,-10.0682851029999 -76.810978486,-10.067414103 -76.811646486,-10.0655547279999 -76.8117343609999,-10.0641894779999 -76.812404236,-10.062607478 -76.812683611,-10.0616328529999 -76.812845736,-10.0602618529999 -76.813031236,-10.058937478 -76.813031236,-10.058216853 -76.812915986,-10.0573808529999 -76.812728486,-10.0568242279999 -76.811915986,-10.056126978 -76.8112892359999,-10.055568353 -76.810615236,-10.055312478 -76.810058611,-10.055058603 -76.8092226109999,-10.0544082279999 -76.809035111,-10.0541054779999 -76.8090117359999,-10.053640603 -76.809054736,-10.053324228 -76.8092461109999,-10.053154353 -76.8095644859999,-10.0530273529999 -76.809966736,-10.052941228 -76.810455111,-10.0524316029999 -76.8109863609999,-10.051986353 -76.811644486,-10.051455103 -76.812005861,-10.050896478 -76.8120072359999,-10.050893103 -76.812156236,-10.0505352279999 -76.8122909859999,-10.0499297279999 -76.8123261109999,-10.049212853 -76.8120409859999,-10.0484999779999 -76.811941361,-10.048103603 -76.811990236,-10.0476093529999 -76.8120409859999,-10.0465176029999 -76.811990236,-10.045824228 -76.811693361,-10.0453787279999 -76.811445361,-10.0448339779999 -76.811296861,-10.0439902279999 -76.811296861,-10.043396478 -76.811345736,-10.0417597279999 -76.811544861,-10.0404218529999 -76.811742236,-10.039331978 -76.8123378609999,-10.0375976029999 -76.813279236,-10.035564478 -76.813527361,-10.034820478 -76.813626986,-10.0340273529999 -76.813279236,-10.0334336029999 -76.813576111,-10.032095603 -76.8136757359999,-10.031113228 -76.8136757359999,-10.029824103 -76.8139726109999,-10.0289824779999 -76.8148163609999,-10.027199228 -76.815261736,-10.0259589779999 -76.8154101109999,-10.025214853 -76.815113111,-10.0247694779999 -76.814964861,-10.024124978 -76.814964861,-10.0234316029999 -76.815212862,-10.0225391029999 -76.815806736,-10.0219942279999 -76.816896486,-10.021249978 -76.818333987,-10.020507853 -76.820218736,-10.019962978 -76.8215566109999,-10.019367228 -76.8232422359999,-10.017037103 -76.8238359859999,-10.015353478 -76.823984486,-10.014261728 -76.823935486,-10.0135683529999 -76.8238359859999,-10.012874978 -76.823736361,-10.011833978 -76.8240468609999,-10.010998103 -76.824747986,-10.009910103 -76.825027361,-10.0092324779999 -76.824976611,-10.0087654779999 -76.8248437359999,-10.008400353 -76.824400361,-10.007855478 -76.8240214859999,-10.005613103 -76.8240214859999,-10.0040623529999 -76.824261736,-10.0024687279999 -76.824341736,-10.0016328529999 -76.824419861,-10.0010371029999 -76.8235058609999,-9.99936522799993 -76.8231854859999,-9.99848822799993 -76.823066361,-9.99757222799997 -76.823027361,-9.99629885299993 -76.823265611,-9.99562310299996 -76.823583861,-9.99522460299994 -76.824261736,-9.99454885299997 -76.824779236,-9.99415035299995 -76.825216736,-9.99307422799995 -76.8254961109999,-9.99168160299996 -76.8257343609999,-9.99000972799996 -76.8256151109999,-9.98929297799998 -76.8251367359999,-9.98853710299994 -76.824539111,-9.98766210299993 -76.823701112,-9.98600385299994 -76.822507861,-9.98474610299996 -76.821326111,-9.98325385299995 -76.819523486,-9.98145122799997 -76.8193359859999,-9.98070497799995 -76.818341736,-9.97964647799995 -76.817718736,-9.97852735299995 -76.817718736,-9.97728335199997 -76.8179062359999,-9.97585347799998 -76.8179492369999,-9.97554497799996 -76.8175937359999,-9.97527147799997 -76.817429736,-9.97485935299994 -76.817292986,-9.97409185299995 -76.817292986,-9.97362697799997 -76.817128861,-9.97228510299993 -76.816607361,-9.97138085299997 -76.8159218609999,-9.97088672799993 -76.815238236,-9.97053122799997 -76.814689486,-9.96962697799995 -76.814115236,-9.96847660299994 -76.814115236,-9.96792772799995 -76.814060486,-9.96735347799995 -76.814443486,-9.96672260299994 -76.8151288609999,-9.96614647799993 -76.815456986,-9.96562697799993 -76.815484361,-9.96505072799994 -76.8148808609999,-9.96411910299997 -76.814087861,-9.96296872799996 -76.813949236,-9.96233985299995 -76.813839862,-9.96190035299998 -76.8136757359999,-9.96157222799997 -76.8136757359999,-9.96083197799993 -76.8137578609999,-9.96014647799996 -76.813976611,-9.95962697799996 -76.8145253609999,-9.95891410299993 -76.8151288609999,-9.95823035299998 -76.815839861,-9.95759960299995 -76.8162519859999,-9.95669535299993 -76.816279236,-9.95614635299995 -76.816880861,-9.95524410299993 -76.817238236,-9.95455860299995 -76.817320361,-9.95359960299993 -76.817839861,-9.95283210299993 -76.818033236,-9.95228510299995 -76.8190468609999,-9.95143560299994 -76.819978486,-9.95064072699995 -76.8204159859999,-9.95028510299994 -76.8215117359999,-9.94891410199995 -76.8223613609999,-9.94787310299995 -76.8236912359999,-9.94656835299998 -76.825189487,-9.94532622799994 -76.825872986,-9.94429885299996 -76.826345736,-9.94284372799996 -76.826622986,-9.94191210299994 -76.8268672359999,-9.94162885299994 -76.8276229859999,-9.94087310299994 -76.828093736,-9.94042185299998 -76.8285078609999,-9.93989260299998 -76.828697236,-9.93938472799994 -76.8287909859999,-9.93891210299995 -76.828980486,-9.93842185299997 -76.8293007359999,-9.93810160299995 -76.8298476109999,-9.93787497799997 -76.8302051109999,-9.93785547799996 -76.830601611,-9.93764847799997 -76.831999986,-9.93751372799994 -76.833160111,-9.93746285299994 -76.833728486,-9.93739847799998 -76.834206986,-9.93726560299996 -76.835083986,-9.93662697799994 -76.836439486,-9.93596285299998 -76.837556611,-9.93553710299994 -76.838937486,-9.93455472799997 -76.839548861,-9.93375585299998 -76.8411172359999,-9.93173635299996 -76.841861487,-9.93062110299996 -76.8421542359999,-9.92950385299997 -76.842021486,-9.92907810299994 -76.841916111,-9.92857422799995 -76.841994111,-9.92814847799997 -76.842394486,-9.92750972799996 -76.842898486,-9.92697847799997 -76.843216736,-9.92618160299997 -76.843509736,-9.92503910299996 -76.843749986,-9.92392185299997 -76.843749986,-9.92264647799993 -76.8436172359999,-9.92166210299996 -76.843244112,-9.92041422699998 -76.842898486,-9.91988097799998 -76.8422343619999,-9.91924410299993 -76.841462736,-9.91860547799996 -76.840560486,-9.91825972799995 -76.840372986,-9.91772847799996 -76.840425736,-9.91698435199993 -76.840718736,-9.91562885299993 -76.841263611,-9.91382222799996 -76.841935486,-9.91172460299993 -76.841988236,-9.91089260299998 -76.842605486,-9.91073822799996 -76.843236361,-9.91094922799994 -76.843997986,-9.91105472799995 -76.8446816109999,-9.91131635299996 -76.845154236,-9.91102735299995 -76.845732361,-9.91021285299996 -76.845943361,-9.90921485299998 -76.846283236,-9.90824222799995 -76.846388611,-9.90784760299994 -76.846574236,-9.90705860299994 -76.847019486,-9.90574422799995 -76.8474922359999,-9.90416797799998 -76.847914111,-9.90269735299995 -76.848753861,-9.90133010299996 -76.849253861,-9.90062110299993 -76.849595737,-9.89980660299994 -76.849937487,-9.89922847799994 -76.850488236,-9.89841210299994 -76.850935486,-9.89817572799996 -76.851267612,-9.89772847699993 -76.851205111,-9.89669135299994 -76.850792986,-9.89558397799993 -76.850751987,-9.89455660299996 -76.851246112,-9.89365435299993 -76.8522714859999,-9.89299622799996 -76.853421861,-9.89192972799998 -76.854941361,-9.89110747799998 -76.856296861,-9.89028710299993 -76.857857361,-9.88999810299993 -76.858833986,-9.88924410299995 -76.859021486,-9.88859185299998 -76.859207111,-9.88294335299997 -76.8608867359999,-9.87824810299998 -76.862105486,-9.87545122699993 -76.865699236,-9.87243560299993 -76.8667246109999,-9.87128122799993 -76.868777361,-9.87038285199998 -76.8692832359999,-9.87001360299996 -76.869783236,-9.86936135299993 -76.870109486,-9.86877347799998 -76.870283236,-9.86801172799994 -76.870218736,-9.86731435299993 -76.8704141109999,-9.86676947799998 -76.871023486,-9.86605272799994 -76.871677736,-9.86533397799997 -76.872372986,-9.86457222799993 -76.872701111,-9.86407035299993 -76.872982361,-9.86376560299993 -76.873201111,-9.86324410299994 -76.873212861,-9.86308397799996 -76.8731249859999,-9.86275585299995 -76.872953111,-9.86255472799996 -76.872429736,-9.86206060299997 -76.8720429859999,-9.86179685299993 -76.870990236,-9.86134372799995 -76.870777486,-9.86133785299995 -76.869949361,-9.86093747799993 -76.8692753609999,-9.86039435299995 -76.869355486,-9.85992572699996 -76.869720736,-9.85952535299998 -76.870453111,-9.85859372699997 -76.871318361,-9.85769347699994 -76.871685487,-9.85656247799994 -76.871951111,-9.85503122799997 -76.872218736,-9.85319922799994 -76.872218736,-9.85213472799995 -76.872251987,-9.85096872799994 -76.872716736,-9.85023635299996 -76.873382861,-9.84987110299994 -76.874212861,-9.84925197799993 -76.875290986,-9.84801947799997 -76.876009736,-9.84586322799993 -76.8772948609999,-9.84339847799993 -76.877705111,-9.84156835299996 -76.8778711109999,-9.84041210199996 -76.877953111,-9.84016797799995 -76.8795624859999,-9.83557622699993 -76.880796861,-9.83302935299997 -76.8840566119999,-9.82807422799993 -76.885560486,-9.82699022799994 -76.8868613609999,-9.82566410299995 -76.888066361,-9.82465235299998 -76.889144486,-9.82348435299997 -76.890246111,-9.82242185299998 -76.891384736,-9.82113085199995 -76.892830111,-9.81915622799994 -76.8938163609999,-9.81763672799997 -76.895210987,-9.81560160199996 -76.895548861,-9.81442185299994 -76.8960468609999,-9.81339447699997 -76.896404237,-9.81263285299997 -76.896824236,-9.81166797699996 -76.8971992369999,-9.81059572699996 -76.8977578609999,-9.80928910299997 -76.8980234859999,-9.80835547799995 -76.898581986,-9.80666010199997 -76.8988319869999,-9.80563285299996 -76.8991583609999,-9.80420310299996 -76.899626986,-9.80289647799998 -76.899997986,-9.80146485299997 -76.9002617359999,-9.80060935199998 -76.900574236,-9.79983197799993 -76.900712861,-9.79911510199997 -76.9008378619999,-9.79849410299994 -76.901087861,-9.79706247699994 -76.901226611,-9.79611322799997 -76.9013359859999,-9.79514847799993 -76.9016464859999,-9.79426372799998 -76.901972611,-9.79273822799996 -76.902019361,-9.79189860299994 -76.9021601109999,-9.79105860299995 -76.902347611,-9.78992385299995 -76.9025019859999,-9.78866422799996 -76.902408236,-9.78774610299996 -76.902642611,-9.78713872799995 -76.902859362,-9.78662497799996 -76.902999987,-9.78584760299998 -76.903078111,-9.78514847799994 -76.9029843609999,-9.78466597799996 -76.9027519859999,-9.78413672799996 -76.902689486,-9.78318735299996 -76.9027676109999,-9.78225385299993 -76.902921861,-9.78150785299994 -76.902890611,-9.78079297699998 -76.902890611,-9.77971872799998 -76.902705111,-9.77796097699996 -76.9027676109999,-9.77696685299998 -76.9029843609999,-9.77654685199997 -76.903109361,-9.77567572799995 -76.9030312369999,-9.77471097799997 -76.902798861,-9.77390235299993 -76.9024863609999,-9.77312310299993 -76.9021132359999,-9.77261135299995 -76.9015839859999,-9.77183197799997 -76.901460986,-9.77135160299997 -76.9013828609999,-9.77049610299997 -76.9015839859999,-9.76970122699993 -76.902066361,-9.76884572799997 -76.902564486,-9.76766597799997 -76.9030937369999,-9.76648247799994 -76.903732361,-9.76530272699995 -76.904603486,-9.76461522699998 -76.9053339869999,-9.76422660299994 -76.906205111,-9.76400785299995 -76.906997986,-9.76385347799993 -76.907869111,-9.76366597799995 -76.908474612,-9.76351172799997 -76.9091601109999,-9.76363472699995 -76.909812486,-9.76383985199993 -76.910746111,-9.76402535299997 -76.911523486,-9.76397847699997 -76.9119121109999,-9.76366597799995 -76.9119277359999,-9.76344922799996 -76.911716736,-9.76291797799996 -76.911529236,-9.76203510299996 -76.911287111,-9.76077535299993 -76.911191361,-9.75981835299996 -76.9112654859999,-9.75899222799995 -76.911566361,-9.75799610199994 -76.912091736,-9.75699997799995 -76.912581987,-9.75634185299998 -76.912976611,-9.75583597699995 -76.913408236,-9.75514060299997 -76.913765611,-9.75436722799998 -76.913988236,-9.75337497699996 -76.914177861,-9.75232222799997 -76.914478486,-9.75123247699997 -76.914759736,-9.75031247799996 -76.915154236,-9.74961722799998 -76.915681611,-9.74871485299997 -76.916488236,-9.74691210299994 -76.916751986,-9.74625385299993 -76.917052736,-9.74480860299997 -76.917353487,-9.74366222799995 -76.9178027359999,-9.74311722699997 -76.918293111,-9.74275972699996 -76.918818361,-9.74249810299995 -76.919380861,-9.74227147799996 -76.920076111,-9.74197072699997 -76.9216386109999,-9.74159572799994 -76.924060486,-9.74092247799996 -76.9253319859999,-9.74008397799997 -76.925891862,-9.73892060299994 -76.926786486,-9.73627985299993 -76.9281172359999,-9.73460747799993 -76.928886736,-9.73421285299997 -76.929712861,-9.73379885199995 -76.9303534869999,-9.73336722799996 -76.931234361,-9.73274022799995 -76.932701111,-9.73139060299997 -76.933624986,-9.73025585199997 -76.9342499859999,-9.72947460299997 -76.9345742359999,-9.72891997799996 -76.934695362,-9.72833197799997 -76.934874986,-9.72756247799998 -76.935007861,-9.72687697799995 -76.934958986,-9.72613097699997 -76.934984361,-9.72554310299995 -76.9349238619999,-9.72461722699995 -76.934912111,-9.72408785199997 -76.9348398609999,-9.72336522799998 -76.934767611,-9.72221097799996 -76.934730486,-9.72133397799996 -76.934660111,-9.72045697799996 -76.934660111,-9.71998822699993 -76.934935486,-9.71967572799997 -76.935308612,-9.71934960299996 -76.9356444869999,-9.71892972799998 -76.936095736,-9.71828122799997 -76.936546736,-9.71778710299998 -76.936847611,-9.71739060299996 -76.937277361,-9.71699410299993 -76.937724611,-9.71643147799995 -76.938037111,-9.71591210299994 -76.938337737,-9.71532035299998 -76.938577986,-9.71469722799998 -76.938867236,-9.71401172799995 -76.939191362,-9.71335160299998 -76.939466736,-9.71258397799994 -76.939640611,-9.71191397799993 -76.939820361,-9.71145910299998 -76.9400604859999,-9.71102147799996 -76.940290986,-9.71059960299993 -76.940497986,-9.70982222699996 -76.940580111,-9.70919335299993 -76.9406797359999,-9.70857422799997 -76.940806611,-9.70802935299997 -76.9408944859999,-9.70722660199993 -76.9409277359999,-9.70682222799996 -76.941035111,-9.70642572799994 -76.941365236,-9.70591210299995 -76.941912111,-9.70553322699993 -76.9423652359999,-9.70525197799998 -76.9426386119999,-9.70511322699997 -76.943070361,-9.70495310299998 -76.9443359859999,-9.70391597799994 -76.944988236,-9.70316797799995 -76.945388612,-9.70256835299995 -76.9457089859999,-9.70309372799994 -76.946193486,-9.70343560299995 -76.946773486,-9.70380072799998 -76.947246111,-9.70406247799997 -76.947578111,-9.70427535199997 -76.9484413609999,-9.70439260299997 -76.9496249859999,-9.70445310299993 -76.950511736,-9.70451160299996 -76.951080111,-9.70444135299994 -76.951494111,-9.70454685299995 -76.951742237,-9.70478322799994 -76.951968737,-9.70528122799993 -76.9521582359999,-9.70570697799997 -76.9524062359999,-9.70614447699995 -76.9527011119999,-9.70648822799996 -76.953173861,-9.70679497699996 -76.9535527359999,-9.70715435299996 -76.953955111,-9.70756447799994 -76.954263611,-9.70784760299995 -76.954333987,-9.70810935199995 -76.954287111,-9.70850972799997 -76.954179736,-9.70898435299995 -76.954109361,-9.70968160299998 -76.954144486,-9.71035747799993 -76.9543457359999,-9.71059372699995 -76.954789111,-9.71098822799996 -76.956878861,-9.71138472799993 -76.958240237,-9.71196672799994 -76.9588868609999,-9.71230472799994 -76.960374986,-9.71281060199993 -76.9616133609999,-9.71345697799995 -76.962820361,-9.71362485299994 -76.963972611,-9.71354097699998 -76.965068362,-9.71309185299998 -76.965884736,-9.71261322799995 -76.967345736,-9.71233197699996 -76.968273486,-9.71210747799995 -76.969535112,-9.71159960299997 -76.970394486,-9.71148822699996 -76.971839861,-9.71181247699997 -76.972328111,-9.71230072699996 -76.9728554869999,-9.71294335299996 -76.973497986,-9.71349035199995 -76.973771486,-9.71428910199995 -76.973830111,-9.71487310299995 -76.974025361,-9.71545897699997 -76.974648487,-9.71604297699997 -76.975195361,-9.71674610299993 -76.975818362,-9.71760347799994 -76.9761894869999,-9.71815035299994 -76.976365111,-9.71873435299995 -76.9764609859999,-9.71916410299997 -76.976558612,-9.71939847799996 -76.9770078609999,-9.71982622799993 -76.977496112,-9.72033397799993 -76.977669861,-9.72089847799998 -76.978001987,-9.72160160299995 -76.978216736,-9.72191210199998 -76.978705111,-9.72230272799993 -76.979275361,-9.72289847799993 -76.979447237,-9.72313285199994 -76.979851611,-9.72382035199996 -76.980060486,-9.72401560199995 -76.980341736,-9.72413872799996 -76.9807224859999,-9.72424997799993 -76.981042987,-9.72456835299994 -76.9811777359999,-9.72490035299995 -76.9811777359999,-9.72534185299997 -76.9811034859999,-9.72595510299993 -76.981054736,-9.72649610299993 -76.981029236,-9.72680272699995 -76.980956986,-9.72733010299993 -76.980880987,-9.72809185299997 -76.9805761109999,-9.72883397699997 -76.980384736,-9.72974410299997 -76.980384737,-9.73090035299998 -76.980742236,-9.73161522799995 -76.9808516109999,-9.73202935299997 -76.980644486,-9.73240822799994 -76.980429736,-9.73334185299996 -76.980218736,-9.73385347799996 -76.980148487,-9.73431060299993 -76.980396487,-9.73526372799995 -76.980402361,-9.73581635199997 -76.980509737,-9.73671097799996 -76.980724611,-9.73821097699994 -76.980689486,-9.73903510299994 -76.980294736,-9.74028510199997 -76.979007861,-9.74135747699995 -76.978400361,-9.74221685299995 -76.977863112,-9.74353910199994 -76.977900361,-9.74500585199996 -76.9777929859999,-9.74561335299995 -76.977318361,-9.74641997799995 -76.976511736,-9.74748635299994 -76.976283236,-9.74786135199997 -76.9757948609999,-9.74830072799995 -76.9752714859999,-9.74846485299997 -76.9747011109999,-9.74841410299996 -76.973789111,-9.74816997799996 -76.973494111,-9.74803910199995 -76.973039112,-9.74820310299998 -76.972923861,-9.74841410299996 -76.972841737,-9.74867572799997 -76.972908236,-9.74924610299996 -76.972912111,-9.74957810299998 -76.9726776109999,-9.75076560299993 -76.972546861,-9.75125972799998 -76.972390611,-9.75179497699997 -76.972156236,-9.75213460299994 -76.9719082359999,-9.75256447699996 -76.971777361,-9.75312697799995 -76.971777361,-9.75354297799993 -76.9716992359999,-9.75432622799997 -76.9710604859999,-9.75540822799996 -76.9701854859999,-9.75655660199993 -76.9696386109999,-9.75736522799997 -76.969482361,-9.75780860299994 -76.969533236,-9.75807035299994 -76.9697812369999,-9.75834372699995 -76.9708554869999,-9.75867985299993 -76.972095736,-9.75913085299993 -76.972675736,-9.75954497799995 -76.973253861,-9.75995897799993 -76.973833986,-9.76023635299993 -76.974277361,-9.76023635299993 -76.975105487,-9.75954497799995 -76.975740236,-9.75882810299993 -76.976568361,-9.75769535199993 -76.9778104869999,-9.75697660299994 -76.978638611,-9.75650785299996 -76.9797441109999,-9.75578910299993 -76.980429736,-9.75552347799993 -76.981292986,-9.75477735299995 -76.981982361,-9.75441210299994 -76.982392611,-9.75419922799995 -76.982705111,-9.75364260299995 -76.983304736,-9.75266410299997 -76.984025361,-9.75202935199997 -76.9844354859999,-9.75158397799993 -76.984675736,-9.75113872699995 -76.985140611,-9.75038285299996 -76.986289111,-9.74929685299998 -76.986505861,-9.74910547799993 -76.986540986,-9.74889447799995 -76.9864628619999,-9.74876372799997 -76.986146361,-9.74844722799997 -76.985681611,-9.74829685299994 -76.9849706109999,-9.74801772799998 -76.984636736,-9.74783185299998 -76.9844882359999,-9.74762310299997 -76.984423861,-9.74708985199993 -76.984956986,-9.74647260299997 -76.985552737,-9.74596097699998 -76.9859804869999,-9.74455472799997 -76.986603486,-9.74327535299994 -76.9867461109999,-9.74312710299995 -76.987173861,-9.74289260199993 -76.988238236,-9.74231635299998 -76.989070361,-9.74157035299993 -76.990314611,-9.74042572799993 -76.990558611,-9.74015235299993 -76.991078111,-9.73970310199996 -76.9919511109999,-9.73914260199996 -76.9926328609999,-9.73851560199995 -76.993382861,-9.73797072799994 -76.995177736,-9.73657222799994 -76.996497986,-9.73490235299994 -76.9981542359999,-9.73156635199996 -76.9990078609999,-9.73064847799998 -76.999742236,-9.72969135299996 -77.0004453609999,-9.72893572799995 -77.000816361,-9.72864435299994 -77.001671862,-9.72788472799994 -77.0020801109999,-9.72722260299997 -77.002246111,-9.72641597699993 -77.0023242359999,-9.72601172799995 -77.0023711109999,-9.72540435299993 -77.0029159859999,-9.72489060299995 -77.003912111,-9.72428322799993 -77.0054218609999,-9.72294535299994 -77.006837861,-9.72194922799997 -77.007445237,-9.72157422799995 -77.007818361,-9.72123247799993 -77.008271486,-9.72068747799995 -77.008876986,-9.71990822799995 -77.009343611,-9.71945697699994 -77.0095781109999,-9.71905272699996 -77.009656236,-9.71867972799993 -77.009749986,-9.71794722799996 -77.010013611,-9.71746485299997 -77.010232361,-9.71727735199994 -77.0112753609999,-9.71684185299995 -77.011958986,-9.71615822799993 -77.012193361,-9.71609572799997 -77.012443236,-9.71615822699994 -77.0126444859999,-9.71624997799995 -77.0130039859999,-9.71632810299997 -77.0135234859999,-9.71637685199994 -77.013999986,-9.71617972799993 -77.014562486,-9.71567572699996 -77.015376986,-9.71516997799995 -77.0160233619999,-9.71508597799993 -77.016697236,-9.71474810299998 -77.017933612,-9.71356835299997 -77.0191249869999,-9.71276760199993 -77.020328112,-9.71167372699995 -77.020611361,-9.71131447799996 -77.021197237,-9.71010547799995 -77.0213496109999,-9.70878322799996 -77.021480486,-9.70838660199996 -77.021763612,-9.70799022799997 -77.022046861,-9.70738672799996 -77.022632861,-9.70672460299994 -77.022955111,-9.70632822799996 -77.023162111,-9.70591210199996 -77.023615236,-9.70549610299997 -77.023728486,-9.70511910299996 -77.023804737,-9.70477935299994 -77.023841736,-9.70432622699997 -77.023708986,-9.70385347699994 -77.023312486,-9.70324997699993 -77.023105361,-9.70279497799993 -77.022499986,-9.70245510299998 -77.022273486,-9.70224810299993 -77.022330236,-9.70196485299994 -77.0225391119999,-9.70156835199998 -77.022802736,-9.70130272799997 -77.023181611,-9.70100197799997 -77.023691361,-9.70035935299995 -77.023728486,-9.70011322799996 -77.023841736,-9.69964060299998 -77.023974611,-9.69916997799993 -77.024238237,-9.69890435299993 -77.024804736,-9.69826172799998 -77.025107361,-9.69797847799998 -77.025466737,-9.69779097699995 -77.025976612,-9.69775197799993 -77.026449236,-9.69748822799994 -77.026732361,-9.69727935299994 -77.0268828609999,-9.69703510199997 -77.0268652359999,-9.69663872699994 -77.0269218609999,-9.69622260299997 -77.0268828609999,-9.69582622699994 -77.0269023609999,-9.69535347699997 -77.027109362,-9.69507035299995 -77.027412112,-9.69476760199996 -77.0277323609999,-9.69476760299995 -77.028154236,-9.69438872699993 -77.028169861,-9.69422272799994 -77.028109361,-9.69402535299997 -77.027927736,-9.69381447799998 -77.0277773609999,-9.69349610199993 -77.0277461109999,-9.69328510299994 -77.027790986,-9.69298247799998 -77.027851611,-9.69262110299996 -77.027851611,-9.69248435299994 -77.027898487,-9.69206060299996 -77.027871111,-9.69147260299997 -77.0279726109999,-9.69110935299994 -77.0284979859999,-9.69070310199993 -77.029085986,-9.69035935299996 -77.0299784859999,-9.68952935199997 -77.030396486,-9.68833010299994 -77.0305722369999,-9.68810747799995 -77.0305879859999,-9.68769722699994 -77.0305468609999,-9.68754885299995 -77.030390612,-9.68729297799996 -77.030267486,-9.68687297699995 -77.0302011109999,-9.68665235299994 -77.030193361,-9.68633010299993 -77.030349611,-9.68590235299996 -77.0305801109999,-9.68565622699998 -77.030874986,-9.68481835199998 -77.031501986,-9.68402935299997 -77.0319336109999,-9.68357622799994 -77.032374987,-9.68287497799997 -77.0325332359999,-9.68259772699997 -77.0327284859999,-9.68171685199997 -77.0327871109999,-9.68138285299995 -77.0328594859999,-9.68090822799996 -77.032955112,-9.68048247799993 -77.0331016109999,-9.68013472799993 -77.0333281109999,-9.67977147799996 -77.0338398609999,-9.67910747799993 -77.034281236,-9.67810735199993 -77.0344922359999,-9.67760747799997 -77.035101611,-9.67686135299994 -77.0358242359999,-9.67598047699994 -77.0363437359999,-9.67539260299998 -77.0364336109999,-9.67453510199994 -77.0368847359999,-9.67367572799998 -77.037451112,-9.67338285299996 -77.037744112,-9.67302147799995 -77.037886736,-9.67199997699993 -77.038173862,-9.67142385299996 -77.038511736,-9.67084960199998 -77.038900237,-9.67056247799997 -77.0392226119999,-9.67032422699998 -77.039728361,-9.66964847799994 -77.040169862,-9.66897260299993 -77.040761736,-9.66800785299995 -77.040947237,-9.66748435199997 -77.0410819859999,-9.66692572799997 -77.040964861,-9.66624997799994 -77.0408124859999,-9.66525197799996 -77.040777361,-9.66398247799998 -77.0405409859999,-9.66291797799994 -77.040456987,-9.66246097799996 -77.0405409859999,-9.66214060299995 -77.040642611,-9.66136135299996 -77.040812487,-9.66046485299995 -77.0413534859999,-9.65885935299997 -77.041945486,-9.65818160199996 -77.042130861,-9.65789447699996 -77.042874986,-9.65737110299995 -77.043484361,-9.65704897799998 -77.043789236,-9.65691410199997 -77.044330112,-9.65689647699998 -77.0447694869999,-9.65696485199993 -77.0450566109999,-9.65688085199997 -77.045394361,-9.65669335299998 -77.0456152359999,-9.65645697799994 -77.0456308619999,-9.65622060299995 -77.0455976119999,-9.65591597699995 -77.0458691109999,-9.65540822699995 -77.0461894859999,-9.65483397699995 -77.0464257359999,-9.65447847699994 -77.046628861,-9.65427535299995 -77.047001987,-9.65408985199997 -77.047306611,-9.65393747699994 -77.047372986,-9.65373435199996 -77.047408237,-9.65329497699997 -77.047626986,-9.65261910199996 -77.047728486,-9.65151947799995 -77.047949236,-9.65099410299996 -77.0484396109999,-9.65009960299994 -77.0486582359999,-9.64950585299994 -77.048540987,-9.64903322799995 -77.048540986,-9.64778122699994 -77.048488236,-9.64746097799997 -77.0478789859999,-9.64697447799995 -77.046830111,-9.64656247699997 -77.0453104869999,-9.64553322699993 -77.044433611,-9.64404497799995 -77.044081986,-9.64290035199997 -77.044304736,-9.64094535299995 -77.044638611,-9.63984960299996 -77.045554737,-9.63811722799994 -77.046074236,-9.63759960299996 -77.047164111,-9.63586522799994 -77.047396486,-9.63494335299993 -77.047150361,-9.63253122699996 -77.0456777369999,-9.62915235199995 -77.044974611,-9.62829885199994 -77.0439297359999,-9.62749810299994 -77.0420156119999,-9.62658785299993 -77.040328111,-9.62527735299994 -77.039816361,-9.62461722699993 -77.0391523609999,-9.62370122699997 -77.038515611,-9.62298435299994 -77.037880861,-9.62258985299997 -77.036453111,-9.62202147799997 -77.035910111,-9.62150385199993 -77.034513611,-9.62091010299997 -77.0338926109999,-9.62031447799995 -77.032857361,-9.62000385299996 -77.031796861,-9.61964260199994 -77.0316426109999,-9.61904685299993 -77.031253861,-9.61824597699996 -77.0308672359999,-9.61791010299993 -77.030089861,-9.61770310199995 -77.029831987,-9.61726172699997 -77.029650362,-9.61658985199995 -77.029546736,-9.61594335199993 -77.029572236,-9.61529685299996 -77.029367236,-9.61475385199998 -77.029185486,-9.61423647699996 -77.029289111,-9.61377147799993 -77.029367236,-9.61325385299995 -77.0292363619999,-9.61299610199995 -77.028615236,-9.61317572799993 -77.027660112,-9.61335747799995 -77.026753861,-9.61330472799995 -77.025822236,-9.61291797699994 -77.0255117359999,-9.61258185199995 -77.0249179859999,-9.61196097699997 -77.0247109859999,-9.61167572799997 -77.024529236,-9.61121097799997 -77.024167986,-9.61079685199996 -77.023673862,-9.61065822799998 -77.023037111,-9.61083985299996 -77.0216132369999,-9.61145122699998 -77.020636736,-9.61198247799996 -77.019941361,-9.61216410299994 -77.019228486,-9.61239647799994 -77.018632861,-9.61295897799994 -77.017806611,-9.61358785199997 -77.0169141119999,-9.61414260199996 -77.0162812359999,-9.61431822799995 -77.015296861,-9.61426947799993 -77.0143652359999,-9.61364260299996 -77.0141524859999,-9.61341410299997 -77.014122986,-9.61291997799998 -77.0140644859999,-9.61257035199998 -77.013861361,-9.61181247799993 -77.013306611,-9.61053122699997 -77.0126659859999,-9.60997847699997 -77.011996111,-9.60977360299995 -77.010802736,-9.60939447699997 -77.0101992369999,-9.60934585299998 -77.0092889859999,-9.60858010299995 -77.0082402359999,-9.60808397699998 -77.007599612,-9.60793947699995 -77.0070174859999,-9.60764847699994 -77.006376986,-9.60732810199994 -77.005037112,-9.60735747799993 -77.0041328619999,-9.60709372699995 -77.0034922359999,-9.60683197799995 -77.002706987,-9.60645310299998 -77.0020371109999,-9.60587110199998 -77.001861361,-9.60563872799997 -77.001687486,-9.60520122699995 -77.001511861,-9.60491010199996 -77.001337861,-9.60470697699998 -77.000988236,-9.60461910299995 -77.0003769859999,-9.60444535199997 -76.999656237,-9.60422660199993 -76.9990176109999,-9.60381622799997 -76.998347612,-9.60361135299996 -76.997712861,-9.60361135299996 -76.996874987,-9.60346097699994 -76.9959433619999,-9.60349997699996 -76.995664112,-9.60349997799995 -76.995271486,-9.60344335299993 -76.995160111,-9.60333197799997 -76.995214862,-9.60303322799996 -76.995140611,-9.60275385199998 -76.995011736,-9.60241797699996 -76.994730486,-9.60200785299998 -76.994470736,-9.60152347799993 -76.994097611,-9.60116997699993 -76.993929736,-9.60100197799994 -76.9931288609999,-9.60051760299996 -76.9928104859999,-9.60034960299993 -76.992624986,-9.60016210299995 -76.992382861,-9.59977147699993 -76.9922714859999,-9.59938085299996 -76.9922714859999,-9.59909960199997 -76.992197236,-9.59876560299995 -76.991972737,-9.59815022799995 -76.991992237,-9.59787110299993 -76.9920097359999,-9.59751560299998 -76.992103486,-9.59723635199998 -76.992066361,-9.59690035299997 -76.992066361,-9.59678910199995 -76.991898487,-9.59669535299997 -76.991599612,-9.59667772799997 -76.991300736,-9.59665822799997 -76.9908652359999,-9.59646285299993 -76.9900038609999,-9.59617572699995 -76.989101611,-9.59547847699997 -76.9887734869999,-9.59498635299997 -76.988650362,-9.59429097699996 -76.988527361,-9.59330660299997 -76.988240237,-9.59248635199998 -76.988240236,-9.59174810299993 -76.988732361,-9.59031247799993 -76.988896486,-9.58912310299996 -76.989019486,-9.58777147699993 -76.9889786109999,-9.58711522699997 -76.988861362,-9.58616597699995 -76.988937487,-9.58563872799994 -76.989142611,-9.58485935299996 -76.989470736,-9.58371097699995 -76.989757861,-9.58309572799993 -76.989921861,-9.58252347699994 -76.989880861,-9.58178510199997 -76.989921861,-9.58116997799993 -76.9901271109999,-9.58039060299996 -76.990249986,-9.57977535299995 -76.990208861,-9.57936522699993 -76.989757861,-9.57903710299996 -76.989142612,-9.57858610199997 -76.9881582369999,-9.57850385199993 -76.9872968619999,-9.57895510299994 -76.986451111,-9.57878710199998 -76.985984361,-9.57838085199995 -76.985289111,-9.57780660199995 -76.984591736,-9.57747847699994 -76.984099611,-9.57739647799997 -76.983320361,-9.57735547799996 -76.983145986,-9.57726772799998 -76.983023486,-9.57713085199993 -76.9829679859999,-9.57697222799993 -76.982705111,-9.57600385299997 -76.9824999859999,-9.57526560199994 -76.9822128609999,-9.57448635199995 -76.982171861,-9.57395310299995 -76.982171861,-9.57337885199996 -76.9819257359999,-9.57292772699998 -76.981843861,-9.57239447799998 -76.982089861,-9.57169722799995 -76.982171861,-9.56993560299998 -76.982171861,-9.56899235299994 -76.982089861,-9.56845885199994 -76.981802736,-9.56792560199995 -76.981802737,-9.56747460199995 -76.981679736,-9.56681835299997 -76.981679737,-9.56628510199994 -76.981515612,-9.56542385199998 -76.9811874869999,-9.56497260199995 -76.9802441109999,-9.56403122699993 -76.9791797359999,-9.56321097699993 -76.9783183609999,-9.56296485199994 -76.9769648609999,-9.56321097699993 -76.974976611,-9.56336522699996 -76.9728319869999,-9.56291797799997 -76.971847611,-9.56240622699994 -76.9683124869999,-9.56193947799994 -76.967371111,-9.56148822799997 -76.9651972359999,-9.56066797799997 -76.962859361,-9.56017560299995 -76.959826111,-9.55968360199995 -76.957652361,-9.56009385299996 -76.956257861,-9.56050385299994 -76.955111361,-9.56029885299995 -76.954578111,-9.55931447799998 -76.9541679869999,-9.55825010299998 -76.953945361,-9.55637110299995 -76.9540703609999,-9.55551372699995 -76.9540819859999,-9.55517185299993 -76.9540683609999,-9.55432622799998 -76.954136736,-9.55335947699996 -76.954027361,-9.55222847799996 -76.9538086109999,-9.55154685299993 -76.953414111,-9.55063297699996 -76.953168112,-9.54988472699995 -76.952908236,-9.54852147799994 -76.9528944859999,-9.54781247799997 -76.953089862,-9.54726172699998 -76.953218737,-9.54710935199995 -76.953529236,-9.54674022799998 -76.9538417369999,-9.54629097799994 -76.954246111,-9.54581835299996 -76.955015611,-9.54413672799996 -76.955117236,-9.54344335299993 -76.955095737,-9.54268947799994 -76.954767611,-9.54217972699996 -76.954097611,-9.54152735199995 -76.953384736,-9.54101947799995 -76.952488236,-9.54046872799995 -76.9516719869999,-9.53983610199998 -76.950898486,-9.53918360199998 -76.949777361,-9.53759372699994 -76.9490839859999,-9.53700385299993 -76.9481874859999,-9.53669722699993 -76.947025361,-9.53649410199995 -76.9459667359999,-9.53616797799998 -76.9451913619999,-9.53584372699993 -76.944417986,-9.53492385299995 -76.9439979859999,-9.53374610299994 -76.9423749859999,-9.53091597799994 -76.9415586109999,-9.52988085199996 -76.939414111,-9.52794922799995 -76.938009736,-9.52657810199997 -76.9375507359999,-9.52536722799994 -76.937486362,-9.52459760299996 -76.937681611,-9.52397072799994 -76.937994111,-9.52327935199997 -76.938599611,-9.52215235199998 -76.9386992359999,-9.52179097799996 -76.938769486,-9.52131447799997 -76.938822236,-9.52103122799997 -76.938898486,-9.52047660199997 -76.938890611,-9.52022460199993 -76.9387207359999,-9.51955272699996 -76.938593736,-9.51904672699993 -76.938550861,-9.51871285199996 -76.938408236,-9.51842772699996 -76.9381621109999,-9.51801947699994 -76.938072236,-9.51776760199994 -76.938023486,-9.51705860299995 -76.938052736,-9.51614447799994 -76.938093736,-9.51556835299994 -76.938234361,-9.51504885199995 -76.938542986,-9.51444535199994 -76.938851611,-9.51391210299994 -76.9392871109999,-9.51298435299998 -76.9395839859999,-9.51243560299997 -76.9398769859999,-9.51177722799997 -76.940185486,-9.51083597699994 -76.940228486,-9.51011910299997 -76.940046986,-9.50920697699996 -76.939917986,-9.50858397799993 -76.939943361,-9.50824822699997 -76.9400741109999,-9.50793747799997 -76.940189486,-9.50752147699995 -76.9401249859999,-9.50727535199997 -76.940007861,-9.50701560199997 -76.939660111,-9.50666597799994 -76.9390332359999,-9.50551172699994 -76.938318361,-9.50450385299996 -76.9381073609999,-9.50388472799995 -76.937982361,-9.50238085299998 -76.938023486,-9.50031635199997 -76.9381367359999,-9.49881647799998 -76.938277361,-9.49753710199997 -76.938386737,-9.49656635199995 -76.9384746109999,-9.49526160299996 -76.938542986,-9.49374410199994 -76.938542986,-9.49228322699997 -76.938619111,-9.49169922699997 -76.9387499859999,-9.49142572799997 -76.938919861,-9.49113472699997 -76.939183612,-9.49083397699997 -76.939427737,-9.49058985199997 -76.939746111,-9.49033597699997 -76.940220736,-9.48964260199995 -76.940751986,-9.48870310299998 -76.941712862,-9.48702735199993 -76.942246111,-9.48605660299995 -76.9432734869999,-9.48488672799994 -76.944751986,-9.48300785299995 -76.9459961109999,-9.48120122799997 -76.946566361,-9.48025785199997 -76.947281236,-9.47965235299995 -76.9476777359999,-9.47897460299993 -76.9478729859999,-9.47802735299996 -76.948052736,-9.47719922699997 -76.9484257359999,-9.47622072699994 -76.950009736,-9.47481447699994 -76.9509726109999,-9.47296097799995 -76.951701111,-9.47129297699996 -76.952333987,-9.46969722699993 -76.953154236,-9.46867385299993 -76.953294861,-9.46747847699993 -76.9530488619999,-9.46663285199998 -76.9524277359999,-9.46601172799996 -76.951958986,-9.46528322799998 -76.9513476119999,-9.46453122699995 -76.950831986,-9.46338285199994 -76.950244111,-9.46190235299997 -76.949540986,-9.46049397699994 -76.9490468609999,-9.45941410199993 -76.948671861,-9.45798247799996 -76.9482734859999,-9.45692572799993 -76.948083987,-9.45608010299998 -76.9482734859999,-9.45507222799995 -76.948632862,-9.45392185299994 -76.948665986,-9.45313872699995 -76.9484823609999,-9.45268747799997 -76.9478964859999,-9.45204297699996 -76.9469082369999,-9.45197847699995 -76.946068361,-9.45200197699995 -76.945345736,-9.45158197799998 -76.944785111,-9.45125385199998 -76.944164111,-9.45058785199996 -76.9418242369999,-9.44946285199995 -76.9404159859999,-9.44858197799994 -76.939747986,-9.44763285199997 -76.939349611,-9.44712310199998 -76.938593736,-9.44560935199996 -76.9375566109999,-9.44368560199996 -76.9359648609999,-9.44262310299996 -76.935314486,-9.44214260199993 -76.934962861,-9.44154510199996 -76.934470736,-9.44049022699994 -76.934081986,-9.43922247699993 -76.933835986,-9.43788485299996 -76.9331679859999,-9.43675972799997 -76.9328163609999,-9.43651372699998 -76.932007861,-9.43619722699998 -76.9312519859999,-9.43531635299996 -76.930671861,-9.43446097799995 -76.930304736,-9.43318560199998 -76.929947236,-9.43135347699996 -76.929658237,-9.43038085199993 -76.9292382369999,-9.42780072699998 -76.9292441109999,-9.42613472699998 -76.9296269869999,-9.42527735299996 -76.930304736,-9.42315235199993 -76.9312128619999,-9.41987885199995 -76.931267611,-9.41953510299993 -76.932121111,-9.41786735299996 -76.933333986,-9.41597247799996 -76.934976611,-9.41362497799997 -76.935869111,-9.41108985199998 -76.936290986,-9.40897660299993 -76.936337861,-9.40700585299993 -76.936080112,-9.40585160199993 -76.936287111,-9.40422072799993 -76.9359863609999,-9.40155472799995 -76.935611361,-9.39975197699994 -76.935236236,-9.39854885199998 -76.934333986,-9.39746097699998 -76.932832111,-9.39640835199998 -76.9317422359999,-9.39535747799994 -76.930953111,-9.39385347799993 -76.9306523609999,-9.39314060199996 -76.9298261119999,-9.39276560199994 -76.928812487,-9.39261522799995 -76.9281738609999,-9.39261522699996 -76.927460986,-9.39283985299994 -76.9262031109999,-9.39285347699996 -76.924914111,-9.39222260199995 -76.924132861,-9.39153122799996 -76.924072236,-9.39018160199993 -76.924445361,-9.38700385199996 -76.924331986,-9.38631635299993 -76.924324237,-9.38459585199996 -76.923956986,-9.38253322799994 -76.923431611,-9.38098822699993 -76.923431611,-9.38070122799996 -76.922958986,-9.37909760199994 -76.921562486,-9.37721285199996 -76.920341736,-9.37504097699997 -76.9198144869999,-9.37383985199995 -76.9191601109999,-9.37203122799997 -76.9189081119999,-9.37113085199996 -76.918550736,-9.37043747699994 -76.917900361,-9.36950785199997 -76.917062486,-9.36907222799994 -76.916206986,-9.36868560299996 -76.9155682369999,-9.36833397699996 -76.914898611,-9.36803122699996 -76.9138906109999,-9.36776372699995 -76.913251986,-9.36767985299997 -76.912027361,-9.36794722699995 -76.911001986,-9.36845897699993 -76.909585986,-9.36854885199995 -76.9085859859999,-9.36792772699994 -76.907818236,-9.36689260199995 -76.906859361,-9.36574022699995 -76.906513611,-9.36501172699997 -76.9060507359999,-9.36382222699996 -76.905246112,-9.36263285199993 -76.904095736,-9.36209560199995 -76.902790986,-9.36124997699994 -76.901525362,-9.36036910199994 -76.900603361,-9.35906635199996 -76.900105486,-9.35714447799995 -76.9002207359999,-9.35503510199993 -76.9002578609999,-9.35303910299996 -76.899951111,-9.35092972799993 -76.899570361,-9.34935547699996 -76.899189486,-9.34848047699995 -76.8985839859999,-9.34801372699997 -76.897978487,-9.34759572799993 -76.897513611,-9.34680472699995 -76.897001986,-9.34582622699998 -76.896720736,-9.34475585299998 -76.895882862,-9.34210160299995 -76.895044737,-9.34061322699995 -76.8949531109999,-9.33930860299995 -76.8946738609999,-9.33833197699994 -76.8943007359999,-9.33767972799996 -76.8943007359999,-9.33670122699993 -76.894152361,-9.33396685199995 -76.8935527359999,-9.33282422699995 -76.8929159859999,-9.33196097699994 -76.891664111,-9.33111910299993 -76.8906698609999,-9.33053910199993 -76.889490236,-9.32973435199995 -76.888589861,-9.32928510199997 -76.886607361,-9.32853510199993 -76.884212861,-9.32765622799997 -76.8829003609999,-9.32715035299998 -76.881831986,-9.32668160199995 -76.8809101109999,-9.32570122799996 -76.879773486,-9.32430660299997 -76.878747986,-9.32308785199996 -76.878365236,-9.32130860199993 -76.878408236,-9.31855660199994 -76.8782344859999,-9.31804097699995 -76.8778847359999,-9.31769922799998 -76.877189486,-9.31730072699997 -76.876380861,-9.31724810299994 -76.8756874859999,-9.31684960199993 -76.874679611,-9.31630072699994 -76.8737304859999,-9.31570897699993 -76.872734361,-9.31528910199995 -76.872076111,-9.31516597799998 -76.8709082359999,-9.31485747699998 -76.870263611,-9.31442772699995 -76.8700976109999,-9.31407035199993 -76.869953111,-9.31352147699994 -76.869740236,-9.31264060199993 -76.8692382359999,-9.31149610199998 -76.868624986,-9.31057422799995 -76.868236361,-9.30985747699998 -76.8676328609999,-9.30912710199993 -76.8666816109999,-9.30834960199996 -76.866074361,-9.30758597699997 -76.866027361,-9.30657422699994 -76.866074361,-9.30585935199997 -76.866199237,-9.30533010299996 -76.8664628609999,-9.30500385299996 -76.8668047369999,-9.30456835199993 -76.867706986,-9.30369535199998 -76.8681191109999,-9.30301172699996 -76.868929736,-9.30203322699998 -76.869714862,-9.30143747699998 -76.8700976119999,-9.30091410199998 -76.870002111,-9.30034185299996 -76.869906236,-9.29979297699998 -76.8698242359999,-9.29913672699996 -76.869790987,-9.29821872699995 -76.8695292359999,-9.29750372799998 -76.8691854859999,-9.29650785199993 -76.868906236,-9.29563672699993 -76.868734361,-9.29409572699996 -76.8687266109999,-9.29274997699997 -76.8678984859999,-9.29126760199995 -76.866525361,-9.29049222699996 -76.863814486,-9.29014060199995 -76.862581986,-9.28961322699996 -76.8611386109999,-9.28961322799995 -76.859414111,-9.28982422699994 -76.856351611,-9.29007035199993 -76.855470736,-9.28968360299996 -76.8545567359999,-9.28852147699996 -76.8536054859999,-9.28658397699996 -76.852726611,-9.28485935199996 -76.8525136109999,-9.28352147799995 -76.852831986,-9.28193947699998 -76.853218736,-9.28059960199994 -76.853429736,-9.27905072799996 -76.8533339859999,-9.27853910299996 -76.8530957359999,-9.27806447799998 -76.8527773609999,-9.27779685199994 -76.852331986,-9.27727735199994 -76.851773486,-9.27686722699997 -76.851214861,-9.27627347799995 -76.850062486,-9.27519535199997 -76.8488729859999,-9.27374410199997 -76.847943361,-9.27218360299997 -76.847943361,-9.27177347699995 -76.847980486,-9.27099397699993 -76.847906236,-9.27017572699998 -76.848183611,-9.26899610199996 -76.848230486,-9.26768747699998 -76.848206986,-9.26704497699995 -76.8480644859999,-9.26661522699993 -76.847540986,-9.26606835199993 -76.8472304859999,-9.26537885199997 -76.846898486,-9.26461722699997 -76.846706986,-9.26421285299995 -76.845945361,-9.26347460199997 -76.844613236,-9.26240435199998 -76.843519611,-9.26190435199993 -76.8428398619999,-9.26172847799995 -76.842294861,-9.26173435199996 -76.841474611,-9.26201560199996 -76.8399003609999,-9.26251172799994 -76.8382382359999,-9.26281247699995 -76.836809736,-9.26347510299996 -76.835863236,-9.26391410199994 -76.834546861,-9.26499222699994 -76.833964861,-9.26600785199997 -76.8338144859999,-9.26717172799994 -76.8337694859999,-9.26874810199996 -76.8338086109999,-9.26984185199996 -76.8333086109999,-9.27135160199998 -76.833148486,-9.27212310199997 -76.833138611,-9.27410935199993 -76.8329589859999,-9.27540035199996 -76.832775361,-9.27616597699995 -76.832574236,-9.27747460199993 -76.832210986,-9.27894722699995 -76.832242111,-9.27989847699996 -76.8323906109999,-9.28054297799997 -76.832474611,-9.28118747799994 -76.8324707359999,-9.28146685199994 -76.832328111,-9.28181835199996 -76.8318632359999,-9.28227147799993 -76.8316054859999,-9.28269135199997 -76.831494236,-9.28303510199993 -76.831470736,-9.28342772699995 -76.831396486,-9.28370697799994 -76.830855486,-9.28452347699994 -76.830685487,-9.28491797699996 -76.830542986,-9.28561122699995 -76.8301307359999,-9.28686910199997 -76.8299141109999,-9.28784185199993 -76.8298417359999,-9.28844535199994 -76.829455111,-9.29061322699994 -76.828695361,-9.29240822699995 -76.828574236,-9.29306835199998 -76.8279784859999,-9.29399222699993 -76.8276913609999,-9.29427535299993 -76.827054736,-9.29476560199993 -76.8263633609999,-9.29679297699994 -76.826316361,-9.29687310199995 -76.826099611,-9.29724410199998 -76.825925736,-9.29768360199995 -76.825611361,-9.29825385199996 -76.8249394859999,-9.29982222799993 -76.824726611,-9.30015622699995 -76.8240448609999,-9.30147660299997 -76.823650361,-9.30212110299993 -76.8225917359999,-9.30416010299996 -76.821656236,-9.30540235299998 -76.820960986,-9.30606635199996 -76.820353486,-9.30660160299993 -76.819968736,-9.30712885199995 -76.8187226109999,-9.30916797799995 -76.817802736,-9.31021685199994 -76.817394486,-9.31165435199995 -76.817183611,-9.31198835199996 -76.816841736,-9.31269722699994 -76.815923861,-9.31417185299995 -76.815040986,-9.31627347699998 -76.814755861,-9.31742385199993 -76.814673861,-9.31840435199996 -76.814976611,-9.31960747699998 -76.815017611,-9.31997260199995 -76.814951111,-9.32053122699995 -76.8148398609999,-9.32089847699996 -76.8148104859999,-9.32217772699994 -76.814658236,-9.32268947799997 -76.814349611,-9.32348047699998 -76.814113236,-9.32391010299995 -76.814044861,-9.32426372699996 -76.814076112,-9.32513472699998 -76.814167986,-9.32550785199993 -76.814374986,-9.32600785199998 -76.814339861,-9.32615035299995 -76.814062486,-9.32650585199997 -76.8134374859999,-9.32709572699997 -76.813380861,-9.32713085199993 -76.812839986,-9.32747072699993 -76.8126249859999,-9.32766597699998 -76.8122968609999,-9.32787885199997 -76.810482361,-9.32876760199997 -76.8100722359999,-9.32906247799997 -76.8095391109999,-9.32930072699997 -76.809060486,-9.32961322699998 -76.8075292359999,-9.33026372699993 -76.806915986,-9.33067772799996 -76.804568361,-9.33162885199994 -76.8039218609999,-9.33170122699994 -76.8025038609999,-9.33156247699998 -76.802195361,-9.33154497699996 -76.8003281109999,-9.33183785199998 -76.800247986,-9.33183010199997 -76.7984453609999,-9.33164260199993 -76.797058611,-9.33171872699995 -76.7964179859999,-9.33184960299997 -76.7944941109999,-9.33251160199995 -76.7938397359999,-9.33292772699997 -76.7933104859999,-9.33399610199996 -76.792622986,-9.33478122799994 -76.7922207359999,-9.33516997699996 -76.788540986,-9.33965822699997 -76.787593736,-9.34017772699997 -76.786427736,-9.34047460299996 -76.786085986,-9.34065235199995 -76.7852323609999,-9.34133397699998 -76.784792986,-9.34186910199998 -76.783976611,-9.34236910199996 -76.7830391109999,-9.34269922799996 -76.782671861,-9.34290822799994 -76.781527361,-9.34401760199995 -76.7804726109999,-9.34463872799995 -76.7801913609999,-9.34482810299994 -76.779335986,-9.34542972699995 -76.7791054859999,-9.34567185299994 -76.778425736,-9.34672072799998 -76.7782929859999,-9.34702935299993 -76.778099486,-9.34733397799994 -76.7777187359999,-9.34826760199996 -76.777247986,-9.34903122699995 -76.776822236,-9.34989447799995 -76.776603361,-9.35057797699994 -76.776527361,-9.35080072799997 -76.7763516109999,-9.35116585199995 -76.776007861,-9.35156647699995 -76.775396486,-9.35202935299998 -76.7746386109999,-9.35270310199996 -76.774150361,-9.35302735199997 -76.773857361,-9.35332810199998 -76.773472611,-9.35390622799997 -76.773117236,-9.35466610299994 -76.772816361,-9.35556247699998 -76.772308611,-9.35640435199997 -76.771689486,-9.35766997699994 -76.7714724859999,-9.35801560199997 -76.771206986,-9.35864060199998 -76.7707246109999,-9.35949022699998 -76.7704531109999,-9.36027935199996 -76.770134861,-9.36190035199996 -76.7699257359999,-9.36246285199996 -76.769790986,-9.36271097699995 -76.769378861,-9.36303510199997 -76.769113236,-9.36311135299997 -76.768871111,-9.36325785199995 -76.7679999859999,-9.36363872799996 -76.7671347359999,-9.36424222699998 -76.765835986,-9.36547460299994 -76.765589861,-9.36579097699996 -76.765040986,-9.36700585199998 -76.7646191109999,-9.36719535199995 -76.764134736,-9.36699810199997 -76.762966736,-9.36608785199996 -76.762285111,-9.36542385299998 -76.7611017359999,-9.36438872699995 -76.760337861,-9.36392972699997 -76.759070486,-9.36339647799997 -76.758552736,-9.36312310199997 -76.758080111,-9.36278710199997 -76.757488236,-9.36219722799996 -76.756937486,-9.36076947699996 -76.7556679859999,-9.35865435199997 -76.754915986,-9.35717185199996 -76.7548339859999,-9.35709372799994 -76.754781236,-9.35652535199995 -76.7545703609999,-9.35568560199994 -76.7545371109999,-9.35529497799996 -76.7540527359999,-9.35403710299994 -76.7537597359999,-9.35347660199994 -76.7535176109999,-9.35319922799994 -76.7528886109999,-9.35271097699996 -76.752505861,-9.35207410199996 -76.7520937359999,-9.35128510199996 -76.751871111,-9.35073047699996 -76.750820361,-9.34865435199993 -76.750740236,-9.34839847699993 -76.750691361,-9.34762497699995 -76.750587861,-9.34710172699994 -76.750574236,-9.34679497699994 -76.750165986,-9.34581060199997 -76.749869111,-9.34522460199997 -76.749732361,-9.34501172799997 -76.749312486,-9.34442185199993 -76.7493144859999,-9.34427935199994 -76.748638611,-9.34226947699995 -76.748296861,-9.34101760299995 -76.747558611,-9.33906635199997 -76.7469941109999,-9.33814260299994 -76.7461698609999,-9.33661722799997 -76.746011736,-9.33620122699995 -76.745796861,-9.33582622699993 -76.7453398609999,-9.33522072799997 -76.744837861,-9.33482222699996 -76.743738236,-9.33418560199993 -76.7433749859999,-9.33403710199997 -76.742929611,-9.33375785199996 -76.742685486,-9.33367185199995 -76.7422088609999,-9.33336322799994 -76.741913986,-9.33303322699993 -76.741792986,-9.33282035199994 -76.7416972359999,-9.33275585199993 -76.741212861,-9.33192772699994 -76.7403339859999,-9.33080272699993 -76.740226611,-9.33023247799997 -76.740222611,-9.32933597699997 -76.740298861,-9.32841210199996 -76.740437486,-9.32751360299994 -76.740441361,-9.32705472799995 -76.740441361,-9.32658985199993 -76.740511736,-9.32622260199997 -76.740515611,-9.32569335299996 -76.740585986,-9.32546097699998 -76.7405839859999,-9.32504685199996 -76.740513611,-9.32470885199996 -76.740497986,-9.32426372699996 -76.740421861,-9.32414660199993 -76.7403104859999,-9.32346097699997 -76.7402849859999,-9.32298635199993 -76.740197236,-9.32251372699994 -76.739904236,-9.32170697699996 -76.7395644859999,-9.32107622699993 -76.739402236,-9.32021885199993 -76.739376986,-9.31938085199994 -76.739308611,-9.31901172799996 -76.739164111,-9.31859760299994 -76.739068361,-9.31776172699995 -76.739003861,-9.31756635199997 -76.738999986,-9.31708597699998 -76.739177736,-9.31646485299996 -76.7400624859999,-9.31495697699995 -76.740714861,-9.31400197699998 -76.741357361,-9.31258010299996 -76.7416757359999,-9.31129097699994 -76.741677736,-9.31042185299998 -76.741597611,-9.30983197799998 -76.7417382359999,-9.30908010199994 -76.7422499859999,-9.30815035199993 -76.7427439859999,-9.30741410299993 -76.743458986,-9.30652535299993 -76.743763611,-9.30593160199993 -76.743837861,-9.30490822799993 -76.743734361,-9.30403710299993 -76.7431894859999,-9.30288285299997 -76.742693361,-9.30203510199993 -76.742415986,-9.30126560299993 -76.742412111,-9.30095697699994 -76.7425409859999,-9.30023047699996 -76.7429141109999,-9.29969135199997 -76.744165986,-9.29818360199994 -76.744611361,-9.29741797699995 -76.744644486,-9.29713085199995 -76.744402361,-9.29599022699995 -76.744052611,-9.29531447699998 -76.743765611,-9.29463672799994 -76.7423692359999,-9.29304497699997 -76.7417499859999,-9.29217185199997 -76.741509736,-9.29136322699998 -76.7416757359999,-9.28988660199997 -76.7414922359999,-9.28942185199998 -76.7413944859999,-9.28880660199997 -76.7408867359999,-9.28760347799994 -76.7403163609999,-9.28680660199996 -76.739921861,-9.28638085199998 -76.739611361,-9.28565435199994 -76.739445361,-9.28485547699995 -76.7395117359999,-9.28449410199994 -76.7395371109999,-9.28436910199997 -76.7400624859999,-9.28178510199996 -76.740043111,-9.27946472699995 -76.7397871109999,-9.27854497699997 -76.7394823609999,-9.27788872799994 -76.739429736,-9.27755660199995 -76.7394863609999,-9.27689060199998 -76.739724611,-9.27573247699996 -76.7397851109999,-9.27477347699994 -76.739742236,-9.27449997699995 -76.7395644859999,-9.27400585199996 -76.739064486,-9.27302535299998 -76.738806611,-9.27265622699997 -76.737443361,-9.27021097699998 -76.7372871109999,-9.26983397799995 -76.736763611,-9.26917585199993 -76.7362109859999,-9.26869922699996 -76.735171861,-9.26815235199996 -76.734867236,-9.26785547699996 -76.734570361,-9.26766797699997 -76.734497986,-9.26762310299995 -76.734253861,-9.26733010199996 -76.7333847359999,-9.26585160199994 -76.732855361,-9.26505472699995 -76.7317461109999,-9.26355272699993 -76.729499986,-9.26098247699997 -76.728947236,-9.26048635199993 -76.726597611,-9.25880072699994 -76.726472611,-9.25859197799997 -76.726277361,-9.25847260199993 -76.726062486,-9.25794535299997 -76.725744111,-9.25663472699995 -76.725749986,-9.25594735199996 -76.725974611,-9.25501760199995 -76.7260722359999,-9.25478510299996 -76.726599611,-9.25365622699996 -76.727126986,-9.25238285299997 -76.727697361,-9.25147847699998 -76.7277499859999,-9.25129497699993 -76.728007861,-9.25103322699994 -76.729642611,-9.24837110199996 -76.729812486,-9.24799410199995 -76.730136736,-9.24753910299995 -76.730494111,-9.24594335199993 -76.730486361,-9.24520510199994 -76.7302656109999,-9.24453710199998 -76.729919861,-9.24409372699995 -76.729640611,-9.24350785199994 -76.729546861,-9.24317772699993 -76.7294784859999,-9.24307422699997 -76.729222611,-9.24267385299993 -76.729048861,-9.24228122699998 -76.728984361,-9.24101947699995 -76.7288729859999,-9.24017385199994 -76.7288944859999,-9.23908985199995 -76.728683611,-9.23776947799996 -76.728271486,-9.23693947699996 -76.727939486,-9.23610747699996 -76.727734361,-9.23542772799993 -76.727683611,-9.23484960199994 -76.727599611,-9.23467560299997 -76.727544861,-9.23418360199997 -76.727706986,-9.23297260299995 -76.727921861,-9.23271485199996 -76.728138611,-9.23208785299994 -76.7283534859999,-9.23171872699993 -76.729009736,-9.23096872699995 -76.729269486,-9.23049022799995 -76.7294374859999,-9.22982035199993 -76.7294922359999,-9.22914847799996 -76.729845736,-9.22771285199997 -76.730206986,-9.22670510199993 -76.7305312359999,-9.22555072699993 -76.730619111,-9.22485160299993 -76.7306269859999,-9.22444922699998 -76.730761736,-9.22393172699998 -76.731005861,-9.22255272699994 -76.731384861,-9.22161135199997 -76.7316933609999,-9.22037685199996 -76.732091736,-9.21925972699995 -76.7322461109999,-9.21855072699998 -76.732404236,-9.21819335199996 -76.7325879859999,-9.21791997799994 -76.732728486,-9.21752147699993 -76.732888611,-9.21722847699994 -76.733546861,-9.21634572699998 -76.734078111,-9.21537497699995 -76.734152361,-9.21486910199997 -76.733990236,-9.21390235199993 -76.734050736,-9.21359760299993 -76.734359361,-9.21286135299994 -76.734367236,-9.21217972799997 -76.7342051109999,-9.21134572699998 -76.734074236,-9.21087497699995 -76.733740236,-9.20979097699995 -76.733734361,-9.20896685199995 -76.733837861,-9.20866797699995 -76.734013611,-9.20836722699994 -76.7345273609999,-9.20773247799997 -76.734884736,-9.20717385199993 -76.7352342359999,-9.20624610199997 -76.735738236,-9.20519722699993 -76.736638611,-9.20373247799995 -76.7368904859999,-9.20323635199998 -76.737095736,-9.20295897699998 -76.737433611,-9.20261722699996 -76.738767611,-9.20145710199995 -76.739132861,-9.20090435199995 -76.7395547359999,-9.20026372699994 -76.739880861,-9.19951947699997 -76.7400488609999,-9.19898435299996 -76.740412111,-9.19808197799995 -76.740464861,-9.19782622799994 -76.740546861,-9.19774410199994 -76.7406132359999,-9.19736322699993 -76.740714861,-9.19706447699997 -76.7414257359999,-9.19602535199994 -76.742708986,-9.19487697699998 -76.743521486,-9.19435935199994 -76.744320361,-9.19367185199997 -76.744650361,-9.19338672699996 -76.745146486,-9.19291410199997 -76.7453319859999,-9.19282222699997 -76.746099611,-9.19212310199993 -76.747497986,-9.19058197699997 -76.748005861,-9.19014260199998 -76.748787111,-9.18932035199998 -76.748900361,-9.18905860199993 -76.750287111,-9.18714847799993 -76.7514354859999,-9.18589060199997 -76.752206986,-9.18526560199996 -76.7534472359999,-9.18442185199996 -76.7545527359999,-9.18353322699994 -76.755165986,-9.18296097699994 -76.7554238609999,-9.18280472699996 -76.756294861,-9.18201560199998 -76.7567597359999,-9.18169535299995 -76.756869111,-9.18153122699994 -76.7571466109999,-9.18110547699996 -76.757453111,-9.18074810199994 -76.758941361,-9.17953710299997 -76.7590136109999,-9.17936910199995 -76.759138611,-9.17925385299998 -76.759494111,-9.17858597699995 -76.759820361,-9.17815435199998 -76.7607304859999,-9.17718360199996 -76.761378861,-9.17656060199994 -76.7620761109999,-9.17574410299994 -76.762523486,-9.17515035199995 -76.763162111,-9.17417772699997 -76.763566361,-9.17322460199995 -76.764372986,-9.17183985199995 -76.764724611,-9.17137497699997 -76.7657402359999,-9.17030072699993 -76.765849611,-9.16975385199993 -76.766660111,-9.16814060199994 -76.766771486,-9.16767760299996 -76.766822111,-9.16683397699995 -76.767001986,-9.16632422799995 -76.767318361,-9.16573047699995 -76.7676698609999,-9.16480072699994 -76.7677559859999,-9.16408397699996 -76.767642611,-9.16320122699994 -76.7676698609999,-9.16238872699995 -76.767630861,-9.16170897699993 -76.767507861,-9.16129297699996 -76.767230486,-9.15972847699993 -76.767230486,-9.15926172699994 -76.7673944859999,-9.15815622699995 -76.767906236,-9.15721685199998 -76.768189486,-9.15662697699997 -76.768453111,-9.15633010199997 -76.769271486,-9.15536722799993 -76.770099611,-9.15464060199997 -76.770621111,-9.15438672699997 -76.771150486,-9.15405860199996 -76.772527361,-9.15350385199997 -76.7735429859999,-9.15272847699993 -76.773677736,-9.15258397799994 -76.774339861,-9.15157422699997 -76.774794861,-9.15104497699997 -76.775179736,-9.15068947699996 -76.776177736,-9.15021485199998 -76.778316361,-9.14948047699994 -76.7788007359999,-9.14898822699996 -76.779228486,-9.14844135299995 -76.779499986,-9.14822072699997 -76.7799648609999,-9.14759572699995 -76.780080111,-9.14732810199996 -76.781201111,-9.14619147699995 -76.7824804859999,-9.14520135199996 -76.7827871109999,-9.14503910199994 -76.783164111,-9.14491210299997 -76.784488236,-9.14488097699996 -76.784960986,-9.14481447699995 -76.785236361,-9.14467772699993 -76.785412111,-9.14458985199997 -76.786054736,-9.14408785199993 -76.7863496109999,-9.14376172699997 -76.787040986,-9.14317010199994 -76.7880371109999,-9.14201172699995 -76.7883984859999,-9.14164647699994 -76.788622986,-9.14133597699993 -76.788775361,-9.14103710199993 -76.788812486,-9.14076947699994 -76.788773486,-9.14033785199996 -76.788671861,-9.14000585199994 -76.788412111,-9.13962697699998 -76.787921861,-9.13920510199995 -76.787640611,-9.13881060199998 -76.787583986,-9.13857810199994 -76.787570361,-9.13816210299996 -76.787626986,-9.13779897799998 -76.787839861,-9.13723822699995 -76.788210986,-9.13658985199993 -76.788580111,-9.13623822699998 -76.789355486,-9.13581447699994 -76.7899961109999,-9.13562697699996 -76.7905448609999,-9.13554497699994 -76.7914492359999,-9.13521685199993 -76.791878861,-9.13497847699995 -76.793128861,-9.13409572699993 -76.794872986,-9.13332810199995 -76.796482361,-9.13277347699994 -76.797203111,-9.13244335199994 -76.7981113609999,-9.13225972699996 -76.798539111,-9.13217972699994 -76.799347611,-9.13192572699995 -76.800298861,-9.13175197699996 -76.802310486,-9.13153510199993 -76.803447236,-9.13128710199993 -76.8044511109999,-9.13092772699997 -76.8054376109999,-9.13082222699995 -76.8063474859999,-9.13059572699996 -76.807222611,-9.13052535199995 -76.8075781109999,-9.13043360199993 -76.809326111,-9.13062110199996 -76.811091736,-9.13064447699998 -76.811658236,-9.13049022699994 -76.812417986,-9.13056060199995 -76.813320486,-9.13052535299994 -76.813658237,-9.13054885199995 -76.814630736,-9.13049810199993 -76.815794861,-9.13021685199993 -76.815871111,-9.13019535199993 -76.816455111,-9.12991797799998 -76.816886736,-9.12964260199993 -76.816939486,-9.12958010199998 -76.817722611,-9.12862497699996 -76.817851611,-9.12832422699995 -76.818044861,-9.12742185199994 -76.8181621109999,-9.12723047699996 -76.818566361,-9.12656060199993 -76.8187343609999,-9.12596285199993 -76.818962861,-9.12542572699994 -76.8192694859999,-9.12503322699996 -76.819734361,-9.12463085199994 -76.820277361,-9.12426560199998 -76.8209589859999,-9.12399410199993 -76.821994111,-9.12382035199994 -76.822562486,-9.12363085199996 -76.823037111,-9.12354685199995 -76.823546861,-9.12353322699994 -76.824066361,-9.12352935199993 -76.8254472359999,-9.12346485199993 -76.8276444859999,-9.12339635299998 -76.828376986,-9.12326372699994 -76.828826111,-9.12314447699993 -76.829554736,-9.12295122699993 -76.8301933609999,-9.12289260199998 -76.831365236,-9.12263672699993 -76.831423861,-9.12262497699993 -76.832109236,-9.12247660199995 -76.832525361,-9.12233597699998 -76.8332167359999,-9.12209960199993 -76.8346093609999,-9.12113472699997 -76.8351874859999,-9.12056835199996 -76.8359041109999,-9.11963472699995 -76.8362772359999,-9.11931447699993 -76.8366426119999,-9.11907810199995 -76.836984361,-9.11902347699993 -76.8374257359999,-9.11909360199996 -76.8382343609999,-9.11947460199997 -76.8388593609999,-9.11955660199993 -76.8394238609999,-9.11955660199993 -76.839816362,-9.11948247699996 -76.840380861,-9.11947260199997 -76.8413711109999,-9.11929685199993 -76.841464861,-9.11923635299996 -76.842015611,-9.11889447699997 -76.842394486,-9.11852935199994 -76.842513611,-9.11847260199994 -76.8433203609999,-9.11808785199997 -76.8441484859999,-9.11759585299995 -76.844537111,-9.11748635199996 -76.845359361,-9.11739060199994 -76.846146486,-9.11712697699994 -76.846535111,-9.11695122699996 -76.847345736,-9.11629097699995 -76.8483769859999,-9.11531635199998 -76.848706987,-9.11507810199993 -76.848956986,-9.11496872699996 -76.850437486,-9.11462310199994 -76.851046861,-9.11459960199994 -76.852437486,-9.11475972699998 -76.854042986,-9.11519147799993 -76.854142611,-9.11519335199995 -76.8549999859999,-9.11521097699995 -76.855478486,-9.11515435199993 -76.856749986,-9.11474222699997 -76.857031236,-9.11473047699997 -76.8574667359999,-9.11482035199998 -76.857900361,-9.11524222799994 -76.858312486,-9.11552735199996 -76.858818361,-9.11563472699993 -76.859167986,-9.11564060199993 -76.8600391109999,-9.11517972699994 -76.8609297359999,-9.11506447699998 -76.861884736,-9.11486722699993 -76.8623672369999,-9.11470510299995 -76.863189486,-9.11462885199995 -76.865058736,-9.11475972699998 -76.867107361,-9.11447260299997 -76.867814486,-9.11443360199996 -76.869054736,-9.11407035199994 -76.869972611,-9.11360347699997 -76.870744111,-9.11331635199997 -76.871378861,-9.11289435199996 -76.871841736,-9.11266410199994 -76.872388611,-9.11224997699998 -76.8726054859999,-9.11218160199996 -76.8731621109999,-9.11177347699993 -76.8744979859999,-9.11053910199996 -76.875316361,-9.10994335199996 -76.876033236,-9.10932622699994 -76.876357361,-9.10916210199997 -76.876937486,-9.10905072699995 -76.877646361,-9.10900972699994 -76.8781073609999,-9.10888485199996 -76.878414111,-9.10866010199993 -76.8787597359999,-9.10824235199993 -76.879107361,-9.10792772699995 -76.8806894859999,-9.10686322699996 -76.881316361,-9.10655660199996 -76.881960986,-9.10639835199993 -76.8823437359999,-9.10618947699993 -76.882660111,-9.10579297699996 -76.882833987,-9.10539847799993 -76.883054736,-9.10504497699998 -76.884230486,-9.10408785199996 -76.884724611,-9.10378322799994 -76.885851611,-9.10335935199993 -76.886738236,-9.10294535199995 -76.887318361,-9.10253510199993 -76.888119111,-9.10181447699995 -76.888599611,-9.10148247699993 -76.888738111,-9.10143360199993 -76.888855486,-9.10131835199996 -76.889451111,-9.10112497699993 -76.890037112,-9.10107035199997 -76.8902109859999,-9.10116010199994 -76.890466736,-9.10119922699994 -76.890626986,-9.10130272699996 -76.890861361,-9.10135347699998 -76.8910703609999,-9.10146685199993 -76.891402361,-9.10152147699995 -76.891505861,-9.10150960199996 -76.891720736,-9.10148247699993 -76.892175736,-9.10125385199996 -76.892642612,-9.10083597699997 -76.893621111,-9.09964847699996 -76.893789111,-9.09952535199994 -76.894130861,-9.09939447699998 -76.8946679859999,-9.09932035199995 -76.895624986,-9.09934185199995 -76.896220736,-9.09927535199995 -76.896806611,-9.09903910199995 -76.896968611,-9.09888085199998 -76.8971894859999,-9.09843560199994 -76.8973573609999,-9.09730072699995 -76.897960986,-9.09549222699997 -76.898136736,-9.09532422699994 -76.898915986,-9.09428122699995 -76.8996641109999,-9.09356635199993 -76.9008086109999,-9.09282222699994 -76.901984361,-9.09179297699995 -76.902591736,-9.09077147799997 -76.9027207359999,-9.09054497699998 -76.9033282359999,-9.08950385199995 -76.903507861,-9.08911135199997 -76.9040604859999,-9.08870697699996 -76.905423861,-9.08876160199998 -76.9058867369999,-9.08859572699993 -76.905949236,-9.08851172699997 -76.9066269859999,-9.08761522699996 -76.9077891109999,-9.08619335199995 -76.908460986,-9.08548247699997 -76.908931611,-9.08470510199993 -76.9091444859999,-9.08451185199993 -76.909753861,-9.08415435199993 -76.910189486,-9.08376360199998 -76.911456986,-9.08241997699997 -76.912066361,-9.08158197699993 -76.912314486,-9.08133010199998 -76.912859361,-9.08005272699995 -76.913802736,-9.07836135199994 -76.9147363609999,-9.07734372699997 -76.915695361,-9.07645897699996 -76.916450987,-9.07601760199998 -76.917081986,-9.07577935199993 -76.917398486,-9.07549610199993 -76.9178301119999,-9.07539447699997 -76.918742236,-9.07498047799993 -76.920650361,-9.07477935199995 -76.921374986,-9.07455072699997 -76.922458986,-9.07456635199998 -76.922886736,-9.07445122699994 -76.923404236,-9.07412110199994 -76.924164111,-9.07344922699997 -76.924804737,-9.07304097699995 -76.925730487,-9.07230860199996 -76.926712736,-9.07165622699995 -76.9269863609999,-9.07157222699993 -76.927896486,-9.07107810199994 -76.929371111,-9.07066210199997 -76.929837861,-9.07060547699996 -76.930519486,-9.07063672699996 -76.9309101109999,-9.07077147699994 -76.9311601109999,-9.07096872699998 -76.931996111,-9.07161322699994 -76.932433611,-9.07188085199994 -76.9328926109999,-9.07199022699996 -76.935574236,-9.07262110199997 -76.935783236,-9.07266410199998 -76.9362207359999,-9.07283597699995 -76.9365019859999,-9.07299222699993 -76.9375507359999,-9.07332810199995 -76.938646487,-9.07376772699996 -76.939363236,-9.07390222699996 -76.940257861,-9.07387885199995 -76.9409784859999,-9.07401172699997 -76.941660111,-9.07411910199994 -76.942015611,-9.07412885199994 -76.9423828609999,-9.07419710199997 -76.943396486,-9.07423822699997 -76.944179736,-9.07438085199993 -76.944964736,-9.07441597699994 -76.945341737,-9.07421485199995 -76.9459922359999,-9.07356247699994 -76.9468144859999,-9.07264060199998 -76.9478729859999,-9.07132035299998 -76.948564486,-9.07037697699997 -76.949025362,-9.06953510199997 -76.949128861,-9.06941597699995 -76.9493378609999,-9.06893172699995 -76.9496347369999,-9.06854097699994 -76.9498417359999,-9.06836722699995 -76.9506542359999,-9.06788472699998 -76.9515859859999,-9.06762885199993 -76.952488236,-9.06761910199998 -76.953685486,-9.06729885199996 -76.953982362,-9.06715622699994 -76.954189487,-9.06698435199996 -76.954415986,-9.06689647699994 -76.9560409859999,-9.06598435199993 -76.956203111,-9.06593560199997 -76.956638611,-9.06591597699997 -76.956999986,-9.06595310199998 -76.9571191109999,-9.06601372699993 -76.9583144869999,-9.06661522699994 -76.958751986,-9.06691797699995 -76.958964862,-9.06720510199995 -76.959314611,-9.06742572699994 -76.9596582359999,-9.06776760199995 -76.960070361,-9.06785347699997 -76.960331861,-9.06787110199997 -76.960574236,-9.06788885199995 -76.961476612,-9.06773247699994 -76.961718736,-9.06763472699993 -76.961974611,-9.06744722699995 -76.9621953609999,-9.06717385199994 -76.962683611,-9.06637497699995 -76.963515612,-9.06447260199997 -76.9640878609999,-9.06359185199994 -76.9641464859999,-9.06342185199998 -76.964246111,-9.06332422699995 -76.964361361,-9.06296285199994 -76.964874986,-9.06205860199998 -76.965441361,-9.06106060199994 -76.965658236,-9.06080272699995 -76.966453111,-9.06041210199993 -76.966816361,-9.06035547699997 -76.969015736,-9.06038285199998 -76.9700391109999,-9.06061135199997 -76.970398486,-9.06069722699993 -76.970765612,-9.06096485199993 -76.9711426109999,-9.06125585199993 -76.971505861,-9.06182222699994 -76.971869111,-9.06239847699993 -76.972068361,-9.06260747699997 -76.972121111,-9.06265035199993 -76.972415987,-9.06285747799996 -76.973033237,-9.06317572699993 -76.9739453609999,-9.06335347699996 -76.975154236,-9.06334960199996 -76.9756172359999,-9.06334585199994 -76.975982361,-9.06327347699994 -76.976574237,-9.06326172699994 -76.9769707359999,-9.06318747699993 -76.978492237,-9.06317185199993 -76.979085986,-9.06309372699997 -76.9796757359999,-9.06295122699993 -76.980101611,-9.06291810199997 -76.980210986,-9.06283597699996 -76.980388611,-9.06269922699994 -76.980533361,-9.06249810199995 -76.9805644859999,-9.06229297699997 -76.980533361,-9.06203910199997 -76.980586111,-9.06158985199994 -76.9805604859999,-9.06129297699994 -76.980828236,-9.06069922699993 -76.981021486,-9.06027335199997 -76.9811288609999,-9.05996097699995 -76.9811426109999,-9.05957422699993 -76.980956986,-9.05911910199995 -76.980931611,-9.05828122699995 -76.981048861,-9.05754097699997 -76.981365236,-9.05686910199995 -76.9820351119999,-9.05583197699997 -76.982734361,-9.05516597699994 -76.983281236,-9.05455860199993 -76.984031236,-9.05396872699993 -76.9851016109999,-9.05355472699995 -76.985517611,-9.05351760199994 -76.9858652359999,-9.05339060199998 -76.986398487,-9.05239260199994 -76.986589861,-9.05188285199995 -76.986632861,-9.05164260199996 -76.9869922359999,-9.05116210199998 -76.9872891109999,-9.05088085199998 -76.987640611,-9.05066997699993 -76.987902361,-9.05057035199997 -76.988267612,-9.05032810199998 -76.989189486,-9.05004685199998 -76.990246112,-9.04958385199996 -76.990540987,-9.04927147699993 -76.990824237,-9.04911522699996 -76.9911757359999,-9.04875572699996 -76.991658236,-9.04840235199993 -76.993216736,-9.04762497699994 -76.9945391109999,-9.04713672699995 -76.994619112,-9.04713472699996 -76.994929736,-9.04712697699995 -76.995290986,-9.04699997699993 -76.995585986,-9.04688485199995 -76.995822236,-9.04670510199998 -76.995986361,-9.04635935199997 -76.996040986,-9.04596485199994 -76.996095736,-9.04550197699996 -76.9961913609999,-9.04482422699994 -76.996345736,-9.04424222699993 -76.996714862,-9.04370697699994 -76.997558611,-9.04305272699997 -76.9981679859999,-9.04266010199996 -76.998937486,-9.04212497699996 -76.9997694859999,-9.04174610199993 -77.0004766119999,-9.04108197699998 -77.000617237,-9.04060747699998 -77.000785111,-9.04003322699998 -77.000785111,-9.03934372699996 -77.000718736,-9.03829497699996 -77.0007108619999,-9.03736910199996 -77.000724611,-9.03627935199995 -77.0009336109999,-9.03553322699997 -77.0012891119999,-9.03489847699996 -77.001609362,-9.03429697699994 -77.002021486,-9.03366210199994 -77.002787111,-9.03261910199996 -77.003597736,-9.03224610199993 -77.004343736,-9.03187110199997 -77.0056933609999,-9.03155860199996 -77.006419861,-9.03135347699993 -77.0079141109999,-9.03089647699994 -77.009138611,-9.03039847699995 -77.0098847359999,-9.02987885199997 -77.010923861,-9.02907035199996 -77.0117948609999,-9.02830272699993 -77.013101611,-9.02766010199997 -77.014261736,-9.02730660199995 -77.015218736,-9.02726772699998 -77.016113236,-9.02701560199995 -77.016775362,-9.02662110199998 -77.0171328609999,-9.02588472699995 -77.017269486,-9.02488885199995 -77.017767611,-9.02397460199995 -77.018597611,-9.02325385199993 -77.019982361,-9.02195510199994 -77.020562486,-9.02115235199994 -77.0213104869999,-9.02024222699993 -77.022085986,-9.01982422699996 -77.023384736,-9.01943747699994 -77.0246033609999,-9.01907810199998 -77.025904236,-9.01885547699993 -77.026900486,-9.01855072699993 -77.027841736,-9.01780472699994 -77.028421862,-9.01664260199993 -77.0288652359999,-9.01606247699993 -77.029611361,-9.01556247699995 -77.030220736,-9.01531447699995 -77.0308007369999,-9.01514847699997 -77.031714861,-9.01475972699996 -77.032628862,-9.01423435199996 -77.033404236,-9.01334960199995 -77.033818361,-9.01268560199998 -77.0341229859999,-9.01196685199994 -77.034025361,-9.01095897699997 -77.033996111,-9.00992772699993 -77.0338691109999,-9.00926760199997 -77.033712861,-9.00881060199993 -77.0336348609999,-9.00842185199997 -77.0335937359999,-9.00780272699996 -77.0333163609999,-9.00684760199994 -77.033242237,-9.00553322699994 -77.033201111,-9.00480272699997 -77.033158236,-9.00405660199993 -77.033363236,-9.00320897699993 -77.033785111,-9.00261322699993 -77.034415987,-9.00136322699996 -77.035044861,-9.00067972699998 -77.035708986,-8.99995897699995 -77.036468612,-8.99961522699994 -77.037187487,-8.99928910199998 -77.038216737,-8.99914060199995 -77.039372986,-8.99896697699995 -77.040191361,-8.99884372699995 -77.0417441119999,-8.99839847699997 -77.042927737,-8.99770697699995 -77.044097612,-8.99702147699998 -77.045208986,-8.99611910199997 -77.046343736,-8.99553910199995 -77.047097611,-8.99487497699994 -77.047677737,-8.99482222699993 -77.048505861,-8.99474997699997 -77.049640612,-8.99491010199995 -77.050456987,-8.99502535199997 -77.050951111,-8.99509360199994 -77.051671862,-8.99491010199995 -77.052179736,-8.99478122699998 -77.052527362,-8.99441997699995 -77.052804736,-8.99382622699994 -77.053206986,-8.99322272699993 -77.053585986,-8.99281835199997 -77.053939487,-8.99247847699996 -77.054505986,-8.99222660199996 -77.054960862,-8.99221485199996 -77.055677736,-8.99225197699997 -77.056357362,-8.99223822699997 -77.057427736,-8.99216410199995 -77.058121112,-8.99206247699993 -77.058865236,-8.99211322699995 -77.059646486,-8.99215035199995 -77.060790986,-8.99227735199997 -77.061421861,-8.99237697699994 -77.062228486,-8.99221485199996 -77.0637402359999,-8.99172260199998 -77.064507861,-8.99140822699997 -77.065289111,-8.99115622699998 -77.0660194869999,-8.99091597699993 -77.066712862,-8.99056447699996 -77.067595736,-8.98997072699996 -77.068136736,-8.98960547699994 -77.0686913609999,-8.98934185199994 -77.069685487,-8.98898822699994 -77.0704667369999,-8.98861135199996 -77.071361361,-8.98798047699995 -77.071789111,-8.98733597699993 -77.072154236,-8.98660747699995 -77.072570361,-8.98582622699996 -77.073175737,-8.98517185199995 -77.073841736,-8.98440435199996 -77.074548987,-8.98384960199996 -77.075001986,-8.98355860199996 -77.0757461119999,-8.98321872699995 -77.0765527359999,-8.98306835199998 -77.0776601109999,-8.98270310199996 -77.0788183609999,-8.98213472699996 -77.079714861,-8.98160747699995 -77.080470737,-8.98110347699998 -77.081527361,-8.98034760199994 -77.0821328609999,-8.97990622699996 -77.082662112,-8.97959197699993 -77.083417987,-8.97924997699994 -77.084335987,-8.97891010199993 -77.0851933609999,-8.97841997699993 -77.085849611,-8.97792772699995 -77.086427737,-8.97736135199995 -77.0868944859999,-8.97686910199997 -77.087222611,-8.97637885199993 -77.0875372359999,-8.97593747699995 -77.088040986,-8.97549610199997 -77.0885586109999,-8.97496485199997 -77.089011736,-8.97445122699997 -77.0896288609999,-8.97377347699995 -77.090158236,-8.97306447699998 -77.090648486,-8.97256060199993 -77.091177736,-8.97210747699995 -77.0916953619999,-8.97176760199994 -77.092097611,-8.97156635199997 -77.092412111,-8.97151560199995 -77.0927519859999,-8.97151560199995 -77.093156236,-8.97173047699994 -77.093496236,-8.97207035199995 -77.0938729869999,-8.97252347699998 -77.094353486,-8.97292572699996 -77.094642611,-8.97324997699997 -77.095222612,-8.97394722699994 -77.095661986,-8.97445122699997 -77.0961172359999,-8.97466597699997 -77.0967207369999,-8.97485547699995 -77.097376986,-8.97496485199997 -77.098132861,-8.97482810199995 -77.098697237,-8.97456447699994 -77.0994413609999,-8.97411135199997 -77.100134736,-8.97364447699994 -77.1006269869999,-8.97329297699997 -77.101181611,-8.97304097699993 -77.1020743609999,-8.97281247699993 -77.102591737,-8.97272472699996 -77.102894487,-8.97256060199993 -77.1031426119999,-8.97243360199997 -77.103460986,-8.97227135199995 -77.103749986,-8.97195697699993 -77.104417986,-8.97156635199997 -77.104847611,-8.97144135199994 -77.105728486,-8.97139060199993 -77.106509736,-8.97118747699994 -77.1078828619999,-8.97086135199993 -77.108537112,-8.97065822699994 -77.109244111,-8.97045697699997 -77.1097968609999,-8.97020510199997 -77.110037112,-8.96996685199997 -77.110200987,-8.96960160199995 -77.1102009859999,-8.96917172699995 -77.1100996119999,-8.96880660199997 -77.109773487,-8.96835347699994 -77.109142611,-8.96790035199996 -77.1084374869999,-8.96740822699996 -77.108046862,-8.96683010199996 -77.107693361,-8.96617385199994 -77.1075176109999,-8.96533010199994 -77.107415986,-8.96422072699994 -77.107361361,-8.96363085199994 -77.107177736,-8.96320122699996 -77.106773486,-8.96273435199993 -77.106257861,-8.96238272699998 -77.105501986,-8.96215622699998 -77.104910111,-8.96211722699996 -77.103763611,-8.96204297699995 -77.103027361,-8.96176172699995 -77.102693361,-8.96143747699995 -77.1024902359999,-8.96094722699996 -77.1024902359999,-8.96046685199997 -77.102705112,-8.95977535199995 -77.1030448619999,-8.95894335199995 -77.103271486,-8.95821285199997 -77.103497986,-8.95764447699997 -77.1036367359999,-8.95714060199998 -77.103701111,-8.95680072699997 -77.103585986,-8.95643560199994 -77.1033104859999,-8.95607035199993 -77.102968736,-8.95574410199993 -77.1027929859999,-8.95536522699996 -77.102781237,-8.95505072699996 -77.102919862,-8.95452147699996 -77.103335987,-8.95410547699993 -77.103851611,-8.95384185199993 -77.1042931109999,-8.95356447699993 -77.104695362,-8.95306060199994 -77.1049726109999,-8.95256835199996 -77.105060486,-8.95214060199993 -77.105162111,-8.95156247699998 -77.105212861,-8.95075385199993 -77.105287112,-8.95012497699997 -77.105501986,-8.94968560199993 -77.105728486,-8.94919135199996 -77.106068361,-8.94891397699996 -77.1064961119999,-8.94890235199995 -77.106976612,-8.94896485199996 -77.1075292369999,-8.94916797699995 -77.1080976109999,-8.94926760199996 -77.1089159859999,-8.94930472699997 -77.1094961109999,-8.94938085199993 -77.110503862,-8.94935547699993 -77.110994111,-8.94905272699998 -77.111990111,-8.94843560199996 -77.112443362,-8.94797072699993 -77.1131229869999,-8.94721485199995 -77.1136406109999,-8.94659760199994 -77.1142069859999,-8.94616797699996 -77.114912111,-8.94571485199998 -77.115542986,-8.94551372699993 -77.1161972359999,-8.94532422699996 -77.116699236,-8.94517385199993 -77.117419861,-8.94497260199995 -77.117925737,-8.94500972699996 -77.118540987,-8.94522460199994 -77.119083987,-8.94551172699994 -77.119619111,-8.94578910199994 -77.1206836109999,-8.94633197699994 -77.121261736,-8.94662885199995 -77.121945361,-8.94659960199994 -77.122628861,-8.94625785199997 -77.1231641109999,-8.94564847699996 -77.123505861,-8.94483197699998 -77.123580111,-8.94402535199993 -77.1237069869999,-8.94237310199998 -77.123876986,-8.94120697699998 -77.124044861,-8.94005660199997 -77.1240117359999,-8.93874022699993 -77.123980487,-8.93761135199998 -77.123956987,-8.93664447699996 -77.123933611,-8.93573822699994 -77.123914112,-8.93496685199995 -77.124144486,-8.93420897699997 -77.124636736,-8.93334760199997 -77.124937486,-8.93281635199997 -77.1254218609999,-8.93242560199997 -77.125857362,-8.93207635199997 -77.1264472359999,-8.93196485199996 -77.1270096109999,-8.93185935199995 -77.1275702359999,-8.93189260199995 -77.128017612,-8.93199610199997 -77.1284628609999,-8.93206635199994 -77.129136736,-8.93214847699994 -77.1296367369999,-8.93219922699996 -77.129958986,-8.93216997699994 -77.130216612,-8.93209760199994 -77.130535111,-8.93181447699993 -77.1306777359999,-8.93137697699996 -77.130804736,-8.93099610199994 -77.131046861,-8.93025585199996 -77.131371111,-8.92926947699993 -77.131648486,-8.92842972699998 -77.1318613609999,-8.92777735199996 -77.1321386119999,-8.92741210199995 -77.132822236,-8.92651172699993 -77.1331659859999,-8.92605472699995 -77.133355486,-8.92481835199993 -77.133460986,-8.92413472699997 -77.133103487,-8.92319922699994 -77.132224611,-8.92210947699994 -77.131408237,-8.92142572599994 -77.1309511109999,-8.92096872699994 -77.130193361,-8.92052735199997 -77.1298749869999,-8.92021485199996 -77.1296328609999,-8.91987497699995 -77.1295194859999,-8.91950585199993 -77.129511737,-8.91889447699998 -77.129689486,-8.91829297699996 -77.1298534859999,-8.91790822699994 -77.130257861,-8.91739060199995 -77.130576112,-8.91690235199997 -77.1310234859999,-8.91628497699998 -77.131341736,-8.91591597699994 -77.131632861,-8.91562497699994 -77.1320742359999,-8.91536135199993 -77.132562487,-8.91505072699994 -77.1332088619999,-8.91480072699994 -77.1337832359999,-8.91463085199996 -77.1342929859999,-8.91445510199998 -77.134982361,-8.91424997699994 -77.135507861,-8.91405660199996 -77.135898486,-8.91387310199997 -77.1362968609999,-8.91363085199993 -77.1368124859999,-8.91295697699996 -77.137117237,-8.91263085199995 -77.1373867359999,-8.91240435199995 -77.137699111,-8.91217772699997 -77.138089861,-8.91199997699994 -77.138484362,-8.91184960199996 -77.138749987,-8.91164447699998 -77.138976611,-8.91142572699994 -77.1391406119999,-8.91120685199996 -77.139246112,-8.91089447699994 -77.139267611,-8.91065235199994 -77.139267612,-8.91039647699995 -77.139165987,-8.91010547699995 -77.139011737,-8.90983597699994 -77.138693362,-8.90953122699995 -77.138372986,-8.90920510199993 -77.1381601109999,-8.90887885099994 -77.138117237,-8.90863672699993 -77.138095736,-8.90826760099998 -77.1382676109999,-8.90790822699995 -77.138593736,-8.90745310199998 -77.138910111,-8.90700585199994 -77.1393301109999,-8.90653710199996 -77.139749987,-8.90605472699997 -77.140337861,-8.90532422699994 -77.141040986,-8.90462110199996 -77.1415663609999,-8.90423635199994 -77.142027486,-8.90382035199997 -77.1424316119999,-8.90348635199996 -77.142749862,-8.90316010199996 -77.1429492359999,-8.90279885199993 -77.143097486,-8.90247260199993 -77.1432538609999,-8.90202535199995 -77.143324236,-8.90170510199994 -77.143324236,-8.90142397699998 -77.143367236,-8.90108785199993 -77.143361361,-8.90066997699995 -77.143374986,-8.90031447699994 -77.143380862,-8.90002347699993 -77.143480486,-8.89975385199995 -77.1435663619999,-8.89955660199996 -77.143736361,-8.89928722699995 -77.143935487,-8.89908010199997 -77.144261736,-8.89891010199995 -77.1446444859999,-8.89872660199995 -77.144984361,-8.89851372699997 -77.145410111,-8.89813085199995 -77.145665987,-8.89776760199993 -77.1460566109999,-8.89722847699994 -77.1463534869999,-8.89682422699997 -77.146765612,-8.89638472699994 -77.147078237,-8.89605072699993 -77.1474179859999,-8.89575385199993 -77.147865236,-8.89551172699993 -77.1485547359999,-8.89538472699996 -77.148999986,-8.89540622699997 -77.149333986,-8.89566210199996 -77.1496191109999,-8.89601172699997 -77.150328112,-8.89683985199997 -77.150675736,-8.89748822699994 -77.1510976119999,-8.89824810199997 -77.151472612,-8.89882035199997 -77.151697236,-8.89913085199993 -77.152937486,-8.89998435199993 -77.153480487,-8.90028322699993 -77.153988236,-8.90044335199997 -77.154384737,-8.90046297699996 -77.155160111,-8.90037885199996 -77.1558182369999,-8.90008785199996 -77.156501986,-8.89960935199997 -77.157263612,-8.89916797699993 -77.157872986,-8.89863285199993 -77.158802737,-8.89791997699996 -77.159074236,-8.89767572699998 -77.159318487,-8.89741410199997 -77.159533236,-8.89710347699997 -77.1597402359999,-8.89658985199998 -77.160050736,-8.89604297699998 -77.160406237,-8.89548047699998 -77.1607636109999,-8.89478510199996 -77.161128861,-8.89417572699995 -77.1614863619999,-8.89355660199993 -77.161785111,-8.89278710199994 -77.162095736,-8.89229885199995 -77.162621111,-8.89148260199994 -77.163119111,-8.89100372699994 -77.163718737,-8.89026172699994 -77.1644042359999,-8.88951172699996 -77.164835986,-8.88909760199994 -77.165023487,-8.88868560199995 -77.165136736,-8.88814272699994 -77.1650703609999,-8.88771872699994 -77.164892612,-8.88728710099997 -77.1648086119999,-8.88642385099996 -77.164751987,-8.88570122699997 -77.164742361,-8.88472460199995 -77.164714862,-8.88383397699994 -77.164650361,-8.88321485199998 -77.164705111,-8.88232222699997 -77.164742362,-8.88174997699997 -77.164882861,-8.88124410199993 -77.165146487,-8.88076560099995 -77.165472611,-8.88037110099998 -77.165990236,-8.87997660199994 -77.166843736,-8.87960160199998 -77.167556611,-8.87947072699995 -77.168533236,-8.87916997699995 -77.1692187369999,-8.87893560199996 -77.169874862,-8.87874810199997 -77.170447236,-8.87857810199995 -77.1709453619999,-8.87822260199994 -77.171554736,-8.87780860199996 -77.171996112,-8.87734960199998 -77.1722499859999,-8.87704885199997 -77.172503862,-8.87661722699994 -77.172587861,-8.87637310099996 -77.172662112,-8.87602535199994 -77.172671861,-8.87567772599994 -77.172484362,-8.87524610199995 -77.172126987,-8.87483410199997 -77.1717519859999,-8.87442185199995 -77.1713573609999,-8.87409372699994 -77.1710779859999,-8.87372660199998 -77.170804737,-8.87324810199993 -77.1706444869999,-8.87276947699996 -77.1706269869999,-8.87227147699997 -77.1705976109999,-8.87154097699994 -77.1706172359999,-8.87083597699996 -77.170738237,-8.87038672699993 -77.170935486,-8.86977535199998 -77.171292986,-8.86909185199994 -77.171621111,-8.86859372699996 -77.172165987,-8.86793747699994 -77.172597611,-8.86737310199993 -77.172915986,-8.86684760199995 -77.173093737,-8.86633197699996 -77.173140611,-8.86580660199996 -77.173169862,-8.86491410199994 -77.1731777369999,-8.86408985199995 -77.1731034869999,-8.86303710199996 -77.1730683609999,-8.86240035199995 -77.1729062369999,-8.86192185199997 -77.172728486,-8.86146097699998 -77.172417987,-8.86099222699994 -77.172013486,-8.86048635199995 -77.1713964859999,-8.86005485199996 -77.1708788619999,-8.85966010199996 -77.170353486,-8.85923822699993 -77.170148486,-8.85896485199993 -77.1699784859999,-8.85863672699998 -77.169958986,-8.85821485199995 -77.169968737,-8.85751947699993 -77.170091737,-8.85674997699994 -77.170224611,-8.85611322699998 -77.1703534869999,-8.85539060199994 -77.1705604859999,-8.85450785199993 -77.170831987,-8.85402935199994 -77.171263611,-8.85345697599996 -77.1718086119999,-8.85301560199997 -77.172371111,-8.85268747699996 -77.173320486,-8.85214260199996 -77.1742109859999,-8.85153322699995 -77.175148486,-8.85081060199997 -77.175685486,-8.85016210199996 -77.176265611,-8.84949610199993 -77.176726612,-8.84897072699994 -77.1770547359999,-8.84830472699997 -77.177158236,-8.84768560199996 -77.177119111,-8.84721872699993 -77.176914112,-8.84681247699996 -77.176716611,-8.84640047699997 -77.176599611,-8.84589247699995 -77.176525361,-8.84530072699994 -77.176525361,-8.84467972699997 -77.1765156119999,-8.84390822599994 -77.176595736,-8.84331060199997 -77.1767656119999,-8.84275385199993 -77.1770214869999,-8.84206835199996 -77.177203111,-8.84153510199997 -77.1773829859999,-8.84113472699994 -77.177460987,-8.84078122699998 -77.177496111,-8.84045897699997 -77.177496111,-8.84016010199997 -77.177433612,-8.83983985199995 -77.1773203609999,-8.83959185199996 -77.1771113619999,-8.83930272699996 -77.176892612,-8.83906060199996 -77.176566362,-8.83881247599993 -77.176285111,-8.83858197699993 -77.175765611,-8.83835560199998 -77.1753613609999,-8.83801372699998 -77.174812486,-8.83741210199997 -77.1745136119999,-8.83701560199995 -77.174310486,-8.83662497699993 -77.1741698609999,-8.83627160199995 -77.174095861,-8.83591797699995 -77.174068361,-8.83548047699998 -77.174076111,-8.83500585199994 -77.174263611,-8.83449410099996 -77.174421861,-8.83419722699995 -77.174580111,-8.83390622699994 -77.174718736,-8.83374997699997 -77.1748203609999,-8.83361722699993 -77.175222611,-8.83324410199998 -77.175800736,-8.83266397699998 -77.176714986,-8.83182810199997 -77.177667986,-8.83116997699994 -77.178552737,-8.83068947599998 -77.1796328619999,-8.83030660199995 -77.180890612,-8.82979497699995 -77.181931612,-8.82938285199998 -77.183128862,-8.82883397699993 -77.1839941109999,-8.82842972599997 -77.184966737,-8.82790035199997 -77.185576111,-8.82732035099997 -77.186724611,-8.82575785199998 -77.1870781109999,-8.82523822699994 -77.187480487,-8.82474610199995 -77.187962861,-8.82401947599993 -77.1886992359999,-8.82305660199995 -77.189425736,-8.82229097699997 -77.190064486,-8.82186910199994 -77.190839861,-8.82139647699995 -77.191646487,-8.82089647699996 -77.1920878619999,-8.82045310199993 -77.192580111,-8.81968747699995 -77.193177861,-8.81858785199995 -77.193806611,-8.81773247699994 -77.194240236,-8.81706447699997 -77.194910111,-8.81618160199997 -77.1957343619999,-8.81499222699995 -77.196134737,-8.81411910199995 -77.196517736,-8.81317772699998 -77.1968691119999,-8.81238872699993 -77.197058611,-8.81154497699993 -77.1971367359999,-8.81061135199997 -77.197244111,-8.80973635199996 -77.1974609869999,-8.80895122699997 -77.1976777359999,-8.80799810199994 -77.197933737,-8.80704497699998 -77.1982578619999,-8.80621097699998 -77.198640611,-8.80486522699994 -77.1990722369999,-8.80363672699997 -77.199169861,-8.80259760199993 -77.1993183609999,-8.80108397599997 -77.199396486,-8.80018947699995 -77.199435486,-8.79941410199996 -77.199681611,-8.79872660199993 -77.1998476109999,-8.79802922699997 -77.199830111,-8.79728135199997 -77.199749986,-8.79637885199998 -77.199740236,-8.79542572699995 -77.199730486,-8.79476760199998 -77.199925736,-8.79408985199996 -77.200132861,-8.79358785199997 -77.200564487,-8.79294922599996 -77.2012929859999,-8.79191797699997 -77.2018516109999,-8.79124810199994 -77.2024121119999,-8.79059185199998 -77.203021486,-8.78980660199994 -77.2034726109999,-8.78914847699997 -77.2038652369999,-8.78832422699998 -77.204206986,-8.78758597599995 -77.2045819859999,-8.78676172699994 -77.204798862,-8.78587697699993 -77.205054737,-8.78449222699993 -77.2054667369999,-8.78349022699996 -77.2060468619999,-8.78234172699996 -77.206537112,-8.78162497599993 -77.207253862,-8.78105472699997 -77.208365236,-8.78078910199997 -77.209179736,-8.78053322699998 -77.2097304869999,-8.78033797699993 -77.210406237,-8.77993572699995 -77.2111152369999,-8.77942385199998 -77.211831861,-8.77895310199995 -77.213167862,-8.77822260199997 -77.214296861,-8.77779297699993 -77.215142612,-8.77748822699994 -77.2163788619999,-8.77721285199993 -77.217126986,-8.77689847599993 -77.2175194869999,-8.77628910199996 -77.218109361,-8.77535747699994 -77.218718737,-8.77476760199994 -77.2193964859999,-8.77437497699998 -77.2204373609999,-8.77416797599994 -77.2214101119999,-8.77364847599995 -77.221968736,-8.77314647699995 -77.2222929869999,-8.77250972699994 -77.222542986,-8.77179885199996 -77.222712862,-8.77118947599996 -77.2227753609999,-8.77091010199996 -77.2228437369999,-8.77062885099997 -77.222917987,-8.77030660199995 -77.223019487,-8.76987310199996 -77.223232361,-8.76894922699995 -77.223372986,-8.76835747699994 -77.223501986,-8.76779885099995 -77.224042986,-8.76755660199996 -77.224810486,-8.76750785199994 -77.225136736,-8.76748822699994 -77.225396486,-8.76727735199995 -77.225620987,-8.76709185199996 -77.225812487,-8.76693747699994 -77.2258457359999,-8.76667972699994 -77.225874986,-8.76646097699995 -77.225874986,-8.76623247699996 -77.225699236,-8.76599410199998 -77.225445362,-8.76587310099995 -77.225271487,-8.76583597699994 -77.2249784859999,-8.76577335199994 -77.224662111,-8.76570510199997 -77.224167987,-8.76545897699998 -77.223777237,-8.76500385199995 -77.223542987,-8.76443572699998 -77.223462861,-8.76371872699997 -77.2234024859999,-8.76321097599993 -77.223509861,-8.76241797599994 -77.2236073609999,-8.76169922699995 -77.223757862,-8.76057622699994 -77.223744111,-8.75905072699993 -77.223941361,-8.75787310199996 -77.2241288609999,-8.75673435099998 -77.224369111,-8.75609372699995 -77.224931612,-8.75459960199993 -77.225144486,-8.75361135199995 -77.2254353609999,-8.75246685099995 -77.225648486,-8.75149610199998 -77.2258027359999,-8.75072072699993 -77.226093737,-8.74986722699998 -77.226384737,-8.74899410199993 -77.226580111,-8.74781060099997 -77.226792986,-8.74705660199993 -77.2269277359999,-8.74606635199996 -77.226812486,-8.74527147699996 -77.226812486,-8.74453322599993 -77.227064362,-8.74367972699997 -77.227490237,-8.74282622699997 -77.227937487,-8.74255472699997 -77.2283828609999,-8.74240035199995 -77.229548987,-8.74234185199998 -77.2305761109999,-8.74189447699996 -77.231603486,-8.74131447599996 -77.232437486,-8.74075197699995 -77.233232362,-8.74003322699997 -77.2342988619999,-8.73886910199997 -77.234841611,-8.73786135199998 -77.235404236,-8.73706635199994 -77.236201111,-8.73636722699996 -77.236783236,-8.73584372699997 -77.237499987,-8.73535935199993 -77.2380819859999,-8.73506822699994 -77.2384316119999,-8.73483597599994 -77.239070361,-8.73489260099996 -77.239458987,-8.73489260099996 -77.2398281119999,-8.73477735199998 -77.240410111,-8.73407822699994 -77.2412832369999,-8.73299222699995 -77.241999987,-8.73219722699997 -77.243007862,-8.73149997699994 -77.2439979869999,-8.73080072699997 -77.2448124869999,-8.73000585199998 -77.245783237,-8.72926772699998 -77.246869112,-8.72860935099993 -77.2476073619999,-8.72798822599998 -77.2481679859999,-8.72730860199994 -77.248265611,-8.72672660199993 -77.248304736,-8.72624222599995 -77.248052736,-8.72571872699996 -77.248052737,-8.72513672699995 -77.248285111,-8.72432222699996 -77.248632862,-8.72366210099995 -77.2489823619999,-8.72300385199998 -77.2492538609999,-8.72243947599998 -77.249468736,-8.72178122699995 -77.249371111,-8.72129685199997 -77.2493319869999,-8.72090822699994 -77.249195361,-8.72058010099994 -77.2487343609999,-8.72028322699998 -77.248298861,-8.72015822599997 -77.247812487,-8.71986522699996 -77.247283237,-8.71954685199995 -77.246839736,-8.71932222699996 -77.246595737,-8.71909572699997 -77.246392611,-8.71874610199995 -77.246369111,-8.71832422599994 -77.2464823619999,-8.71770697699998 -77.246734362,-8.71700972599996 -77.246830111,-8.71642772699994 -77.247033237,-8.71558197699994 -77.2470332359999,-8.71458397699996 -77.247121111,-8.71381247699998 -77.247244111,-8.71309185199993 -77.2473613619999,-8.71276372699998 -77.2476211109999,-8.71177535199996 -77.247687486,-8.71129885199997 -77.247753862,-8.71069135199997 -77.247765611,-8.71026747699995 -77.247740236,-8.70977735199995 -77.247580112,-8.70898047599997 -77.247421862,-8.70847647699998 -77.2470507369999,-8.70768160199998 -77.246917987,-8.70713872599993 -77.246613237,-8.70621097699996 -77.246453112,-8.70546872699998 -77.246441362,-8.70533597699995 -77.246361361,-8.70450197699995 -77.2462558619999,-8.70373822699997 -77.246189487,-8.70315622599998 -77.2461894859999,-8.70273247699993 -77.246294862,-8.70234760199997 -77.2465332359999,-8.70200385199996 -77.2467988609999,-8.70167185199995 -77.247169862,-8.70136735199998 -77.247488237,-8.70123447699996 -77.247753862,-8.70110160199994 -77.248111362,-8.70096872599993 -77.2487734869999,-8.70063872699995 -77.249515612,-8.70024022699994 -77.249914111,-8.69985547699997 -77.250337862,-8.69931247599993 -77.250853486,-8.69847660199997 -77.251357236,-8.69749610199995 -77.2515703609999,-8.69675385199997 -77.251662111,-8.69638285199994 -77.2516504869999,-8.69598435199993 -77.2515958609999,-8.69546872599994 -77.251464862,-8.69495122699993 -77.251146487,-8.69455472699997 -77.250775362,-8.69416997699994 -77.250456987,-8.69375185099994 -77.250285112,-8.69310160199996 -77.250470736,-8.69247847599996 -77.250787112,-8.69174997699997 -77.251171862,-8.69093947699997 -77.251423861,-8.69038285199997 -77.2517694869999,-8.68965235099995 -77.252193361,-8.68855272699994 -77.252589861,-8.68751947599998 -77.252550737,-8.68676372699997 -77.252497986,-8.68640622699996 -77.252458986,-8.68616797699997 -77.252378861,-8.68574222599995 -77.252165987,-8.68509360099995 -77.252021487,-8.68462310199993 -77.251836111,-8.68391997599997 -77.2517167359999,-8.68339060099993 -77.2517167359999,-8.68308597599997 -77.2517812359999,-8.68275385199996 -77.251980486,-8.68238285199993 -77.2523926119999,-8.68206247699993 -77.252763611,-8.68174410199993 -77.253093612,-8.68133397599996 -77.2532128619999,-8.68096285199994 -77.253439611,-8.68011322699994 -77.253505861,-8.67965035199995 -77.253822237,-8.67862885199997 -77.254115237,-8.67795310199995 -77.254433611,-8.67734360199995 -77.2551229859999,-8.67664060199996 -77.255613236,-8.67623047699993 -77.2563281119999,-8.67579310199994 -77.256779237,-8.67558197599993 -77.2571367359999,-8.67531635199998 -77.2574551119999,-8.67502535199998 -77.257773486,-8.67464060199995 -77.258025362,-8.67410947599996 -77.2580916109999,-8.67363285199997 -77.258130862,-8.67307422699997 -77.258130862,-8.67267572699996 -77.258064487,-8.67227535099994 -77.257984237,-8.67132035099996 -77.258025362,-8.67104097599997 -77.2582499869999,-8.67065822699993 -77.258648486,-8.67023247699996 -77.2590586109999,-8.66991597699996 -77.259880986,-8.66916010199998 -77.2607812369999,-8.66813872699993 -77.261152362,-8.66719722599993 -77.2612988609999,-8.66650785199994 -77.261470737,-8.66587110199993 -77.261656236,-8.66526172599993 -77.261656236,-8.66487697699995 -77.261628861,-8.66446685199998 -77.261523486,-8.66399022699994 -77.261351611,-8.66348635199995 -77.261152362,-8.66294135199996 -77.260822236,-8.66232035199994 -77.260556611,-8.66155060199998 -77.260410112,-8.66088872699993 -77.2604101109999,-8.65945697699993 -77.2604766109999,-8.65895310199994 -77.2604628619999,-8.65876760199995 -77.2603847359999,-8.65856835099993 -77.2602109869999,-8.65833010099993 -77.259958986,-8.65801172699997 -77.258900362,-8.65692572699993 -77.2585683619999,-8.65646097599995 -77.258421861,-8.65605072599993 -77.258382861,-8.65573247599997 -77.258421862,-8.65526172599994 -77.2584882359999,-8.65478510199995 -77.258660112,-8.65430660199996 -77.2590194859999,-8.65368360199994 -77.2595624859999,-8.65286322699995 -77.2596953619999,-8.65245122599993 -77.2597736119999,-8.65205472699995 -77.2599062369999,-8.65114060099995 -77.260066362,-8.65005272699995 -77.260318361,-8.64911910099994 -77.260595736,-8.64852147699997 -77.2610859869999,-8.64796485199997 -77.261695361,-8.64740822599992 -77.262783237,-8.64666597699994 -77.2634726109999,-8.64637497699994 -77.264267612,-8.64625585099998 -77.2651953609999,-8.64615035199995 -77.265937486,-8.64595122599997 -77.266507987,-8.64569922699997 -77.2680703619999,-8.64487697699997 -77.268720736,-8.64463872699997 -77.269263611,-8.64453322699995 -77.2700176119999,-8.64450585099996 -77.271037112,-8.64456247699997 -77.271980487,-8.64459960199997 -77.2738652359999,-8.64448822699995 -77.2752422359999,-8.64450585199995 -77.2765819859999,-8.64459960099998 -77.2788261109999,-8.64458197699997 -77.2805586119999,-8.64452735199995 -77.283388611,-8.64437885199993 -77.285117236,-8.64434760099994 -77.285773487,-8.64410935099994 -77.286308611,-8.64366210199995 -77.2873027369999,-8.64268747699998 -77.287730487,-8.64227147699995 -77.288275362,-8.64169535199994 -77.288884737,-8.64096097599997 -77.2894277359999,-8.64059372699995 -77.290162111,-8.64022660199993 -77.290863236,-8.63961322699993 -77.291665987,-8.63914060199994 -77.292523487,-8.63845910099997 -77.293169862,-8.63788285199996 -77.2936426109999,-8.63702535199997 -77.2938691109999,-8.63611522699995 -77.2941836109999,-8.63527735199995 -77.294394486,-8.63450785099997 -77.2945684859999,-8.63372072599998 -77.294849611,-8.63293360199998 -77.2948672369999,-8.63224997699996 -77.294796861,-8.63160347699994 -77.294550737,-8.63104497699993 -77.2942011109999,-8.63025785199994 -77.2939922369999,-8.62982035099998 -77.293992236,-8.62934747699995 -77.294324236,-8.62861322699996 -77.2945684869999,-8.62801947699995 -77.2947617359999,-8.62738872699992 -77.294671862,-8.62654885199993 -77.2941288609999,-8.62549997699995 -77.293923862,-8.62521872699995 -77.293626987,-8.62502147699996 -77.2933749869999,-8.62489847699993 -77.293050737,-8.62474022699996 -77.2926269869999,-8.62476172599997 -77.292236362,-8.62454097699998 -77.291876987,-8.62423435199997 -77.2916777359999,-8.62390622699996 -77.291564486,-8.62357810099996 -77.291574236,-8.62320122699998 -77.291798862,-8.62261522699993 -77.292183612,-8.62200385099993 -77.2925566119999,-8.62146685199997 -77.292726612,-8.62114447599993 -77.292929736,-8.62061910099993 -77.293001987,-8.61997460199996 -77.293001987,-8.61950785199997 -77.292941362,-8.61906635199995 -77.292488237,-8.61832810099997 -77.291997986,-8.61774410199996 -77.291497987,-8.61710935199994 -77.2911874869999,-8.61651372699993 -77.2908534859999,-8.61592772699993 -77.290591736,-8.61543747699994 -77.290472611,-8.61500972599993 -77.290496111,-8.61424610099994 -77.2906269869999,-8.61347072599995 -77.2908066109999,-8.61286135199998 -77.2910682369999,-8.61197847699998 -77.2912363619999,-8.61134572699996 -77.291294862,-8.61063085099994 -77.291355487,-8.60933022599994 -77.291330111,-8.60850585199995 -77.291330111,-8.60786135199993 -77.291367236,-8.60724022699998 -77.291306612,-8.60638085199997 -77.2911406109999,-8.60566597699994 -77.291044861,-8.60490235199995 -77.2908183609999,-8.60416210199998 -77.2905917369999,-8.60347072599995 -77.290507861,-8.60281447599993 -77.2903398619999,-8.60209760099997 -77.2902441109999,-8.60154885099996 -77.289958986,-8.60092772599995 -77.289587862,-8.60015235099996 -77.289218736,-8.59938860099993 -77.288800737,-8.59849410199996 -77.288513612,-8.59787310099995 -77.288298861,-8.59733597699994 -77.288179737,-8.59677535099996 -77.2880976119999,-8.59592772699995 -77.2881211119999,-8.59524810199997 -77.288193361,-8.59440035099993 -77.288361362,-8.59343360099996 -77.288455112,-8.59274222699997 -77.288490236,-8.59209760099998 -77.288455112,-8.59128510199997 -77.288609486,-8.59041410199995 -77.2887168619999,-8.58976935199996 -77.289027362,-8.58930472699996 -77.289648487,-8.58875585099997 -77.2900898619999,-8.58838472599996 -77.2906152369999,-8.58786135199995 -77.2914141109999,-8.58716797699998 -77.2919979869999,-8.58658397599993 -77.292583986,-8.58598635099997 -77.293074237,-8.58565247599995 -77.293419862,-8.58508010199995 -77.293968736,-8.58453110199997 -77.294433611,-8.58401760099997 -77.294828111,-8.58346872699997 -77.295162112,-8.58282422699995 -77.2955683609999,-8.58192972699993 -77.295865237,-8.58113085199994 -77.296271487,-8.58036722699995 -77.2966659859999,-8.57958985099998 -77.296904236,-8.57905260199993 -77.297154236,-8.57839647699996 -77.2972714859999,-8.57768935199994 -77.297234362,-8.57670310199995 -77.296943362,-8.57578710199994 -77.2967128619999,-8.57511522699997 -77.296439361,-8.57430472699997 -77.296187486,-8.57354097699994 -77.296056612,-8.57294335099994 -77.2959141109999,-8.57239447699993 -77.2959141109999,-8.57182222599994 -77.295960986,-8.57120122699996 -77.296259737,-8.57061722699996 -77.2967128619999,-8.57001960199995 -77.297369112,-8.56955472699997 -77.297955112,-8.56916010199996 -77.298812486,-8.56868347699998 -77.299433611,-8.56833785199996 -77.300113236,-8.56808597699995 -77.301105486,-8.56766997699998 -77.3019628609999,-8.56734960099993 -77.302417986,-8.56715622599995 -77.303634737,-8.56654685199993 -77.3040156119999,-8.56629497699993 -77.3045644859999,-8.56585547699996 -77.305007862,-8.56543747699993 -77.305472736,-8.56470897599996 -77.3056874869999,-8.56425585099993 -77.306009737,-8.56371872699998 -77.306462862,-8.56287110099993 -77.306820361,-8.56211910199994 -77.307406236,-8.56121285199993 -77.307929862,-8.56040235199993 -77.3084198609999,-8.55945897599997 -77.308837862,-8.55873247699998 -77.309122986,-8.55813285199997 -77.3094941109999,-8.55753510099993 -77.310078112,-8.55701172599993 -77.310544862,-8.55653510099995 -77.310997987,-8.55593747599994 -77.311105487,-8.55537697699998 -77.3113203619999,-8.55463472699995 -77.311320361,-8.55418360099998 -77.311128861,-8.55376560199994 -77.310902361,-8.55348047699994 -77.310507862,-8.55307422699997 -77.310281237,-8.55264647599995 -77.310281237,-8.55210747699994 -77.310544861,-8.55142772699998 -77.310783236,-8.55089060199998 -77.311164237,-8.55047260099997 -77.311605486,-8.55017385099995 -77.312226612,-8.54987497699994 -77.312728487,-8.54970910199995 -77.3132167369999,-8.54930272599995 -77.313706987,-8.54881447699995 -77.313968737,-8.54821685099995 -77.3142909869999,-8.54742972699995 -77.314781237,-8.54620122699993 -77.3151621109999,-8.54551947699997 -77.315330112,-8.54491210099997 -77.3153652359999,-8.54448435199993 -77.3153652359999,-8.54405272699995 -77.315269487,-8.54350385099997 -77.315031237,-8.54312110199993 -77.314374987,-8.54229885099994 -77.314091737,-8.54191210199997 -77.313628862,-8.54132810099998 -77.313312487,-8.54090822699993 -77.313019486,-8.54057222599994 -77.312507861,-8.54008597599994 -77.311857362,-8.53936135099997 -77.311484362,-8.53887310199997 -77.3112519869999,-8.53843560199994 -77.310951237,-8.53777347699997 -77.310636737,-8.53715822699996 -77.310540987,-8.53644535199993 -77.310517611,-8.53564847699994 -77.310624987,-8.53490035199997 -77.310814487,-8.53415822599993 -77.310982361,-8.53352535099998 -77.3114922359999,-8.53225972699994 -77.311621111,-8.53168747599995 -77.311683611,-8.53142572699994 -77.3119939869999,-8.53093747699995 -77.3124082369999,-8.53052135199994 -77.312669862,-8.53025972699993 -77.313040987,-8.53007035199994 -77.313431612,-8.52987885099998 -77.3137773619999,-8.52985547699996 -77.314156236,-8.52991597699997 -77.314490236,-8.52998622699994 -77.3156913619999,-8.53009197599994 -77.316904236,-8.53010547599996 -77.317486362,-8.53015235099997 -77.317330111,-8.52998047599993 -77.317027362,-8.52968160199993 -77.316603487,-8.52856447599993 -77.3162166119999,-8.52794135099998 -77.3145996119999,-8.52625197699996 -77.313675737,-8.52514647599997 -77.312681611,-8.52423047699995 -77.312177737,-8.52363872699993 -77.311093736,-8.52281447699994 -77.310837862,-8.52255860199995 -77.310499987,-8.52221872599995 -77.310089862,-8.52192385099994 -77.3093613619999,-8.52154685199997 -77.3081542369999,-8.52135535099995 -77.3075878609999,-8.52132422599993 -77.3059987359999,-8.52130610199993 -77.302794862,-8.52126947599993 -77.302267612,-8.52122847599998 -77.3018047369999,-8.52114072699993 -77.300976611,-8.52081060199993 -77.3002851109999,-8.52072460199997 -77.299675736,-8.52055660199994 -77.299402362,-8.52041410199996 -77.2992284869999,-8.52026947599995 -77.298806611,-8.51957622699996 -77.2983867359999,-8.51909960199993 -77.2975566109999,-8.51854497699998 -77.297036111,-8.51806522599998 -77.2970097369999,-8.51804110099994 -77.296587862,-8.51741997599993 -77.296287111,-8.51707810199997 -77.295968736,-8.51688285199998 -77.295650361,-8.51679297599998 -77.2952714859999,-8.51688672699993 -77.2948163619999,-8.51719535099994 -77.294345736,-8.51741597699993 -77.294058611,-8.51746685099994 -77.293728487,-8.51734747699993 -77.2933808609999,-8.51711522599993 -77.292377111,-8.51610747699993 -77.291828112,-8.51546097699998 -77.291639737,-8.51529247699995 -77.290642611,-8.51440035199994 -77.2900194859999,-8.51370897599998 -77.289019487,-8.51188872699993 -77.288816362,-8.51123635099998 -77.288015612,-8.50955472599998 -77.287695361,-8.50895897699996 -77.287365237,-8.50855472599994 -77.286873112,-8.50817772599993 -77.2861484859999,-8.50782810199996 -77.284222611,-8.50689260099995 -77.2836582369999,-8.50655060199995 -77.282783361,-8.50588872699996 -77.282414111,-8.50535747599997 -77.282150362,-8.50480660099993 -77.2819198619999,-8.50417572699996 -77.2816972369999,-8.50332810099997 -77.2810976119999,-8.50169535099997 -77.280628862,-8.50089260199996 -77.280261737,-8.50013672699993 -77.279105487,-8.49908010099995 -77.2780703619999,-8.49820122699998 -77.2780586109999,-8.49817972699998 -77.277888612,-8.49787110199998 -77.2774354859999,-8.49676560199993 -77.277097612,-8.49573635199994 -77.277058611,-8.49515822599994 -77.2772343619999,-8.49406447599995 -77.277513611,-8.49318360099994 -77.277634736,-8.49259760099994 -77.277664111,-8.49179685099995 -77.277603486,-8.49121285199993 -77.2772247359999,-8.48968735099993 -77.2771406109999,-8.48946285199997 -77.276048987,-8.48648635199993 -77.2758301109999,-8.48617972699998 -77.275425737,-8.48573060199993 -77.275205112,-8.48548435199996 -77.274265611,-8.48478710199993 -77.273904237,-8.48439447699997 -77.273718736,-8.48410547599997 -77.272904236,-8.48234760099996 -77.272726612,-8.48179097699995 -77.272279237,-8.47990447699993 -77.272074236,-8.47812497699994 -77.271956986,-8.47745122599997 -77.271511736,-8.47594722599996 -77.2713066109999,-8.47543160099997 -77.270949236,-8.47490810099993 -77.270341737,-8.47432810099997 -77.270134361,-8.47424585199997 -77.269726611,-8.47408397599997 -77.269421987,-8.47401560099996 -77.268814487,-8.47353322699996 -77.268339861,-8.47294335199996 -77.267941362,-8.47261910199995 -77.267296862,-8.47228710099995 -77.2672246119999,-8.47225972699994 -77.2662382359999,-8.47189647599993 -77.2657832359999,-8.47167397699997 -77.265511736,-8.47131635199997 -77.265390612,-8.47101947599998 -77.2652304869999,-8.46973635099994 -77.264886737,-8.46868172699993 -77.2648827359999,-8.46863885199997 -77.2648758619999,-8.46863935199997 -77.2647888609999,-8.46861760099995 -77.264643861,-8.46847260199996 -77.264513361,-8.46834935099997 -77.264317611,-8.46803772699997 -77.2641509859999,-8.46771872599993 -77.264103737,-8.46759722599995 -77.2640781109999,-8.46753122699994 -77.263835861,-8.46741797699997 -77.263199237,-8.46741797599998 -77.262845737,-8.46753510099995 -77.262144486,-8.46797847699997 -77.259953111,-8.46984960199995 -77.259558612,-8.47005860199994 -77.258851611,-8.47031835099995 -77.257617236,-8.47087310199993 -77.257138986,-8.47104147699997 -77.256380736,-8.47130860199997 -77.2549003619999,-8.47170310199994 -77.252611486,-8.47197072599994 -77.251605486,-8.47225972599995 -77.2512773609999,-8.47244335199997 -77.2506679859999,-8.47269722699997 -77.249318361,-8.47304097699993 -77.248976737,-8.47303722599997 -77.248041862,-8.47292147699994 -77.247839862,-8.47289647699995 -77.247546861,-8.47295122599996 -77.2473236119999,-8.47303910099993 -77.247150362,-8.47310747599994 -77.2467538609999,-8.47313285099995 -77.2462832369999,-8.47348247599996 -77.245138611,-8.47417972599993 -77.2442206119999,-8.47488872599996 -77.2437832369999,-8.47512697599996 -77.2431953619999,-8.47526372699997 -77.242169862,-8.47550197699996 -77.241839861,-8.47550197599998 -77.241060486,-8.47540622599996 -77.240462862,-8.47542185199995 -77.240283236,-8.47542772599996 -77.239343736,-8.47560172699997 -77.238431611,-8.47599022599996 -77.237931611,-8.47635547699997 -77.237626986,-8.47672847599995 -77.237388612,-8.47702147599995 -77.236906236,-8.47740822699996 -77.235732361,-8.47781835099994 -77.235560487,-8.47787697599995 -77.235212861,-8.47793947599996 -77.2345507369999,-8.47826372599997 -77.234099611,-8.47853910199996 -77.233302736,-8.47840035199994 -77.232490236,-8.47840035199994 -77.2317187359999,-8.47799410099998 -77.230460986,-8.47791410199994 -77.229371111,-8.47821685199995 -77.2278027369999,-8.47840235099994 -77.227394487,-8.47860347699998 -77.2261582369999,-8.47937697699996 -77.225740237,-8.47955472699994 -77.2247069859999,-8.47974997599994 -77.223312487,-8.48001372699997 -77.2227968609999,-8.48024997699997 -77.222464862,-8.48024997599993 -77.221994111,-8.48017972599996 -77.220943486,-8.47976372599993 -77.220722612,-8.47973247599998 -77.220693361,-8.47972847599993 -77.220441362,-8.47975385199993 -77.219996112,-8.47993360199996 -77.219568361,-8.48019722699996 -77.219023486,-8.48073260099994 -77.218455112,-8.48106247699997 -77.218261736,-8.48111722699997 -77.217714862,-8.48126935099998 -77.2168964859999,-8.48179497699994 -77.216222611,-8.48209772699994 -77.215341736,-8.48261722599995 -77.214517612,-8.48293747699995 -77.214264736,-8.48298072599994 -77.2133398619999,-8.48313860199994 -77.2119257369999,-8.48347260099996 -77.2110409859999,-8.48337885099994 -77.209861361,-8.48339060199993 -77.209449236,-8.48346685199994 -77.207447236,-8.48405472699994 -77.2069179869999,-8.48426372599994 -77.2060957369999,-8.48470697599993 -77.205246111,-8.48541797699994 -77.204953111,-8.48557622599998 -77.204824237,-8.48561910099994 -77.2046328609999,-8.48568160099995 -77.204212861,-8.48569135099996 -77.202677737,-8.48541410199994 -77.202263611,-8.48528910099998 -77.201976612,-8.48513672599995 -77.2010352359999,-8.48431460099994 -77.200830111,-8.48418947699997 -77.200429736,-8.48403510199995 -77.199837862,-8.48390235199997 -77.1987167359999,-8.48355072599998 -77.198128862,-8.48330060199993 -77.197833986,-8.48306635099993 -77.197425736,-8.48262310199993 -77.196439486,-8.48137310099997 -77.195880862,-8.48102747599995 -77.1948476109999,-8.48078122599998 -77.194167987,-8.48019335199996 -77.193605362,-8.47987497699995 -77.1931503609999,-8.47974222699997 -77.1925604859999,-8.47968160199997 -77.191734487,-8.47972847599993 -77.189480487,-8.47957222599996 -77.1884511109999,-8.47957222599996 -77.188240236,-8.47962110099996 -77.188037112,-8.47970897599993 -77.187380861,-8.47999410199998 -77.186900362,-8.48013872599995 -77.1862538619999,-8.48024610099998 -77.185839861,-8.48025210099996 -77.185542986,-8.48019335099997 -77.185367237,-8.48011135099995 -77.1847988609999,-8.47984372699995 -77.184306487,-8.47947860099993 -77.183830111,-8.47926760199994 -77.1831211109999,-8.47914260099998 -77.182414111,-8.47911135099997 -77.181828111,-8.47895122699992 -77.181609361,-8.47876560099996 -77.181331986,-8.47837497699993 -77.181372986,-8.47725197699998 -77.1812558619999,-8.47692972699997 -77.181076111,-8.47674410199994 -77.180812486,-8.47656835199996 -77.179980487,-8.47618160199994 -77.179386737,-8.47581247699998 -77.178496111,-8.47506447599994 -77.178048861,-8.47468947699997 -77.176517611,-8.47364847699993 -77.176222611,-8.47335922599996 -77.176136736,-8.47316010099996 -77.1755996109999,-8.47232222699995 -77.1748007369999,-8.47122847599996 -77.173937361,-8.47052547599998 -77.173535111,-8.47029297599994 -77.173167986,-8.47015622599997 -77.171529237,-8.46989447699997 -77.170671861,-8.46959760199996 -77.169689486,-8.46915235199998 -77.168199236,-8.46847460099997 -77.1669961109999,-8.46807222699994 -77.166331987,-8.46766610199995 -77.165431611,-8.46744922699997 -77.164546861,-8.46708397599997 -77.1638593609999,-8.46664647599994 -77.1627343609999,-8.46612310099994 -77.160925736,-8.46466210099993 -77.1605683619999,-8.46431447599997 -77.160076112,-8.46373435199996 -77.159507861,-8.46290835099995 -77.158980487,-8.46243747699998 -77.158564486,-8.46195122599994 -77.1580683609999,-8.46123047599997 -77.1577147359999,-8.46092185099997 -77.157173861,-8.46060160199994 -77.1560819859999,-8.46008010099996 -77.155720736,-8.45980272599996 -77.1553301119999,-8.45936722599993 -77.1546933609999,-8.45896285199996 -77.153636736,-8.45857422599994 -77.1533203609999,-8.45845697699997 -77.152841736,-8.45809185099995 -77.151499986,-8.45752535099996 -77.1513652359999,-8.45746872699993 -77.150992236,-8.45724235099993 -77.150546861,-8.45649410199997 -77.1504784859999,-8.45645122599996 -77.1499766109999,-8.45613085199994 -77.1488828609999,-8.45480272699996 -77.148359361,-8.45440822599994 -77.1480058609999,-8.45438672699993 -77.147039111,-8.45460747699997 -77.1468808609999,-8.45459960099993 -77.146738237,-8.45450785199995 -77.145589861,-8.45302735199994 -77.145298861,-8.45284572699995 -77.1451718609999,-8.45284185099996 -77.144462861,-8.45259385099996 -77.144130861,-8.45241210099994 -77.143968737,-8.45210547599993 -77.1437988609999,-8.45189647599994 -77.1435312359999,-8.45138085199994 -77.1432011109999,-8.45091597699997 -77.143093736,-8.45081635199995 -77.1427431119999,-8.45054472599998 -77.1425274859999,-8.45037760099996 -77.142439111,-8.45030760099996 -77.1421117359999,-8.45004847599995 -77.141371986,-8.44946285199995 -77.141104737,-8.44925122599994 -77.140882986,-8.44896722599998 -77.140472362,-8.44844110099996 -77.139820361,-8.44747285199998 -77.139189987,-8.44695997699995 -77.1390623619999,-8.44648772599993 -77.138469487,-8.44579160199993 -77.137330112,-8.44477685099997 -77.136196737,-8.44419935199994 -77.135552611,-8.44393835199998 -77.135405486,-8.44387872599998 -77.1348279859999,-8.44325835099994 -77.134122362,-8.44188985199997 -77.133843736,-8.44002147599997 -77.131027236,-8.44487710199996 -77.1310508619999,-8.44692310199997 -77.131008611,-8.44850772699994 -77.131150862,-8.44892497699993 -77.131699611,-8.45053447599997 -77.131897986,-8.45146397699995 -77.131928987,-8.45188885099998 -77.131869611,-8.45215547599997 -77.131769111,-8.45260660199995 -77.131241737,-8.45344210099995 -77.1310454869999,-8.45393822699998 -77.1310508619999,-8.45427560199994 -77.131671736,-8.45533197699996 -77.131788736,-8.45553097599998 -77.132681487,-8.45804247599995 -77.1333537369999,-8.46052947699997 -77.133395986,-8.46164910199997 -77.133501611,-8.46238847599994 -77.1339876119999,-8.46278985099997 -77.1353186119999,-8.46340260099993 -77.1370511109999,-8.46477597599994 -77.137681486,-8.46559572699994 -77.1381223609999,-8.46616897599995 -77.138695862,-8.46722635199995 -77.139018112,-8.46839560199993 -77.138889112,-8.46969860099995 -77.1389314859999,-8.47048035199998 -77.139184987,-8.47113535099993 -77.139814986,-8.47213060199994 -77.140601611,-8.47346097599996 -77.141808611,-8.47494135099993 -77.142494111,-8.47552735099993 -77.142565361,-8.47582560199993 -77.142227361,-8.47641722699996 -77.141508986,-8.47749472599997 -77.1399277359999,-8.48045510099996 -77.139628611,-8.48064272599993 -77.138339736,-8.48066385199996 -77.1373044869999,-8.48068085199998 -77.136163736,-8.48131885199996 -77.1357158609999,-8.48147710099994 -77.135181611,-8.48166597599993 -77.1340522359999,-8.48206522699996 -77.1292592359999,-8.48262022699993 -77.1274567359999,-8.48308060199997 -77.1251562369999,-8.48378860199995 -77.123584361,-8.48380547699998 -77.122333611,-8.48353510099997 -77.120998361,-8.48311247699996 -77.120227612,-8.48271397599996 -77.1201113609999,-8.48220710099997 -77.120001111,-8.48172660099993 -77.119967361,-8.48064485099997 -77.1198657369999,-8.48012085099998 -77.1195616109999,-8.47957997699996 -77.119090861,-8.47915185199997 -77.1183954859999,-8.47895460199993 -77.1177129869999,-8.47897672699997 -77.1169587369999,-8.47929272599993 -77.115707986,-8.47981660099992 -77.114637111,-8.48012160199994 -77.113409361,-8.48037435099997 -77.112293736,-8.48081385199993 -77.111484737,-8.48074860099996 -77.110113486,-8.48005322599994 -77.109403486,-8.47981660199997 -77.108727487,-8.47983360099994 -77.107763862,-8.48020535199993 -77.106952737,-8.48061097599998 -77.106043111,-8.48160347699996 -77.105668237,-8.48230122699994 -77.105245611,-8.48265622599996 -77.104341736,-8.48281060199997 -77.1039277359999,-8.48301760099997 -77.103296861,-8.48333197699998 -77.103091611,-8.48366597699993 -77.1031152369999,-8.48433597699994 -77.102804611,-8.48564522699996 -77.102659611,-8.48625635199994 -77.1018864869999,-8.48765697599993 -77.1013244869999,-8.48820010099996 -77.1009018619999,-8.48823385199995 -77.100597611,-8.48796347699994 -77.099013612,-8.48684572699995 -77.098384736,-8.48655860199995 -77.0972929869999,-8.48605860099997 -77.096543111,-8.48595310099995 -77.0960409859999,-8.48588285199997 -77.094867236,-8.48595310099995 -77.094277362,-8.48557422699997 -77.092408237,-8.48370510099994 -77.091326237,-8.48274022699997 -77.090279362,-8.48232810099995 -77.089732361,-8.48238285099995 -77.0888788619999,-8.48282222699993 -77.087560486,-8.48386722699996 -77.0867541119999,-8.48450497699997 -77.086501361,-8.48472710099998 -77.0849576109999,-8.48608447699996 -77.0840561109999,-8.48660285099993 -77.081937736,-8.48725635199997 -77.0808334869999,-8.48818047699996 -77.0807112369999,-8.48857947699997 -77.080297736,-8.48992935199993 -77.079768611,-8.49301722599995 -77.079616487,-8.49390447599995 -77.0798079859999,-8.49513372699994 -77.079920611,-8.49585610099996 -77.080111362,-8.49703510099994 -77.080550737,-8.49832810099997 -77.083560362,-8.50048497699993 -77.0849559869999,-8.50203735099996 -77.085209111,-8.50264847599993 -77.085199861,-8.50337722699993 -77.0851659859999,-8.50355272699994 -77.0849218609999,-8.50413085099996 -77.084960987,-8.50622460099993 -77.085044861,-8.50631060199993 -77.085029236,-8.50800385199994 -77.0852657359999,-8.50949410099997 -77.0854941109999,-8.50995310099995 -77.086197236,-8.51069535099998 -77.086830111,-8.51121097599997 -77.087525361,-8.51160935199994 -77.088103486,-8.51189060199994 -77.089671736,-8.51229722699998 -77.090681737,-8.51303747599997 -77.0911324859999,-8.51362347599996 -77.091538111,-8.51459260199994 -77.0917859859999,-8.51619260099994 -77.091650736,-8.51698135199996 -77.0895098619999,-8.51894210199993 -77.0890492359999,-8.51978272599996 -77.088684987,-8.52044760199993 -77.088270361,-8.52155622699996 -77.086837862,-8.52320310199997 -77.086411486,-8.52361422699994 -77.0852731109999,-8.52471122699995 -77.084332237,-8.52561797599998 -77.083177236,-8.52608597699998 -77.0802926109999,-8.52593572599994 -77.078636737,-8.52611197699997 -77.0779466119999,-8.52618547599997 -77.075879862,-8.52665072699995 -77.075480361,-8.52713822599998 -77.075334611,-8.52842972599996 -77.075320861,-8.52925447599995 -77.075312111,-8.52978185199993 -77.0756952359999,-8.53192285199998 -77.076014237,-8.53289135099993 -77.075968111,-8.53355960199997 -77.075662111,-8.53420460199993 -77.0745008609999,-8.53503272699993 -77.073103612,-8.53591172599994 -77.071815487,-8.53630635199994 -77.071419986,-8.53634772699996 -77.0704608619999,-8.53644922599995 -77.069638611,-8.53653335199994 -77.069204986,-8.53625060199994 -77.068444986,-8.53575535099998 -77.0684007369999,-8.53575522699998 -77.067694987,-8.53575397599997 -77.066889986,-8.53605547699993 -77.0661571109999,-8.53619972699994 -77.065306111,-8.53688072699993 -77.064002612,-8.53725697699997 -77.063574736,-8.53738047699994 -77.0615876109999,-8.53737647699995 -77.061001736,-8.53778222699998 -77.060646861,-8.53854622699993 -77.060731361,-8.54003572699997 -77.060651486,-8.54201010199995 -77.060621111,-8.54276135099997 -77.059996112,-8.54363872699997 -77.059414111,-8.54407422699995 -77.057373486,-8.54465572699996 -77.056926736,-8.54478297699995 -77.0565621109999,-8.54521610199993 -77.056426861,-8.54537685099996 -77.056314237,-8.54632335099996 -77.0565616119999,-8.54776672699995 -77.056568362,-8.54807797599995 -77.0565846109999,-8.54882485099995 -77.056111361,-8.54970372599996 -77.054871987,-8.55060522599996 -77.0534071119999,-8.55119110099997 -77.052167611,-8.55188972699995 -77.051468986,-8.55267847599993 -77.0511728609999,-8.55286260199995 -77.0498013609999,-8.55371522699994 -77.047142111,-8.55360247699997 -77.0441621109999,-8.55324535099993 -77.044144737,-8.55324172699994 -77.042770112,-8.55339960099997 -77.0405678609999,-8.55332560099993 -77.040088236,-8.55330947699997 -77.038447236,-8.55351372599995 -77.037371111,-8.55333985099998 -77.0370714869999,-8.55265285199994 -77.037059486,-8.55255910099993 -77.036707861,-8.54981647699998 -77.036595236,-8.54893747699998 -77.036076861,-8.54740510099998 -77.034977611,-8.54474797699993 -77.034056487,-8.54357010199993 -77.033370362,-8.54286647599997 -77.032485736,-8.54153947699996 -77.031419861,-8.54088285199998 -77.0307053619999,-8.54082110199994 -77.030239986,-8.54098235199996 -77.0260933609999,-8.54249235099996 -77.024380611,-8.54303310199998 -77.023434111,-8.54289785199995 -77.021225611,-8.54123022699997 -77.019336487,-8.54022772699994 -77.017587486,-8.53982172599996 -77.015932112,-8.53979047699994 -77.0149327359999,-8.53944685199997 -77.013652112,-8.53875972599997 -77.012527736,-8.53801010099994 -77.011597611,-8.53768747699996 -77.011372111,-8.53829122599996 -77.0112783609999,-8.53922822699997 -77.011218486,-8.53969972599998 -77.0108047369999,-8.54005272699993 -77.008500736,-8.54139435099995 -77.0060303609999,-8.54447247599995 -77.005226486,-8.54525685099998 -77.005056111,-8.54531635199993 -77.003363986,-8.54590710199994 -77.002239736,-8.54679585199995 -76.997691237,-8.55210260199993 -76.995782861,-8.55495210199996 -76.9948418609999,-8.55563172599994 -76.992914361,-8.55629510199998 -76.9904449859999,-8.55654197699994 -76.988044986,-8.55678197699996 -76.987260737,-8.55686035099995 -76.985718361,-8.55769697599993 -76.984568236,-8.55795835199996 -76.982044237,-8.55862397599998 -76.979451861,-8.55965472599996 -76.978058986,-8.56036335099998 -76.9773008609999,-8.56059872699996 -76.975784736,-8.56072935199995 -76.974346861,-8.56096460099997 -76.9725953609999,-8.56041560199998 -76.972070361,-8.56044022599997 -76.9706993619999,-8.56050472699997 -76.969144736,-8.56042872599994 -76.967769486,-8.55988772599994 -76.967018486,-8.55959222599995 -76.966181986,-8.55844197699997 -76.965199361,-8.55555347699993 -76.965031736,-8.55506097599994 -76.964299861,-8.55429422599997 -76.961344361,-8.55365297699996 -76.960556361,-8.55348197699993 -76.9590227369999,-8.55217147699994 -76.958632236,-8.55150222599997 -76.958450361,-8.55095635199996 -76.958130362,-8.54999647699998 -76.957879362,-8.54846285099995 -76.9570428609999,-8.54709647699997 -76.955369861,-8.54559072699993 -76.954226611,-8.54533985199993 -76.9521909859999,-8.54570235099993 -76.950852611,-8.54571072699997 -76.9498709869999,-8.54559910099994 -76.948889486,-8.54566610199993 -76.9482202359999,-8.54602297599996 -76.947127236,-8.54856610199994 -76.946546111,-8.54906985199995 -76.945275736,-8.54950297699997 -76.943312611,-8.55017222699996 -76.941955611,-8.55078435199994 -76.941565111,-8.55103422699995 -76.940122736,-8.55195672699995 -76.9400334859999,-8.55258135199995 -76.940472986,-8.55340810099995 -76.941003987,-8.55406397699994 -76.941628486,-8.55512585199995 -76.942471986,-8.55584422599998 -76.942378236,-8.55684385199993 -76.941371862,-8.55847060099995 -76.940791861,-8.55922897699998 -76.937958861,-8.56137047699997 -76.9369773609999,-8.56239660099993 -76.9369103609999,-8.56373510199995 -76.936976987,-8.56536597699994 -76.936999611,-8.56592122599994 -76.936667986,-8.56658197699994 -76.935971986,-8.56696685199995 -76.9343673609999,-8.56703660199997 -76.9328281109999,-8.56710347599994 -76.930169861,-8.56755272699996 -76.928188236,-8.56839735199998 -76.9268273609999,-8.56897735199993 -76.9242397359999,-8.56924510199997 -76.921094486,-8.56995885199996 -76.919175987,-8.57011497599996 -76.916298361,-8.57015972699998 -76.914870611,-8.56971347699994 -76.913421861,-8.56899610099993 -76.9116137359999,-8.56846422699994 -76.910544611,-8.56832147699993 -76.9083707359999,-8.56803072699995 -76.906463361,-8.56718485199997 -76.905610236,-8.56673722699998 -76.9038358609999,-8.56580585099994 -76.902794736,-8.56577622599997 -76.901962111,-8.56619260099995 -76.900772361,-8.56756085099994 -76.898690361,-8.56863160199993 -76.897672112,-8.56870697599993 -76.897084236,-8.56875060199997 -76.895834986,-8.56767985099998 -76.895745736,-8.56717422599996 -76.896231111,-8.56527035199997 -76.896251362,-8.56425935099998 -76.896281111,-8.56277222699993 -76.896233111,-8.56246035099997 -76.896162111,-8.56199885199993 -76.895745736,-8.56167172699998 -76.8936339859999,-8.56089835099993 -76.892867736,-8.56056372599994 -76.8925123609999,-8.55981135199994 -76.8921622359999,-8.55907010199996 -76.891807736,-8.55831960199993 -76.8916709869999,-8.55803010099993 -76.891365236,-8.55738285099994 -76.890556611,-8.55612310199996 -76.889967236,-8.55577697599995 -76.8896881109999,-8.55561310099995 -76.887952986,-8.55486935199997 -76.887358111,-8.55479810099996 -76.886572862,-8.55527385099998 -76.885692486,-8.55639222699995 -76.884883486,-8.55779610199994 -76.884439986,-8.55824897699995 -76.8826229859999,-8.55867647599996 -76.8818139859999,-8.55886685199994 -76.880314986,-8.55877172699996 -76.878744486,-8.55841472699996 -76.877745112,-8.55762960199996 -76.877292986,-8.55741522599993 -76.8766981109999,-8.55743922599993 -76.8748897359999,-8.55820060099995 -76.873438236,-8.55991385099998 -76.872296112,-8.56200772599993 -76.870895611,-8.56404372599997 -76.868869736,-8.56517247699998 -76.866454236,-8.56623335099994 -76.865627736,-8.56637110199995 -76.864701611,-8.56634960099996 -76.864371486,-8.56614735099993 -76.863743486,-8.56514660099998 -76.863030236,-8.56427372699994 -76.862944861,-8.56391135099994 -76.863018736,-8.56090960199998 -76.8631973609999,-8.55815322699993 -76.863373111,-8.55544060099993 -76.8631352359999,-8.55382235199994 -76.862540361,-8.55253735199994 -76.861707611,-8.55201397599996 -76.8610721109999,-8.55202697699997 -76.860541611,-8.55203785199996 -76.8590901109999,-8.55190835199994 -76.8570676109999,-8.55158572699997 -76.854345736,-8.55079097599997 -76.852189736,-8.55068147699996 -76.8498038609999,-8.54878510099996 -76.848992111,-8.54804822699998 -76.848144611,-8.54727885099993 -76.8472667359999,-8.54648185099995 -76.846842361,-8.54578972699994 -76.846802736,-8.54570310199995 -76.8466953609999,-8.54449810199998 -76.846787111,-8.54260160099994 -76.8459949859999,-8.53997460199997 -76.845989236,-8.53935660199994 -76.8459793609999,-8.53830835199994 -76.845961611,-8.53642935199997 -76.8458603609999,-8.53588122699995 -76.845345611,-8.53523422699993 -76.844291986,-8.53432310199997 -76.843952111,-8.53402935199995 -76.843266736,-8.53297835199993 -76.8428384859999,-8.53245485199994 -76.842743236,-8.53126510099997 -76.843052611,-8.52978985199996 -76.8434916109999,-8.52672585199997 -76.843181236,-8.52612122599993 -76.843106237,-8.52599310199997 -76.842659111,-8.52522997599993 -76.841006237,-8.52403160099993 -76.840054486,-8.52334147599993 -76.838174736,-8.52317497699994 -76.837627361,-8.52288947699998 -76.8369611109999,-8.52212797699997 -76.836532861,-8.52117622699996 -76.8358868609999,-8.52003910099995 -76.834605486,-8.51879672599995 -76.8336168609999,-8.51783822699997 -76.832892236,-8.51741660099998 -76.831583611,-8.51665522599995 -76.8307269859999,-8.51634585099993 -76.829156486,-8.51613160199997 -76.828133361,-8.51620310099997 -76.826396361,-8.51703597599993 -76.824683111,-8.51829710199996 -76.823035611,-8.51855810199993 -76.822271986,-8.51825785099993 -76.822218111,-8.51823660199994 -76.8211614859999,-8.51782122699996 -76.818717611,-8.51765822699997 -76.8178064859999,-8.51716297599995 -76.815165361,-8.51572722599997 -76.8143193609999,-8.51551872699997 -76.813285486,-8.51503722699994 -76.8098114859999,-8.51341922699993 -76.809365236,-8.51309935099994 -76.806699361,-8.51118910099996 -76.8059806109999,-8.51099210099994 -76.804449861,-8.51057272699995 -76.8042147359999,-8.51057535099994 -76.803282736,-8.51058560099995 -76.801012736,-8.51085485199997 -76.799772111,-8.51077322699996 -76.7990632359999,-8.51072660099993 -76.796754736,-8.51085485099998 -76.796318736,-8.51118822699993 -76.7954851109999,-8.51207322699997 -76.794787861,-8.51374522599997 -76.794356486,-8.51470247599997 -76.793945986,-8.51561310199997 -76.792548111,-8.51984535199995 -76.7918812359999,-8.52137147599996 -76.791368236,-8.52235897599996 -76.790149861,-8.52364135199997 -76.789089986,-8.52408022699996 -76.7889894859999,-8.52412185099996 -76.788249486,-8.52421122699997 -76.7874437359999,-8.52430847699998 -76.785955986,-8.52448797599993 -76.784776111,-8.52444947599997 -76.783481861,-8.52397197699997 -76.783019111,-8.52383385199994 -76.782287986,-8.52361585099993 -76.781505736,-8.52319260099995 -76.780556611,-8.52278222599995 -76.779248486,-8.52198710199997 -76.778592236,-8.52164210199993 -76.777683861,-8.52155097699995 -76.777093861,-8.52166647599995 -76.7763756109999,-8.52211535199996 -76.7758369859999,-8.52235897699995 -76.775208611,-8.52253860099995 -76.7739387359999,-8.52269247699996 -76.7731051109999,-8.52324397599995 -76.772605111,-8.52382110199994 -76.772258736,-8.52478297599993 -76.7718227359999,-8.52559097599993 -76.7714508609999,-8.52612947699993 -76.7690653609999,-8.52669385099995 -76.7684241109999,-8.52680935199993 -76.7678597359999,-8.52673235099996 -76.767372361,-8.52646310099993 -76.766346361,-8.52569360099994 -76.765884736,-8.52527035199995 -76.765063861,-8.52516772699994 -76.7643452359999,-8.52513022599993 -76.764030861,-8.52511410099993 -76.7634207359999,-8.52508235099998 -76.763088861,-8.52506510099994 -76.762280486,-8.52470785199995 -76.761395861,-8.52293872699994 -76.760877361,-8.52223722699995 -76.759810736,-8.52171335099996 -76.758955611,-8.52156610199995 -76.756960986,-8.52122247699998 -76.755792486,-8.52044347699996 -76.755422486,-8.52019685199997 -76.754959736,-8.51988847599995 -76.7545937359999,-8.51964460099992 -76.753190611,-8.51961397699995 -76.750525986,-8.52034835199993 -76.750048611,-8.52047985099995 -76.749544986,-8.52061885099994 -76.749263361,-8.52069660199993 -76.7484321109999,-8.52092560199998 -76.743887236,-8.52284722699994 -76.741952611,-8.52428585099995 -76.741507986,-8.52461635099996 -76.7409893609999,-8.52464685199993 -76.739837861,-8.52332810099995 -76.7392558609999,-8.52218160099994 -76.738449236,-8.52132222699993 -76.737753861,-8.52086522599996 -76.735991986,-8.52005635199993 -76.735008486,-8.51941897699993 -76.733954236,-8.51855347699995 -76.733364111,-8.51820735099994 -76.733292736,-8.51818722699994 -76.732522111,-8.51797122599993 -76.732042236,-8.51752272599998 -76.7319316109999,-8.51649997599998 -76.731881361,-8.51627935199997 -76.731838861,-8.51609297699997 -76.731095486,-8.51524022599995 -76.729904361,-8.51481835199996 -76.728403986,-8.51500447599994 -76.7276437359999,-8.51531060199994 -76.727252361,-8.51546810199994 -76.7251232359999,-8.51679210199995 -76.722785486,-8.51824585199995 -76.722062986,-8.51834010099998 -76.720526236,-8.51854060199997 -76.720131486,-8.51874860199996 -76.719434486,-8.51911585099998 -76.7181257359999,-8.52063872699995 -76.716103736,-8.52299160199993 -76.7134382359999,-8.52575447599997 -76.712986111,-8.52642085099995 -76.712581611,-8.52725360099993 -76.712010611,-8.52777710099997 -76.710915986,-8.52808635199995 -76.708155861,-8.52968047599995 -76.707289236,-8.53018122599997 -76.705094861,-8.53083710099997 -76.704314486,-8.53107035099993 -76.700803486,-8.53179972599997 -76.6998563609999,-8.53199647599996 -76.699590486,-8.53203897699996 -76.6973711109999,-8.53239385199993 -76.6973084859999,-8.53240010099995 -76.697271486,-8.53240822599997 -76.696654236,-8.53234185099996 -76.695302736,-8.53193360199998 -76.6937167359999,-8.53195510099994 -76.693306611,-8.53190235199997 -76.692671861,-8.53159760099993 -76.691417986,-8.53068560199995 -76.6906582359999,-8.53038872699994 -76.6901229859999,-8.53041797599997 -76.690070361,-8.53044335199996 -76.6892499859999,-8.53082222699993 -76.688781236,-8.53097660199995 -76.688312486,-8.53101172699996 -76.687958861,-8.53096097699995 -76.687386736,-8.53068360099996 -76.687146486,-8.53062497599996 -76.686117236,-8.52952147699995 -76.6856034859999,-8.52933397599998 -76.684968736,-8.52920697699994 -76.682894486,-8.52850785099997 -76.681974611,-8.52837310199993 -76.679962861,-8.52757622599995 -76.6795332359999,-8.52620122699994 -76.6794334859999,-8.52546485199997 -76.679730486,-8.52400972599997 -76.679720736,-8.52358985099994 -76.679439486,-8.52228922699993 -76.679269486,-8.52193560199993 -76.678871111,-8.52152735199996 -76.678435486,-8.52106635199993 -76.677435611,-8.52112885099996 -76.6753554859999,-8.52141210199994 -76.6733847359999,-8.52134372699993 -76.671816361,-8.52172660199994 -76.6705819859999,-8.52202735199995 -76.6697949859999,-8.52227735099996 -76.669091861,-8.52238472599993 -76.668835986,-8.52251760199994 -76.6686641109999,-8.52300197699998 -76.6686484859999,-8.52334372699994 -76.668771361,-8.52411322699993 -76.6683104859999,-8.52439647699993 -76.667898486,-8.52478510199995 -76.667632861,-8.52538672599997 -76.6672089859999,-8.52574022599993 -76.6669687359999,-8.52586722699994 -76.666531236,-8.52590622599996 -76.665365236,-8.52579497699998 -76.664294861,-8.52546097599998 -76.662986361,-8.52519722699998 -76.662482486,-8.52493360099993 -76.661556611,-8.52423635099996 -76.660656236,-8.52376172699996 -76.6596718609999,-8.52357622699998 -76.658687486,-8.52299610099993 -76.658341736,-8.52287110199995 -76.657970736,-8.52288285099996 -76.6568944859999,-8.52346097599997 -76.656283236,-8.52348247599997 -76.6560604859999,-8.52333397599995 -76.655583986,-8.52241797699998 -76.655461111,-8.52179685199997 -76.655013611,-8.52142772599996 -76.6547266109999,-8.52131447599993 -76.6530078609999,-8.52094535199996 -76.652515611,-8.52100385099993 -76.6518476109999,-8.52119722699996 -76.650134736,-8.52187885099994 -76.649201111,-8.52231060099996 -76.647535111,-8.52308397599995 -76.646201111,-8.52356247699993 -76.645951111,-8.52366410099995 -76.6451894859999,-8.52371872699996 -76.6434843609999,-8.52364847699994 -76.642574236,-8.52339647699995 -76.642050736,-8.52314847699995 -76.641656236,-8.52279685199994 -76.641544986,-8.52269722599993 -76.641203111,-8.52209372699997 -76.6406913609999,-8.52139447699994 -76.640013611,-8.52012697699996 -76.639730486,-8.51973822699995 -76.639205111,-8.51922072599996 -76.6382109859999,-8.51844922699996 -76.637884736,-8.51809760099997 -76.637396611,-8.51696285099996 -76.637273486,-8.51620697699997 -76.637247986,-8.51506060099996 -76.6371093609999,-8.51480272699996 -76.6367948609999,-8.51456247599998 -76.636701111,-8.51455072699997 -76.63628511,-8.51470897699994 -76.634591611,-8.51562697599996 -76.634249986,-8.51572460199998 -76.633648486,-8.51570510199997 -76.6332422359999,-8.51553710199994 -76.632497986,-8.51504097699996 -76.631388611,-8.51501760099995 -76.630945361,-8.51500785099995 -76.6307031109999,-8.51492972699998 -76.6304356109999,-8.51470897699994 -76.6301386109999,-8.51426172699996 -76.630027361,-8.51409372599994 -76.6296269859999,-8.51394135199996 -76.6289667359999,-8.51385547699994 -76.628105486,-8.51394135199996 -76.627839861,-8.51396685199995 -76.627175735,-8.51382810199993 -76.6268359859999,-8.51362497599996 -76.625587861,-8.51259572599997 -76.625169861,-8.51238472699993 -76.624316361,-8.51195310199995 -76.6240176109999,-8.51199997699996 -76.623511736,-8.51251172699995 -76.623152236,-8.51265822699997 -76.6226367359999,-8.51276172699994 -76.621910111,-8.51274410199994 -76.6214688599999,-8.51249410099996 -76.621013611,-8.51185547599994 -76.620802736,-8.51166010199995 -76.6203691109999,-8.51157810199993 -76.619874986,-8.51181247699998 -76.619333986,-8.51253510099997 -76.618488236,-8.51283597699995 -76.6175586109999,-8.51292972699997 -76.616328111,-8.51331247599995 -76.615542986,-8.51348047599993 -76.614814361,-8.51341997599997 -76.6144902359999,-8.51323435099994 -76.614351611,-8.51269922699993 -76.614402361,-8.51140035099996 -76.614341736,-8.51099610199998 -76.614310611,-8.51079497699993 -76.614179736,-8.51051372599994 -76.6136894859999,-8.51024410199994 -76.613179735,-8.51025972599996 -76.612345736,-8.51054097699995 -76.6117558609999,-8.51091210199996 -76.6114042359999,-8.51127535099994 -76.610792986,-8.51173260199994 -76.6102968599999,-8.51199022699996 -76.608412111,-8.51250960199997 -76.6074823609999,-8.51248047599995 -76.60644136,-8.51253510099997 -76.605917986,-8.51246872699994 -76.605746111,-8.51246485199994 -76.604960986,-8.51218560099994 -76.6048458609999,-8.51214447599995 -76.6039023609999,-8.51204297699996 -76.602353486,-8.51219722599996 -76.601503861,-8.51206635199998 -76.600636736,-8.51163872599994 -76.599738236,-8.51111322699995 -76.598451111,-8.51106447599994 -76.597884736,-8.51090610099993 -76.5971698609999,-8.51060935099997 -76.595634736,-8.50980860099997 -76.595414111,-8.50970122699994 -76.593982361,-8.50868947599997 -76.5932871109999,-8.50834760099997 -76.5930409859999,-8.50828910099995 -76.592740361,-8.50834372599996 -76.5921718609999,-8.50860935199995 -76.5916701099999,-8.50874410199998 -76.5912909859999,-8.50867972699996 -76.590574236,-8.50839272699994 -76.590205111,-8.50832810099996 -76.589527361,-8.50858985199994 -76.5891308609999,-8.50874410199998 -76.5890194849999,-8.50878710099994 -76.5882382359999,-8.50865435199995 -76.587621111,-8.50867572599998 -76.587255861,-8.50881447699993 -76.586511736,-8.50927347699997 -76.5857773609999,-8.50962110199993 -76.584449235,-8.51002535199996 -76.583746111,-8.51009185099997 -76.5831913609999,-8.51001372699994 -76.581234361,-8.50934760099994 -76.5804413609999,-8.50922847699997 -76.579956986,-8.50904497699997 -76.579468736,-8.50856247599995 -76.578734361,-8.50764060099993 -76.5786834849999,-8.50757622699996 -76.578330111,-8.50730472699996 -76.577898486,-8.50717572599996 -76.5770761109999,-8.50716010099995 -76.575843735,-8.50701560199997 -76.574785111,-8.50672847699997 -76.5742636109999,-8.50673047599997 -76.573531236,-8.50721697699993 -76.573056611,-8.50742185099995 -76.5726641099999,-8.50750972699996 -76.571919861,-8.50757035099997 -76.5712871109999,-8.50800385199994 -76.570388736,-8.50833997699993 -76.5693066109999,-8.50840035099998 -76.568550736,-8.50836722599996 -76.568146486,-8.50836910199996 -76.567566486,-8.50819922699998 -76.566994111,-8.50820122699997 -76.566292986,-8.50814647699997 -76.565669736,-8.50783985099997 -76.565189486,-8.50733397599993 -76.564624986,-8.50673622699998 -76.564111361,-8.50619335199997 -76.563915986,-8.50598635199998 -76.5631757359999,-8.50550785199994 -76.562941361,-8.50519135099995 -76.562435611,-8.50494922699994 -76.562160111,-8.50481635099993 -76.5615488609999,-8.50482222699998 -76.560771486,-8.50483010199997 -76.5601034859999,-8.50489447699994 -76.5595898609999,-8.50494922699994 -76.559068235,-8.50466997699993 -76.5585877359999,-8.50404685099994 -76.558265611,-8.50363085099997 -76.558089861,-8.50340235099998 -76.5576269859999,-8.50314260199997 -76.556642611,-8.50258985099993 -76.555496111,-8.50216797599995 -76.554521485,-8.50156247599995 -76.553494111,-8.50091997599998 -76.5528808609999,-8.50053910199995 -76.552484361,-8.50029097599997 -76.5522558609999,-8.49995697599996 -76.552040861,-8.49966210199995 -76.551841735,-8.49939847699994 -76.55173436,-8.49923435199997 -76.551622986,-8.49910747699994 -76.5514374859999,-8.49894722599993 -76.551247986,-8.49883597599995 -76.551087861,-8.49879097599995 -76.5508867359999,-8.49880860099995 -76.550406235,-8.49885360199994 -76.550144486,-8.49888672699996 -76.549902236,-8.49888672599997 -76.549622986,-8.49884960199995 -76.549308611,-8.49883397599996 -76.548794985,-8.49866410199996 -76.548255861,-8.49810535099994 -76.547990236,-8.49783010199997 -76.5478066109999,-8.49764060199993 -76.547384736,-8.49777147699996 -76.546855361,-8.49816410099993 -76.5461308609999,-8.49841797599993 -76.545037236,-8.49873635099993 -76.544609361,-8.49905472699993 -76.544351611,-8.49929885199998 -76.544316486,-8.49964260199994 -76.5444569859999,-8.50044922599994 -76.5447676109999,-8.50111522699996 -76.545081986,-8.50150785199997 -76.5453104859999,-8.50167972699995 -76.545634736,-8.50204297599993 -76.545749985,-8.50255660199997 -76.545689486,-8.50317572599994 -76.545650361,-8.50356060099995 -76.545406236,-8.50378510199994 -76.545064361,-8.50410547699994 -76.544580111,-8.50455860199997 -76.544228486,-8.50488872599993 -76.543747986,-8.50533785099998 -76.543494111,-8.50557422599996 -76.5433867359999,-8.50607222599996 -76.543023486,-8.50685160099994 -76.542824235,-8.50727735199996 -76.542630861,-8.50769910199995 -76.542562485,-8.50832035199994 -76.542521485,-8.50871872699997 -76.542687486,-8.50919135099997 -76.542687486,-8.50971097699994 -76.542431611,-8.50991410099994 -76.542083986,-8.51018947599994 -76.541570361,-8.51059760199996 -76.541181611,-8.51090447699994 -76.540740236,-8.51125585099993 -76.5405194859999,-8.51142972699995 -76.540384736,-8.51188085199993 -76.540273486,-8.51225585099996 -76.540167986,-8.51260547599998 -76.540074235,-8.51292185199998 -76.539790986,-8.51319135099993 -76.539574236,-8.51340035099997 -76.539206986,-8.51344722699997 -76.53874611,-8.51327147699993 -76.5383829849999,-8.51324410199993 -76.537941361,-8.51327147699993 -76.537640611,-8.51350197699998 -76.537259736,-8.51386322699994 -76.536497986,-8.51433397699998 -76.535771486,-8.51466010099995 -76.5352402359999,-8.51497072599994 -76.534525361,-8.51554685099995 -76.534035111,-8.51600785199997 -76.533646486,-8.51656447599993 -76.533220736,-8.51707810199997 -76.5327871109999,-8.51742385199998 -76.532255861,-8.51775197599994 -76.531283235,-8.51811522699995 -76.530386736,-8.51850385199998 -76.529794986,-8.51896485099996 -76.529537235,-8.51932810199997 -76.529378736,-8.51974410199995 -76.529289111,-8.52003510099996 -76.528988236,-8.52071685099997 -76.528775361,-8.52113285099995 -76.5285097349999,-8.52155860199997 -76.528165986,-8.52183397699997 -76.527827986,-8.52199222599995 -76.527216736,-8.52224997699994 -76.526535111,-8.52255860099996 -76.525951236,-8.52306460099993 -76.525384736,-8.52355072599994 -76.524818361,-8.52402935199996 -76.524224611,-8.52460547699997 -76.52387886,-8.52505660099996 -76.523410111,-8.52574810099998 -76.523224611,-8.52600385199997 -76.522826235,-8.52633785199993 -76.5224003609999,-8.52664060199993 -76.521755861,-8.52681060199995 -76.521187486,-8.52693360199993 -76.520718861,-8.52718147699994 -76.520363236,-8.52749222699993 -76.5201953609999,-8.52776560199993 -76.519956986,-8.52856247699998 -76.5198593599999,-8.52890035199994 -76.519691361,-8.52942185199993 -76.519408361,-8.52962497599998 -76.518947236,-8.52988285199996 -76.5182656109999,-8.53026560099994 -76.51778711,-8.53061722599995 -76.517193361,-8.53092772699995 -76.51698236,-8.53121097699994 -76.516679736,-8.53175010099994 -76.516503861,-8.53219335199998 -76.5162284849999,-8.53285747699994 -76.515804736,-8.53322847599998 -76.515255861,-8.53363672699993 -76.514289111,-8.53417772699993 -76.513634736,-8.53460160099996 -76.513316485,-8.53473435199993 -76.512785111,-8.53490235199996 -76.512324236,-8.53504497599994 -76.5118281109999,-8.53522260199998 -76.511164111,-8.53543360199996 -76.5106503599999,-8.53564647699994 -76.510091861,-8.53584960099994 -76.509455111,-8.53596485099996 -76.508622986,-8.53607222699998 -76.508056611,-8.53610747699997 -76.507460986,-8.53596685099996 -76.5070819859999,-8.53592572699995 -76.5067166109999,-8.53572072699995 -76.506341861,-8.53555072699993 -76.5059667359999,-8.53548635099997 -76.505517611,-8.53547660199996 -76.505124985,-8.53555072699993 -76.5048163609999,-8.53583197699993 -76.5043516109999,-8.53626560199996 -76.503769486,-8.53724610199993 -76.502691361,-8.53880647599993 -76.501476736,-8.54048435199996 -76.500833986,-8.54234185199994 -76.499656236,-8.54433985099996 -76.49876361,-8.54583985199997 -76.498085985,-8.54691010199997 -76.497408236,-8.54801760199996 -76.4961933609999,-8.54876760199994 -76.494837861,-8.54958785099996 -76.494408236,-8.55040822699993 -76.493513611,-8.55183785099996 -76.493558611,-8.55301160199997 -76.494445486,-8.55459372699994 -76.495907861,-8.55605597599993 -76.496842735,-8.55785385199994 -76.496947361,-8.55823260099993 -76.497537861,-8.56037097699993 -76.4987364849999,-8.56312772699994 -76.499090236,-8.56394110199994 -76.499000236,-8.56463797699996 -76.4978736099999,-8.56622010199993 -76.496359236,-8.56815085199997 -76.49595586,-8.56866522699994 -76.495500361,-8.56988772699998 -76.49510186,-8.57227835099997 -76.4949729859999,-8.57305197599993 -76.495312235,-8.57424560099997 -76.495620236,-8.57532935199993 -76.4953086099999,-8.57576085099993 -76.493870235,-8.57583272599993 -76.4925038599999,-8.57576085099993 -76.49084986,-8.57542510199994 -76.4886923609999,-8.57475397599995 -76.487445861,-8.57427460199995 -76.4844423599999,-8.57357472699994 -76.482448236,-8.57284985099994 -76.4819824859999,-8.57268060099994 -76.4819101109999,-8.57265435199997 -76.479573736,-8.57245860099994 -76.477785236,-8.57230885199994 -76.4766596109999,-8.57218097699996 -76.47462111,-8.57194935099994 -76.472565736,-8.57171572599998 -76.469802611,-8.57132597699996 -76.4689018609999,-8.57097910199997 -76.4677123609999,-8.57052085199996 -76.466167361,-8.56974297699998 -76.46573011,-8.56864985099998 -76.465589861,-8.56772060099996 -76.466854486,-8.56621360199995 -76.467885236,-8.56480810099993 -76.468172486,-8.56343935199993 -76.4680107359999,-8.56108297699996 -76.468006111,-8.56101435099993 -76.467927486,-8.55986997599996 -76.4679471109999,-8.55980885099996 -76.467860861,-8.55842922699998 -76.467405486,-8.55761422699993 -76.4659192359999,-8.55617572599994 -76.4655181109999,-8.55555997599993 -76.465247986,-8.55514510099994 -76.464408985,-8.55291572699997 -76.4619678609999,-8.54913285099997 -76.4618886109999,-8.54901760199994 -76.4610644859999,-8.54798247599996 -76.460229111,-8.54680922599994 -76.458847486,-8.54507697699995 -76.457840736,-8.54179285099997 -76.4566901109999,-8.53831685199998 -76.456298486,-8.53739560099996 -76.455467486,-8.53544035199997 -76.455203861,-8.53381022699995 -76.455251736,-8.53253972699997 -76.455731235,-8.53122122699995 -76.4560063599999,-8.53077922599994 -76.4562167349999,-8.53044147699995 -76.456522236,-8.52995072699997 -76.4566588609999,-8.52946172699995 -76.457328361,-8.52801560099994 -76.457281236,-8.52749410099995 -76.4571538609999,-8.52718060199993 -76.456594111,-8.52580360099995 -76.4552979859999,-8.52424422599995 -76.4537557359999,-8.52277172599997 -76.452399111,-8.52088935199993 -76.4518799859999,-8.52027810199996 -76.4513203609999,-8.51961910099993 -76.45024161,-8.51875597599997 -76.449594361,-8.51753335099994 -76.4494943609999,-8.51494510099997 -76.449464861,-8.51343647599998 -76.449435111,-8.51191197599996 -76.4492499849999,-8.51092772699997 -76.449119111,-8.51027535099996 -76.448002736,-8.50883197599995 -76.447317111,-8.50700972699997 -76.4468712359999,-8.50582485199993 -76.446310236,-8.50283872699993 -76.445111611,-8.50027372699998 -76.444344611,-8.49821210199997 -76.444152861,-8.49682172599995 -76.44425236,-8.49581785099997 -76.4444689859999,-8.49363072599994 -76.444495736,-8.49336160199994 -76.444458985,-8.49311522599993 -76.444540736,-8.49085472599995 -76.444344611,-8.48955835099997 -76.443953611,-8.48879185099997 -76.442284485,-8.48723585199997 -76.441947361,-8.48692147599996 -76.440485111,-8.48541122699993 -76.4395262359999,-8.48370922599997 -76.438902986,-8.48171960099995 -76.438822736,-8.47978647699995 -76.4383439859999,-8.47859085199997 -76.4378729859999,-8.47797460099997 -76.436371111,-8.47637310099998 -76.435790861,-8.47493747699997 -76.435494111,-8.47313085199994 -76.4361797349999,-8.47114447599995 -76.436179736,-8.47062497699994 -76.4361718599999,-8.47010935099996 -76.436058611,-8.46988085099997 -76.435187486,-8.46879297599997 -76.433685611,-8.46764847699995 -76.4313729849999,-8.46656635099993 -76.430732486,-8.46610935099994 -76.429634736,-8.46507810199995 -76.428999985,-8.46433397599998 -76.42795511,-8.46290235199996 -76.42792286,-8.46284160199997 -76.426893111,-8.46100797599996 -76.426269861,-8.45964160199998 -76.4253589849999,-8.45568622699994 -76.4251911109999,-8.45422397699997 -76.424759611,-8.45362460099994 -76.424292236,-8.45333122599993 -76.423673486,-8.45294272599995 -76.4235633599999,-8.45287360099996 -76.422733986,-8.45227122599994 -76.421595361,-8.45079597599994 -76.419845486,-8.44878235199997 -76.418923111,-8.44691460199994 -76.4183971109999,-8.44546935099993 -76.418023611,-8.44444347599995 -76.417496235,-8.44374822599997 -76.4168009859999,-8.44343660099997 -76.414984486,-8.44323497699997 -76.4143338599999,-8.44316272599997 -76.41267786,-8.44278935099993 -76.412159861,-8.44267260099997 -76.411401736,-8.44250160099995 -76.4107601109999,-8.44214222599993 -76.4098948609999,-8.44127260199997 -76.409126986,-8.44085347699996 -76.408431611,-8.44068360099993 -76.406761736,-8.44080472599995 -76.405601611,-8.44058010099997 -76.4040149849999,-8.43967110199998 -76.4028468609999,-8.43848460199996 -76.4020343609999,-8.43794710099996 -76.400428361,-8.43746772699996 -76.3987023609999,-8.43605335199993 -76.3968324859999,-8.43382397599993 -76.3932847359999,-8.42871797699996 -76.391942361,-8.42759135199998 -76.3896249859999,-8.42633197699996 -76.3883156109999,-8.42590147599998 -76.3880911099999,-8.42582760099998 -76.387096985,-8.42550072699993 -76.3869503609999,-8.42547185199993 -76.386129861,-8.42531022699995 -76.384707111,-8.42502997699995 -76.383241485,-8.42478022699993 -76.38073836,-8.42435347599996 -76.3794049859999,-8.42409185099996 -76.379096985,-8.42395297699994 -76.377703111,-8.42332435199995 -76.3757853609999,-8.42258122599998 -76.3756654859999,-8.42205385199998 -76.375401611,-8.41944085199998 -76.3745614859999,-8.41683060199995 -76.374274986,-8.41594097699993 -76.372479986,-8.41437997599996 -76.3724148599999,-8.41393060099995 -76.372025111,-8.41331335199993 -76.3717929859999,-8.41265285099996 -76.371906735,-8.41180360099997 -76.371856236,-8.41131835199997 -76.371664111,-8.41106560199995 -76.371269736,-8.41092397599994 -76.3688938609999,-8.41111610099995 -76.3667099849999,-8.41154072699993 -76.365476486,-8.41223847699996 -76.36390936,-8.41350222599993 -76.36255461,-8.41474572599998 -76.3612199849999,-8.41642410099996 -76.3602494849999,-8.41823372599993 -76.3599306099999,-8.41919747599997 -76.359794485,-8.41960885099996 -76.358833985,-8.42141860099997 -76.3575342349999,-8.42357697599994 -76.357488361,-8.42365435099993 -76.3570444859999,-8.42441135199994 -76.3560996109999,-8.42507422699993 -76.3550097359999,-8.42534572699998 -76.353461861,-8.42546060099994 -76.353350736,-8.42546447599995 -76.3503322349999,-8.42556960199994 -76.3488569849999,-8.42548960099998 -76.346662985,-8.42497935199998 -76.34490011,-8.42476910199997 -76.342818735,-8.42454035099996 -76.34160836,-8.42449035099997 -76.3412606109999,-8.42447597599994 -76.33945936,-8.42480485099998 -76.336792486,-8.42621735099993 -76.334970985,-8.42785072699996 -76.33346811,-8.42947385099995 -76.332836985,-8.43052585099997 -76.3323259859999,-8.43178822599998 -76.3322658609999,-8.43302047699996 -76.3322351099999,-8.43318972699996 -76.3316647349999,-8.43515447599998 -76.331644486,-8.43643160199997 -76.33197461,-8.43850985199998 -76.3324003609999,-8.44063672699997 -76.332775361,-8.44266597599994 -76.332775361,-8.44403510199993 -76.3322057349999,-8.44627535199993 -76.331153861,-8.44765797599996 -76.3295012359999,-8.44955660199997 -76.329470736,-8.44960935199992 -76.3284784859999,-8.45183010199997 -76.327847611,-8.45333860199997 -76.327727361,-8.45442060099998 -76.32787761,-8.45622397699998 -76.32819361,-8.45856635099994 -76.328263611,-8.45931910099995 -76.3283586109999,-8.46034172699996 -76.328118111,-8.46190460099996 -76.327535111,-8.46288285199995 -76.326636736,-8.46378122699997 -76.325314485,-8.46444135099995 -76.3234257359999,-8.46614247599996 -76.322199236,-8.46755872599994 -76.3219039859999,-8.46895235199997 -76.32171611,-8.46983947699994 -76.3218062349999,-8.47140247699997 -76.322557735,-8.47299547599994 -76.323218986,-8.47386722699997 -76.324571486,-8.47473872699993 -76.3260978599999,-8.47521360199994 -76.327021486,-8.47592172699996 -76.3275819849999,-8.47643947599994 -76.32772736,-8.47837560099993 -76.3274268599999,-8.47990835099995 -76.324355735,-8.48819210199997 -76.322707985,-8.49236472599995 -76.322166986,-8.49373435199993 -76.321084985,-8.49493672599993 -76.318920861,-8.49607872699994 -76.315855111,-8.49710060099994 -76.3135333609999,-8.49871760199994 -76.3126392359999,-8.49971547599995 -76.3117974849999,-8.50293160099994 -76.311617236,-8.50396847699994 -76.31143686,-8.50500535099997 -76.311961235,-8.50587597699996 -76.31423211,-8.50728972699994 -76.3161546109999,-8.50853585099998 -76.31792711,-8.50948422599993 -76.319431986,-8.51102110099993 -76.320360611,-8.51342260199993 -76.321128986,-8.51579210199998 -76.321817111,-8.51757497699998 -76.32274911,-8.51939935199994 -76.3228944859999,-8.51993360099993 -76.323216735,-8.52175197599996 -76.323660111,-8.52304497599994 -76.324185486,-8.52413460099996 -76.32402536,-8.52502347599994 -76.32329686,-8.52639447699994 -76.3223281099999,-8.52692185199993 -76.3209961109999,-8.52744922699998 -76.318935611,-8.52849810199996 -76.316996111,-8.52946872599995 -76.3159453599999,-8.53043560199995 -76.314896485,-8.53233397599996 -76.3144511099999,-8.53451560099995 -76.3142867779999,-8.53536549799998 -76.31400586,-8.53681835099997 -76.31360086,-8.53905922699994 -76.313420611,-8.54134360199993 -76.3130251109999,-8.54371610099997 -76.3117681099999,-8.54678422699993 -76.310492236,-8.54873435199994 -76.308271486,-8.55006635199993 -76.3064121099999,-8.55135935199996 -76.3050409849999,-8.55261135199993 -76.303908236,-8.55422660099993 -76.302171861,-8.55689260199995 -76.300960985,-8.55875197599994 -76.30015236,-8.56060935199997 -76.2997481099999,-8.56283022699995 -76.2997891109999,-8.56497260199995 -76.300234361,-8.56646497699995 -76.301040986,-8.56816210199997 -76.3017284859999,-8.56969722699995 -76.302292985,-8.57107035199994 -76.3022538609999,-8.57208010099993 -76.301808611,-8.57361522699995 -76.301040986,-8.57430272699997 -76.300273486,-8.57442385099995 -76.298822235,-8.57446097599995 -76.296679236,-8.57377447699997 -76.295777486,-8.57296285199993 -76.2937242359999,-8.57103522599994 -76.29147461,-8.56963472599995 -76.290634736,-8.56928510199998 -76.2899863599999,-8.56903110199994 -76.289206986,-8.56893747699996 -76.2882597349999,-8.56893747699996 -76.286099361,-8.56911560099996 -76.284481485,-8.57029422699998 -76.281514736,-8.57264710199996 -76.28035861,-8.57356397699994 -76.278958985,-8.57513872699997 -76.278681611,-8.57600572699994 -76.2784647349999,-8.57746097699993 -76.278619111,-8.57814060199996 -76.279052861,-8.57928510199997 -76.280134736,-8.58043160199998 -76.281466736,-8.58126560199997 -76.2824569859999,-8.58197847699995 -76.2832597349999,-8.58250385199995 -76.284529235,-8.58327735199993 -76.285085986,-8.58417572699994 -76.2852422349999,-8.58528910199993 -76.2852714859999,-8.58658985199997 -76.2847128609999,-8.58760935099997 -76.283447235,-8.58872460199996 -76.281960985,-8.58965235099993 -76.280011735,-8.59064260199995 -76.277691235,-8.59181835099997 -76.276173861,-8.59249997699993 -76.274937611,-8.59336522699994 -76.273605486,-8.59441810199996 -76.2724609859999,-8.59537697699994 -76.271470736,-8.59686322599993 -76.270882861,-8.59791410199995 -76.270574236,-8.59921485199993 -76.270945361,-8.60042185199995 -76.271872985,-8.60147260199994 -76.272427735,-8.60237110199995 -76.2729569859999,-8.60324022699996 -76.27344561,-8.60455210099997 -76.27344561,-8.60551385099996 -76.2726641099999,-8.60671610099996 -76.2703498609999,-8.60848947599993 -76.26744761,-8.61008497699993 -76.266240236,-8.61106635199997 -76.2648788609999,-8.61211910099996 -76.26329886,-8.61348047699994 -76.262124985,-8.61490435099995 -76.26159961,-8.61635760199994 -76.26153511,-8.61737885099996 -76.262220736,-8.61867972699997 -76.2629316109999,-8.61951372599998 -76.2647557349999,-8.62078322599996 -76.266148485,-8.62183610199997 -76.267355486,-8.62301172699995 -76.268035111,-8.62443560199995 -76.26893361,-8.62582810199996 -76.269552736,-8.62749810199995 -76.269830111,-8.62895310199997 -76.269701558,-8.62964510899997 -76.269427736,-8.63111910099997 -76.2687568599999,-8.63280497599993 -76.267494485,-8.63385697699994 -76.265961611,-8.63430785199995 -76.264290361,-8.63479935199996 -76.264282236,-8.63480172699997 -76.264276111,-8.63480660199997 -76.26329486,-8.63557760199996 -76.2628014859999,-8.63645197699998 -76.262516735,-8.63734585199995 -76.262464861,-8.63829897699998 -76.26280661,-8.63990622699993 -76.2639843599999,-8.64126947599993 -76.26562311,-8.64312497699996 -76.266302735,-8.64396097699995 -76.267230486,-8.64538672599997 -76.2677266109999,-8.64662310199998 -76.268345736,-8.64816997699995 -76.268562485,-8.64943747599995 -76.268726736,-8.65101922699995 -76.268366111,-8.65273235199993 -76.267554611,-8.65429535199996 -76.266682986,-8.65504672699996 -76.2619641109999,-8.65781197599995 -76.256778235,-8.66051997599993 -76.256679736,-8.66057810099994 -76.255595736,-8.66169335199993 -76.2539863599999,-8.66351760199996 -76.252779236,-8.66531247599994 -76.25185161,-8.66784960099994 -76.2501191109999,-8.67181072699998 -76.24884961,-8.67623635199993 -76.248107235,-8.67895897599993 -76.2477968599999,-8.68084760199997 -76.2473339859999,-8.68270310199995 -76.247117111,-8.68434372699994 -76.247085985,-8.68586135199996 -76.2476426109999,-8.68706635199993 -76.248447235,-8.68743947699994 -76.249283235,-8.68784185199996 -76.250273485,-8.68774810199994 -76.251372986,-8.68736322699993 -76.252814486,-8.68689847699994 -76.2542656099999,-8.68632422699994 -76.25590436,-8.68505660199997 -76.257050735,-8.68415810099998 -76.257824236,-8.68347847699994 -76.25946486,-8.68258022699996 -76.2611972349999,-8.68208597699993 -76.262992235,-8.68220897599997 -76.2645703599999,-8.68276560199996 -76.266488236,-8.68363285199996 -76.267572236,-8.68480860199998 -76.2679433599999,-8.68573635199994 -76.26809761,-8.68666410199995 -76.2679433599999,-8.68808772699998 -76.267540985,-8.68895510099998 -76.266081986,-8.69035347699997 -76.264755736,-8.69092972699997 -76.264121111,-8.69104685199994 -76.2629316109999,-8.69108985099996 -76.2615058599999,-8.69068747599994 -76.26076361,-8.69016210199993 -76.2595253599999,-8.68944935199994 -76.2587519859999,-8.68892385199996 -76.257761736,-8.68861522699996 -76.256679735,-8.68876947599995 -76.2559941109999,-8.68916997599996 -76.254884735,-8.69006835199997 -76.25435736,-8.69127535199993 -76.25435736,-8.69508197699997 -76.2542656109999,-8.69696872699996 -76.2542656099999,-8.69888872699994 -76.254451235,-8.70043560099998 -76.255441361,-8.70235347599993 -76.2564628599999,-8.70359185099994 -76.25723636,-8.70476760199995 -76.257730485,-8.70588085099996 -76.257761735,-8.70705860199996 -76.25760736,-8.70807810199994 -76.2571269859999,-8.70937110199998 -76.2567909859999,-8.70982622699995 -76.256390735,-8.71029297699994 -76.2559218609999,-8.71066997699995 -76.255232361,-8.71103322699997 -76.25440236,-8.71138285199993 -76.25371286,-8.71168160199994 -76.25191411,-8.71204497699995 -76.250214861,-8.71278122699994 -76.2487187359999,-8.71366597699995 -76.247372986,-8.71486322699997 -76.2457267349999,-8.71658597699997 -76.244583986,-8.71767572599998 -76.243494111,-8.71917185199993 -76.2422773609999,-8.72104885199997 -76.241718861,-8.72259572599995 -76.2413886109999,-8.72393947599994 -76.24146486,-8.72571485199995 -76.2415176109999,-8.72718560199996 -76.241540986,-8.72848047699995 -76.241261735,-8.72977347699998 -76.2406288609999,-8.73137110199997 -76.2397147359999,-8.73289060199994 -76.238167985,-8.73489647599996 -76.236367236,-8.73669735199996 -76.2347442349999,-8.73834572699997 -76.23340036,-8.73948635099993 -76.232031236,-8.74083010199996 -76.231091861,-8.74182035199993 -76.230179736,-8.74280860199997 -76.229468735,-8.74407622699994 -76.2289121109999,-8.74519335199994 -76.22850586,-8.74608010199995 -76.228429736,-8.74674022699998 -76.228404235,-8.74749997699996 -76.228683611,-8.74808397599998 -76.22957036,-8.74866797699997 -76.23142186,-8.74968160199995 -76.233451235,-8.75039060099994 -76.235505861,-8.75079685199995 -76.236316361,-8.75107622599995 -76.237408236,-8.75069335199993 -76.238777361,-8.75008785199998 -76.240146486,-8.74950385099993 -76.241058611,-8.74924997599993 -76.241693235,-8.74922460099998 -76.2428593609999,-8.74942772599996 -76.2434179859999,-8.74988472699994 -76.243874986,-8.75059385199995 -76.244027361,-8.75153322699998 -76.244027361,-8.75247072699995 -76.243570361,-8.75386522699995 -76.242908235,-8.75470310199995 -76.241730735,-8.75561222699997 -76.2401051109999,-8.75620497699998 -76.23780211,-8.75672997699996 -76.234686111,-8.75705172699998 -76.23353611,-8.75756922699998 -76.2333314859999,-8.75766135199996 -76.23243386,-8.75820322699997 -76.2317057349999,-8.75915147699993 -76.2315281099999,-8.75982722699996 -76.231447236,-8.76013372699998 -76.231400986,-8.76106510199998 -76.2317057349999,-8.76184410199994 -76.23199361,-8.76213197599998 -76.2333496109999,-8.76324997699993 -76.23456636,-8.76358010199993 -76.2358867359999,-8.76365622699996 -76.237154236,-8.76375785199997 -76.2383711109999,-8.76411135199993 -76.2397402349999,-8.76522660199993 -76.2397739849999,-8.76527647699993 -76.240359235,-8.76634847599996 -76.240765486,-8.76721222699996 -76.24088411,-8.76804197599995 -76.240782485,-8.76915960199995 -76.240646985,-8.76978622699994 -76.2403804849999,-8.77025697599993 -76.2401388609999,-8.77068372699995 -76.238767361,-8.77158122699996 -76.2367734859999,-8.77268360099993 -76.235346485,-8.77391810199993 -76.233755736,-8.77570122699996 -76.232638611,-8.77719922599994 -76.23205661,-8.77844147599995 -76.2317774859999,-8.77948047599995 -76.2316503609999,-8.78092772699995 -76.232031236,-8.78204297699995 -76.23266411,-8.78313285199994 -76.2336034849999,-8.78447660199993 -76.2339082359999,-8.78551760199997 -76.234591735,-8.78719135199998 -76.235480486,-8.78924410199994 -76.2357851099999,-8.79061522699993 -76.2358613609999,-8.79175585099995 -76.235505861,-8.79315035199994 -76.2347871109999,-8.79454097699994 -76.233501986,-8.79548435199996 -76.2325644859999,-8.79593947699993 -76.231294985,-8.79624410199995 -76.230154236,-8.79629497699995 -76.2291406099999,-8.79583797699996 -76.2278457359999,-8.79459572699994 -76.22647661,-8.79348047699995 -76.224574236,-8.79211135199995 -76.223560485,-8.79142572699993 -76.2227753609999,-8.79058985099994 -76.22181061,-8.79003122699993 -76.22079686,-8.78942185199998 -76.2196797349999,-8.78909185199996 -76.21869136,-8.78878910199995 -76.217322235,-8.78835747699998 -76.216281236,-8.78751947699993 -76.2155234859999,-8.78663285099998 -76.2146582359999,-8.78460347699996 -76.214251985,-8.78336135199993 -76.2138986099999,-8.78069722699996 -76.2138711109999,-8.77932810099998 -76.213949236,-8.77732422699995 -76.2139943609999,-8.77592672699996 -76.213983486,-8.77401260199997 -76.21377236,-8.77351997699998 -76.213390611,-8.77324222699997 -76.212674486,-8.77315410199998 -76.21180186,-8.77347785199993 -76.209211985,-8.77477272699997 -76.2075652359999,-8.77509647699998 -76.2059324849999,-8.77512460199995 -76.2044263609999,-8.77471635199993 -76.202560986,-8.77376522699996 -76.202257861,-8.77352147699997 -76.2010137359999,-8.77197460199994 -76.2001777359999,-8.77088285199994 -76.199593735,-8.76966597699993 -76.199136736,-8.76806835199994 -76.198886735,-8.76535547699996 -76.1987578609999,-8.76289447699997 -76.1988086109999,-8.76144922699996 -76.198859361,-8.76005460199997 -76.1985547359999,-8.75860935199995 -76.198072236,-8.75792385199998 -76.1973378599999,-8.75731447699997 -76.196389486,-8.75706597599998 -76.195516861,-8.75705210199993 -76.194728611,-8.75747435199997 -76.192870735,-8.75890997699997 -76.190581736,-8.76039722699994 -76.190097861,-8.76071160199996 -76.1888171099999,-8.76113385199994 -76.187761485,-8.76117610199998 -76.186973236,-8.76104947699997 -76.18625536,-8.76073972599994 -76.184158235,-8.75924785199993 -76.183144736,-8.75860047699996 -76.182018736,-8.75805147699998 -76.180118611,-8.75784022699997 -76.178520985,-8.75816810199996 -76.17548686,-8.75923147699996 -76.174519485,-8.75956635099993 -76.17404686,-8.75961910199993 -76.1736464859999,-8.75938085199994 -76.173220736,-8.75925785199996 -76.172931736,-8.75910347699994 -76.1719902359999,-8.75823810199995 -76.1713964859999,-8.75785547599997 -76.170842642,-8.75764346399995 -76.170054735,-8.75734185099998 -76.16853911,-8.75715435199993 -76.167261735,-8.75684185199998 -76.166439485,-8.75641410199995 -76.16617186,-8.75604097699994 -76.165974611,-8.75542772699993 -76.1658457349999,-8.75443560199994 -76.165722611,-8.75400585199998 -76.165527361,-8.75369135199998 -76.165072235,-8.75315035199998 -76.164769485,-8.75249610199995 -76.164636736,-8.75206435199993 -76.164535111,-8.75140035199996 -76.164513735,-8.75087497599998 -76.16457811,-8.75035160199997 -76.164601611,-8.74936722699994 -76.164531236,-8.74824410199994 -76.164324235,-8.74741997699994 -76.163997985,-8.74686322699995 -76.1637654849999,-8.74659572699994 -76.163644485,-8.74627735199994 -76.1634724849999,-8.74520897699995 -76.163251986,-8.74427147699993 -76.1632303599999,-8.74392772699997 -76.1633066099999,-8.74353122599996 -76.163548861,-8.74307035199996 -76.16406836,-8.74279497699996 -76.16502136,-8.74247660199995 -76.165486361,-8.74205660099994 -76.1655878609999,-8.74189647599997 -76.16560161,-8.74177347699998 -76.165486361,-8.74108397599997 -76.16535161,-8.74076372699994 -76.1641347349999,-8.73922660199997 -76.163949235,-8.73885747699995 -76.1636016109999,-8.73763472699994 -76.163394486,-8.73644535199998 -76.1633652359999,-8.73509960199993 -76.163165986,-8.73286322599995 -76.162949235,-8.73176172699993 -76.162857236,-8.73147847699994 -76.16250386,-8.73116797699993 -76.162249985,-8.73101947699996 -76.16181636,-8.73098635199995 -76.1613711099999,-8.73106447699996 -76.160767611,-8.73126947699996 -76.158800736,-8.73232810099995 -76.158384735,-8.73250185199993 -76.1579433599999,-8.73281447699998 -76.1570976099999,-8.73327147699996 -76.156740235,-8.73326760199996 -76.1565976099999,-8.73317572699995 -76.156386735,-8.73311910199993 -76.155978486,-8.73275585199997 -76.155552735,-8.73215422699997 -76.154935485,-8.73104497699995 -76.1543711099999,-8.72972460199998 -76.15411711,-8.72893747699993 -76.153380861,-8.72738285199995 -76.1531561099999,-8.72666210199998 -76.153101485,-8.72633397699997 -76.15310736,-8.72592785199993 -76.15343361,-8.72430660199996 -76.15339636,-8.72383985199997 -76.1532402349999,-8.72317772699995 -76.153035111,-8.72279497699998 -76.152867235,-8.72259572599995 -76.1524394849999,-8.72232222699995 -76.151939485,-8.72183197699997 -76.15173636,-8.72115035199994 -76.151546861,-8.72011722699995 -76.1513203599999,-8.71944135199993 -76.150966736,-8.71874810199995 -76.150367236,-8.71797660099998 -76.1499219849999,-8.71762310199995 -76.1496406099999,-8.71753697599996 -76.14953711,-8.71755860199994 -76.1488301099999,-8.71830272699998 -76.14856636,-8.71829497599998 -76.14815236,-8.71796485199997 -76.147999985,-8.71764435199998 -76.14756836,-8.71638872699998 -76.1471484849999,-8.71497260099994 -76.146863235,-8.71427735199995 -76.146417986,-8.71345510199995 -76.14558986,-8.71219135199993 -76.145265611,-8.71143560199994 -76.145247986,-8.71119335199995 -76.145331985,-8.71090997699997 -76.1456972349999,-8.71044722699997 -76.146156235,-8.71024610099994 -76.146710986,-8.71016010199997 -76.148667986,-8.71023635199998 -76.14924611,-8.71013297699994 -76.149800735,-8.70995310199993 -76.150251985,-8.70974222599995 -76.150656236,-8.70943747699994 -76.15085936,-8.70907810199998 -76.150880861,-8.70865435099995 -76.1507656109999,-8.70837497599996 -76.150488235,-8.70792185099998 -76.150093735,-8.70757222699996 -76.149490235,-8.70728510099997 -76.1488183609999,-8.70705660099998 -76.1477284859999,-8.70680660199997 -76.147206986,-8.70663472699994 -76.1467792349999,-8.70627347699997 -76.1465663609999,-8.70591410099996 -76.146490235,-8.70547260199993 -76.1465409849999,-8.70502347699994 -76.146982485,-8.70372460099998 -76.1471132359999,-8.70333985199994 -76.1473496099999,-8.70247072699993 -76.147357235,-8.70200585199996 -76.14720511,-8.70088285199995 -76.1473652349999,-8.69951372699995 -76.14758011,-8.69835347699996 -76.147583986,-8.69760160199996 -76.1473769849999,-8.69678910199997 -76.14659961,-8.69514647699998 -76.14636136,-8.69476372699995 -76.14581836,-8.69365822699996 -76.14477536,-8.69198635199996 -76.144458985,-8.69132622599994 -76.1444023609999,-8.69108197699995 -76.14436911,-8.69036522699997 -76.144499986,-8.68984372699998 -76.144689485,-8.68937885199995 -76.1451406099999,-8.68862497699996 -76.1454238599999,-8.68786910199998 -76.145459111,-8.68746285199995 -76.1454297349999,-8.68675197599993 -76.14507811,-8.68620897699998 -76.144415986,-8.68599810199993 -76.144164111,-8.68584572699996 -76.1439726099999,-8.68566210099993 -76.1437538599999,-8.68510347599994 -76.1434999849999,-8.68360160199995 -76.143097611,-8.68256060199997 -76.142992235,-8.68245310099996 -76.142816361,-8.68204697699997 -76.142708985,-8.68190235199995 -76.142488235,-8.68173822699993 -76.1420683599999,-8.68171097599998 -76.1417929849999,-8.68186910199995 -76.1412694859999,-8.68227535199998 -76.1409784849999,-8.68227347699997 -76.14081636,-8.68215435199994 -76.140648361,-8.68172847699998 -76.140374986,-8.68046485099995 -76.1398437349999,-8.67884372699996 -76.139357361,-8.67782435199996 -76.139142611,-8.67762497699994 -76.13820111,-8.67703910199998 -76.13772261,-8.67657622699994 -76.13753911,-8.67624610199994 -76.137488235,-8.67600972699995 -76.137540985,-8.67483210199993 -76.1373887359999,-8.67461522699995 -76.1368183599999,-8.67431835099995 -76.1365312349999,-8.67405272699995 -76.1365176099999,-8.67383785199996 -76.1364979849999,-8.67364260199997 -76.1365429849999,-8.67349610199994 -76.136679736,-8.67331835099998 -76.137048861,-8.67306822699993 -76.137374985,-8.67297072599996 -76.137826111,-8.67274997699997 -76.138179736,-8.67239647699995 -76.138664111,-8.67154497699994 -76.139476611,-8.67026760199997 -76.139697236,-8.66980272699993 -76.1398534859999,-8.66928122599995 -76.139863235,-8.66841010199994 -76.139706986,-8.66715435199995 -76.139488235,-8.66664060199997 -76.138726611,-8.66573435099997 -76.138300736,-8.66541597699995 -76.13796486,-8.66527735199998 -76.1375566099999,-8.66520697699997 -76.137208986,-8.66525197699997 -76.136951111,-8.66534960199994 -76.136884735,-8.66547835099993 -76.13655661,-8.66577935199996 -76.136406236,-8.66582622699997 -76.1362734849999,-8.66580660199998 -76.13561136,-8.66535160199993 -76.13404686,-8.66399022699994 -76.133253861,-8.66336522699993 -76.132927735,-8.66301560199997 -76.132535111,-8.66241410199996 -76.13223436,-8.66214647599998 -76.1321054859999,-8.66215822699996 -76.131986361,-8.66225385199994 -76.1319373599999,-8.66242185199997 -76.131933611,-8.66267197699995 -76.13232611,-8.66385347699998 -76.1323672359999,-8.66424610099995 -76.132284985,-8.66441797699997 -76.132031236,-8.66460935199996 -76.1318672359999,-8.66464860199994 -76.1317519849999,-8.66459760099997 -76.131581985,-8.66442385199997 -76.131414111,-8.66406447699995 -76.1312089849999,-8.66379885099997 -76.131019485,-8.66363297699996 -76.13058011,-8.66340622599995 -76.130206986,-8.66311135199993 -76.13013861,-8.66277735199998 -76.130279235,-8.66212110099997 -76.1300586099999,-8.66119535199994 -76.130074236,-8.66078122699997 -76.130294861,-8.66033197699994 -76.130505861,-8.66006447699993 -76.130687485,-8.65992772699997 -76.13096286,-8.65961722699996 -76.131220736,-8.65920122599994 -76.1314667349999,-8.65839260199994 -76.1315332349999,-8.65782810199994 -76.1314531099999,-8.65724997699994 -76.13125586,-8.65678710199995 -76.1309336099999,-8.65630660199997 -76.13033011,-8.65555860199993 -76.130029236,-8.65528710199993 -76.129699235,-8.65521872699998 -76.1292499859999,-8.65541797699996 -76.128886735,-8.65569547699994 -76.128414111,-8.65623435199996 -76.1281328599999,-8.65648047699995 -76.1277909849999,-8.65656835099998 -76.127396485,-8.65659372699997 -76.12628911,-8.65650197599996 -76.1259413609999,-8.65636510199994 -76.1256679859999,-8.65618747699995 -76.1253984859999,-8.65594335199995 -76.125167985,-8.65565035099996 -76.1245156109999,-8.65442972599993 -76.1241718599999,-8.65338672699994 -76.1239707349999,-8.65302360099997 -76.123849611,-8.65292385199996 -76.123580111,-8.65284372599996 -76.123460985,-8.65287110199995 -76.123222611,-8.65308597699993 -76.12300586,-8.65361722699993 -76.1227909849999,-8.65393160099995 -76.1222558599999,-8.65389847699993 -76.121679735,-8.65374410199996 -76.121406236,-8.65371685099996 -76.12065036,-8.65403122599997 -76.120435485,-8.65405660199997 -76.11992386,-8.65387885199993 -76.11986136,-8.65368160199995 -76.119835985,-8.65310935199994 -76.1197617349999,-8.65282035199994 -76.119417985,-8.65234372599997 -76.11924411,-8.65232035199995 -76.118968735,-8.65241022599997 -76.1186406099999,-8.65264647699996 -76.118484361,-8.65286322699995 -76.118343736,-8.65320697699997 -76.118277361,-8.65373435199996 -76.118519485,-8.65473635199993 -76.118562485,-8.65513872699995 -76.118499985,-8.65535547699994 -76.1180604859999,-8.65611910199993 -76.1175957359999,-8.65654097599997 -76.115925735,-8.65757422599995 -76.115667985,-8.65766997699995 -76.115499986,-8.65768360199996 -76.1150604859999,-8.65738872699995 -76.1149726099999,-8.65713885099996 -76.114892611,-8.65660160199997 -76.114779235,-8.65630472699996 -76.11469336,-8.65621097699994 -76.11449411,-8.65618747699995 -76.11426561,-8.65627147599997 -76.113706986,-8.65669722699994 -76.1133261099999,-8.65690235099993 -76.113175735,-8.65691597699993 -76.113064486,-8.65679685199996 -76.11299611,-8.65643360199994 -76.1130898599999,-8.65600785199996 -76.113867236,-8.65486735099995 -76.11401361,-8.65452535199995 -76.114074235,-8.65416597699993 -76.114062485,-8.65392972699993 -76.1139336099999,-8.65364647699994 -76.11366011,-8.65330272699993 -76.1133398599999,-8.65306247599995 -76.11266411,-8.65301760199998 -76.111892735,-8.65318160199996 -76.1097402349999,-8.65405860199996 -76.1094003599999,-8.65406060199996 -76.1091933599999,-8.65395697599996 -76.1091386099999,-8.65380860099998 -76.109099611,-8.65342185199995 -76.109341735,-8.65286135199995 -76.1094003599999,-8.65253122699994 -76.109376986,-8.65227147699994 -76.109275236,-8.65192972699998 -76.1089551109999,-8.65138672599994 -76.108482361,-8.65084185199993 -76.107933611,-8.65038672599997 -76.107507861,-8.64985935199996 -76.107326111,-8.64949410099996 -76.107128861,-8.64880072699998 -76.10711911,-8.64823822699998 -76.107464861,-8.64578510199993 -76.107470736,-8.64508985099997 -76.107330111,-8.64422072699995 -76.107025361,-8.64300372699995 -76.106999985,-8.64245122699998 -76.107294861,-8.64114847699994 -76.1074707349999,-8.64068947699997 -76.10761711,-8.64046685099993 -76.1083906109999,-8.63983785199997 -76.109605485,-8.63872460199997 -76.1099863599999,-8.63845910199996 -76.110372985,-8.63828910199993 -76.1105781109999,-8.63829497699993 -76.1108984859999,-8.63855272699993 -76.11119336,-8.63911722699993 -76.11144136,-8.63941597699994 -76.111634736,-8.63944910199996 -76.11183786,-8.63938085199993 -76.112150361,-8.63892972599996 -76.1125371099999,-8.63778710199995 -76.112746111,-8.63719135099996 -76.11298636,-8.63661722699993 -76.113289111,-8.63616010099997 -76.1136894859999,-8.63567572699998 -76.113992235,-8.63540822699997 -76.114408236,-8.63515622699998 -76.114752111,-8.63501947699996 -76.1151016109999,-8.63496097699993 -76.11541211,-8.63496097699993 -76.115595736,-8.63506447699996 -76.115761735,-8.63529885099996 -76.11603711,-8.63635935099995 -76.116410236,-8.63699810199995 -76.116884736,-8.63726172599996 -76.1172929849999,-8.63731247599998 -76.1175448609999,-8.63711722699998 -76.1176932349999,-8.63693947599995 -76.11785936,-8.63624810199997 -76.118089861,-8.63581435199995 -76.118830111,-8.63558397699995 -76.119581985,-8.63548435199993 -76.11987886,-8.63537497599998 -76.120320361,-8.63498822699995 -76.120611361,-8.63465035199994 -76.121074236,-8.63375597699996 -76.1212246109999,-8.63316597699998 -76.121363236,-8.63200785099997 -76.12135161,-8.63161135199994 -76.120429735,-8.63036147699995 -76.120226611,-8.62999222599996 -76.12016211,-8.62974997699996 -76.120156235,-8.62951760199996 -76.1202948599999,-8.62876372599993 -76.120523485,-8.62832422699995 -76.121355486,-8.62770310199994 -76.121878861,-8.62748247599995 -76.122466735,-8.62714847699993 -76.122876861,-8.62683985099994 -76.12323236,-8.62647460199997 -76.123771485,-8.62576372599995 -76.124175736,-8.62463872599994 -76.12424011,-8.62424610099993 -76.1242031099999,-8.62410160199994 -76.1240273609999,-8.62384185199994 -76.123874985,-8.62372072699998 -76.123708985,-8.62366797599998 -76.12329886,-8.62372072699998 -76.1228711109999,-8.62403910099994 -76.12250211,-8.62424022699997 -76.122019485,-8.62425197699997 -76.1217323609999,-8.62399222699997 -76.1217499859999,-8.62365235199997 -76.1219589849999,-8.62278910199996 -76.121892611,-8.62203710199998 -76.121667985,-8.62148047699998 -76.120523486,-8.61969335199996 -76.1202929849999,-8.61906247699994 -76.120269486,-8.61882810099996 -76.12037886,-8.61839847599998 -76.120517611,-8.61820510099994 -76.120718735,-8.61805660099998 -76.1214433599999,-8.61777735099997 -76.12163086,-8.61770697699995 -76.122087861,-8.61748060199994 -76.122249986,-8.61722072599997 -76.1225781099999,-8.61647072699998 -76.1227909849999,-8.61615035199998 -76.1230878599999,-8.61583597699996 -76.123234361,-8.61557222699997 -76.1233554849999,-8.61501760099998 -76.123292985,-8.61454497699998 -76.1228378609999,-8.61395510099993 -76.122029235,-8.61342772699993 -76.121880861,-8.61325197599996 -76.12165236,-8.61283210099998 -76.121488111,-8.61174410199993 -76.12127536,-8.61118947699993 -76.120980361,-8.61070510199994 -76.1208573599999,-8.61040235099995 -76.120804735,-8.60954297699993 -76.1209062349999,-8.60912497699996 -76.1211308599999,-8.60875972599996 -76.121314486,-8.60861910099993 -76.1217207349999,-8.60847260099996 -76.122150361,-8.60839060099994 -76.1236288599999,-8.60866797599994 -76.123775361,-8.60865435199997 -76.1239589849999,-8.60851947699996 -76.124031235,-8.60825785199995 -76.124046861,-8.60793360199995 -76.1238944849999,-8.60714647699996 -76.12388286,-8.60663472699997 -76.124068361,-8.60567185099995 -76.1241718599999,-8.60539260199994 -76.124355485,-8.60510347699994 -76.1245078599999,-8.60449997599994 -76.124529235,-8.60357222699997 -76.124402361,-8.60278510199993 -76.1230683599999,-8.59973622699994 -76.122943361,-8.59857035199997 -76.1231093599999,-8.59699222699993 -76.12308011,-8.59588085099995 -76.122978486,-8.59458197699996 -76.12286911,-8.59397460099996 -76.121888735,-8.59209572699996 -76.1205722349999,-8.59059585199998 -76.1203047349999,-8.59021485199997 -76.12018361,-8.58992572699998 -76.12016011,-8.58956247699996 -76.1203437349999,-8.58929097699996 -76.120460985,-8.58919135199994 -76.1209532359999,-8.58921685199994 -76.122072235,-8.58948047599995 -76.12263286,-8.58946285099995 -76.123054735,-8.58933397599998 -76.1236894849999,-8.58883010199997 -76.123904236,-8.58837697599995 -76.124126986,-8.58750785099994 -76.12455661,-8.58667572699994 -76.124898485,-8.58625585199997 -76.126300735,-8.58487497699997 -76.12689261,-8.58409185199997 -76.1270117349999,-8.58370297699997 -76.127074235,-8.58326760199998 -76.127062485,-8.58247847699994 -76.127189486,-8.58183010199997 -76.1272167349999,-8.58168160099996 -76.12743161,-8.58132222699993 -76.128095735,-8.58070310199997 -76.129673861,-8.58006247699996 -76.1301269849999,-8.57976947699996 -76.130542985,-8.57937497599994 -76.130939486,-8.57856447699993 -76.1312519849999,-8.57809372699995 -76.132779236,-8.57645310199996 -76.133878861,-8.57473822599997 -76.1344491099999,-8.57348435199998 -76.134679736,-8.57255660099997 -76.13468161,-8.57190822699994 -76.134554861,-8.57111910099997 -76.134083985,-8.57000785099996 -76.134040985,-8.56951372699996 -76.1342851109999,-8.56894135099998 -76.134712861,-8.56834960099997 -76.13493361,-8.56790622599993 -76.135021486,-8.56730472699996 -76.13498636,-8.56642385199996 -76.134835986,-8.56607222599996 -76.1345663609999,-8.56544722599995 -76.134353486,-8.56511135099993 -76.134144486,-8.56464647599995 -76.1336777349999,-8.56398047599993 -76.132460985,-8.56244922599996 -76.131980485,-8.56160160199994 -76.13168361,-8.56059572699996 -76.131447236,-8.55917385099997 -76.1309453599999,-8.55790435199998 -76.1305937349999,-8.55686322699995 -76.1303554849999,-8.55589647699998 -76.130345736,-8.55521685199994 -76.130468736,-8.55470897699996 -76.1312519849999,-8.55422660199997 -76.1317167349999,-8.55381835099996 -76.131886736,-8.55350785099995 -76.131988236,-8.55319922699994 -76.1320117349999,-8.55281635099993 -76.13184961,-8.55259185199998 -76.131462861,-8.55256635199993 -76.131247985,-8.55267585199994 -76.130966735,-8.55293160099995 -76.130560485,-8.55315435199998 -76.13022461,-8.55317972699993 -76.129831985,-8.55298435099996 -76.1294667349999,-8.55254497699997 -76.12918536,-8.55204497699998 -76.128343735,-8.54971485199997 -76.127997985,-8.54886135199996 -76.127388611,-8.54690035099998 -76.1269843599999,-8.54621097599994 -76.1264979859999,-8.54571097699994 -76.126396485,-8.54541797599995 -76.126386735,-8.54507422699993 -76.126464861,-8.54464260199995 -76.1270644849999,-8.54325585199996 -76.1273027349999,-8.54260347699994 -76.127425736,-8.54178710099995 -76.127429736,-8.54122072699994 -76.12710736,-8.53899410199995 -76.127083985,-8.53823047699996 -76.12722261,-8.53710547599997 -76.1275781099999,-8.53575960199993 -76.127984361,-8.53343947599996 -76.1281523599999,-8.53292972699995 -76.1284179849999,-8.53241597699997 -76.128581985,-8.53227735199994 -76.128847611,-8.53192772699998 -76.129374986,-8.53148047699995 -76.130257861,-8.53105485199995 -76.130585986,-8.53075385099993 -76.130839985,-8.53040035099997 -76.1309609859999,-8.53012697699995 -76.131078111,-8.52952347599995 -76.131175736,-8.52845697699996 -76.1311542349999,-8.52771497599997 -76.131070361,-8.52747660199998 -76.13082036,-8.52715822699997 -76.130187485,-8.52663672699993 -76.12903911,-8.52595310199996 -76.12865236,-8.52565235199995 -76.128279236,-8.52521685199997 -76.127882861,-8.52453910199995 -76.127724611,-8.52413085099994 -76.1275624849999,-8.52348247699996 -76.1273261109999,-8.52167585199993 -76.127374985,-8.52033010199995 -76.127429736,-8.51986722699996 -76.12742386,-8.51931060199996 -76.127372985,-8.51898635099997 -76.127263611,-8.51866210199995 -76.127105485,-8.51839260199995 -76.126384736,-8.51764647699997 -76.1261698599999,-8.51721485099995 -76.126085986,-8.51693747699994 -76.126021485,-8.51633397599994 -76.12606836,-8.51563872699995 -76.1262422349999,-8.51489647599993 -76.1265429859999,-8.51401560099993 -76.126595736,-8.51350385199993 -76.126585986,-8.51294722699993 -76.1264569849999,-8.51192772599995 -76.126130861,-8.51044535099993 -76.12609761,-8.50947260099997 -76.126312485,-8.50803322599995 -76.126937486,-8.50585160099996 -76.127085985,-8.50510935099993 -76.12706836,-8.50432222699993 -76.12677536,-8.50316410199997 -76.126158236,-8.50131235199996 -76.1259336099999,-8.49999997699996 -76.1259003599999,-8.49977735199997 -76.12595311,-8.49957810099994 -76.1261757349999,-8.49923435099993 -76.126433611,-8.49900785199998 -76.12654886,-8.49865435099997 -76.126540986,-8.49848247599994 -76.126304736,-8.49795897599995 -76.1262442359999,-8.49766997599994 -76.1262051109999,-8.49691797599996 -76.1262442349999,-8.49667385199996 -76.1266933599999,-8.49588660199993 -76.1271054859999,-8.49556060199995 -76.127365235,-8.49547847699995 -76.1278984849999,-8.49504097599993 -76.1281288599999,-8.49472460199996 -76.128265611,-8.49422660199997 -76.1286854859999,-8.49221485099997 -76.1288904849999,-8.48960347599996 -76.128941361,-8.48878322699994 -76.1290429859999,-8.48765610199996 -76.129402361,-8.48663285099997 -76.1292461099999,-8.48558197599993 -76.129246111,-8.48478122599994 -76.12932036,-8.48421872599994 -76.129470736,-8.48359572599998 -76.1298808609999,-8.48260935199994 -76.130210985,-8.48036522599995 -76.1301172349999,-8.47851372699995 -76.1301172349999,-8.47683010199995 -76.1300683599999,-8.47566597699995 -76.130283235,-8.47485935099996 -76.130519486,-8.47424222699993 -76.130482361,-8.47307035199998 -76.130576111,-8.47163285099998 -76.13025211,-8.47010347699995 -76.1303437349999,-8.46945310099994 -76.1306211099999,-8.46861910199993 -76.1306679849999,-8.46787697699995 -76.130441236,-8.46721110199996 -76.1298632359999,-8.46668947599994 -76.1286464849999,-8.46582035099993 -76.127718736,-8.46495122699997 -76.12766011,-8.46431447699996 -76.1278926109999,-8.46373435199996 -76.128240236,-8.46269135099993 -76.12829886,-8.46170710199993 -76.12818161,-8.46083785099995 -76.12847261,-8.45927360199994 -76.1284726109999,-8.45817185199996 -76.128646486,-8.45710160199997 -76.12806836,-8.45531247599996 -76.126869111,-8.45417185199994 -76.126412111,-8.45365622599996 -76.126011736,-8.45285747699995 -76.125976486,-8.45188085099994 -76.12510736,-8.45079297599995 -76.1245879859999,-8.44987497699998 -76.123490235,-8.44849810099993 -76.1225586099999,-8.44758197699997 -76.121117236,-8.44660935099995 -76.1207129859999,-8.44643947699996 -76.1189198609999,-8.44494922699994 -76.117759736,-8.44374610099993 -76.117406235,-8.44317385099993 -76.1169316099999,-8.44217772599995 -76.11704686,-8.44092185199997 -76.11738861,-8.43977935199996 -76.117789111,-8.43823822699994 -76.1178964859999,-8.43670510099997 -76.11824611,-8.43538272699993 -76.1186444859999,-8.43401172599994 -76.118759736,-8.43275585099997 -76.11882036,-8.43041222599993 -76.118117236,-8.42852147599996 -76.1166698599999,-8.42599810099995 -76.1150507359999,-8.42370122599993 -76.113486361,-8.42198435199998 -76.111089861,-8.41975785199998 -76.1094101099999,-8.41778710099993 -76.108714861,-8.41599022699995 -76.1085976109999,-8.41396285199994 -76.109292986,-8.40990622599998 -76.109814485,-8.40776372699997 -76.110105485,-8.40648822699995 -76.110394485,-8.40486510099993 -76.1099882359999,-8.40289647599997 -76.109583985,-8.40208397699996 -76.10883011,-8.40138885099998 -76.1080193609999,-8.40069335199996 -76.107941361,-8.40034185199994 -76.1077871099999,-8.39901372699995 -76.10790236,-8.39773822599994 -76.108656235,-8.39611722599994 -76.109466735,-8.39414647699994 -76.109699236,-8.39281447699994 -76.1099882359999,-8.39153910099998 -76.110742235,-8.38991797599994 -76.111437485,-8.38875785099998 -76.1121913599999,-8.38783197599997 -76.11282811,-8.38649810099997 -76.11323436,-8.38522460099995 -76.11323436,-8.38423822699997 -76.11282811,-8.38348635099993 -76.1119589849999,-8.38232622599998 -76.111089861,-8.38145697599998 -76.110206986,-8.38038085199997 -76.109911986,-8.38013672699998 -76.1091659849999,-8.37961322599995 -76.110402861,-8.37845510199998 -76.111133735,-8.37769460099997 -76.112220361,-8.37655235099993 -76.113028486,-8.37501985099993 -76.113613485,-8.37421172599994 -76.114588735,-8.37365447599996 -76.116065486,-8.37312510099997 -76.1174447349999,-8.37302760199998 -76.118923611,-8.37306160199995 -76.1197963609999,-8.37250222699993 -76.120630235,-8.37157635099993 -76.1211709849999,-8.37011385099993 -76.1212393599999,-8.36992910099997 -76.122172486,-8.36834535199995 -76.1230818609999,-8.36680185099993 -76.12473611,-8.36521222699997 -76.1259727359999,-8.36380310199996 -76.126569861,-8.36312260099993 -76.127330361,-8.36118097699995 -76.12756361,-8.36092547599998 -76.127722236,-8.36075172699998 -76.12822611,-8.36052772699998 -76.1290963609999,-8.36071097699994 -76.1267619829999,-8.35881727699996 -76.1257854789999,-8.35727111699993 -76.124614574,-8.35572550499995 -76.123833051,-8.35437240099998 -76.12304932,-8.35224482999996 -76.121877888,-8.35050558999995 -76.119543332,-8.34993134199993 -76.117792556,-8.34954904999995 -76.1160390319999,-8.34819866699996 -76.1150620509999,-8.34645885399993 -76.114084529,-8.34452541999997 -76.112523256,-8.34240000199998 -76.1113529949999,-8.34104795399998 -76.110568272,-8.33853310999996 -76.109397486,-8.33698743699995 -76.108811004,-8.33582736399995 -76.105894974,-8.33583550199995 -76.103367202,-8.33564892099997 -76.1000585739999,-8.33430277299993 -76.098501739,-8.33372622699994 -76.0953891569999,-8.33296035199993 -76.092859787,-8.33219284499995 -76.088576534,-8.32988117399998 -76.0870165219999,-8.32814286599995 -76.084877593,-8.32795509499994 -76.082353057,-8.32893008599996 -76.080022376,-8.32971091499996 -76.078860215,-8.33126303999995 -76.0763377549999,-8.33301247399993 -76.073618228,-8.33379432399994 -76.070312845,-8.33360963099994 -76.0680267659999,-8.33293811599998 -76.066616032,-8.33245785599996 -76.0647200779999,-8.33226932399998 -76.063593736,-8.33215235099993 -76.06290036,-8.33173822599997 -76.062392611,-8.33127535099993 -76.061562486,-8.33086135099995 -76.0605624849999,-8.33055072599996 -76.059208986,-8.32993747699993 -76.057455111,-8.32956835099998 -76.056347611,-8.32929097699997 -76.05519336,-8.32961522599993 -76.0539472359999,-8.33035347599997 -76.052654235,-8.33159960199993 -76.0511093599999,-8.33385160099994 -76.050994111,-8.33436910199993 -76.049384736,-8.33799222599993 -76.048980485,-8.33889847599994 -76.0486172349999,-8.33969335199993 -76.047789111,-8.34050385099994 -76.047271485,-8.34091797599996 -76.04692761,-8.34114260099994 -76.04644336,-8.34133197699998 -76.045167986,-8.34143560099994 -76.0436152349999,-8.34152147599997 -76.042595735,-8.34159185199997 -76.04233786,-8.34152147599997 -76.042078111,-8.34138472599994 -76.041406235,-8.34083197699994 -76.041199236,-8.34012497699996 -76.041181735,-8.33915822699993 -76.041249985,-8.33824410199998 -76.0416641099999,-8.33691597699993 -76.0416464849999,-8.33617385199994 -76.04138861,-8.33527522599996 -76.04113086,-8.33456635199997 -76.040322236,-8.33290235099997 -76.039624986,-8.33192772599995 -76.038060485,-8.33061135099996 -76.035980486,-8.32941010199994 -76.0347069859999,-8.32920122599995 -76.0330624859999,-8.32928122699997 -76.030419861,-8.32930860099998 -76.027886736,-8.32906635099994 -76.02667386,-8.32855272599994 -76.02626961,-8.32825785099993 -76.02594536,-8.32763672599998 -76.02556836,-8.32690822599994 -76.0254961099999,-8.32558397599996 -76.02523636,-8.32501560199995 -76.02479686,-8.32445697599996 -76.02409761,-8.32403710099993 -76.02355861,-8.32379685199993 -76.022599611,-8.32353710199993 -76.021478687,-8.32245068699996 -76.020587684,-8.32134723499996 -76.01977146,-8.32053845399997 -76.0182906599999,-8.32032110199998 -76.016439995,-8.32017840599997 -76.014735835,-8.31944559799996 -76.013400791,-8.31834326099994 -76.0125838289999,-8.31723959899995 -76.0119870139999,-8.31539821299998 -76.011464405,-8.31363035199996 -76.0100548139999,-8.31230704099994 -76.009532784,-8.31076032299995 -76.008492127,-8.30899376999997 -76.007227385,-8.30641689799995 -76.0060389229999,-8.30472442599995 -76.004855907,-8.30516971199995</coordinates></LinearRing></outerBoundaryIs><innerBoundaryIs><LinearRing><coordinates>-75.915986888,-9.56029330599995 -75.9165387899999,-9.56055189099993 -75.9159299849999,-9.56035997799995 -75.915986888,-9.56029330599995</coordinates></LinearRing></innerBoundaryIs></Polygon></MultiGeometry>
  </Placemark>
</Folder>
</Document></kml>
